stage,world,seed,layout_seconds,success,assembly_attempts,candidate_attempts,overlap_comparisons
A,VERDANT_VALLEY,1,0.000122200,true,1,12,61
A,VERDANT_VALLEY,2,0.000102000,true,1,12,65
A,VERDANT_VALLEY,3,0.000096900,true,1,13,67
A,VERDANT_VALLEY,4,0.000127600,true,1,19,156
A,VERDANT_VALLEY,5,0.000219600,true,2,30,213
A,VERDANT_VALLEY,6,0.000111500,true,1,17,103
A,VERDANT_VALLEY,7,0.000143500,true,1,19,146
A,VERDANT_VALLEY,8,0.000111600,true,1,17,112
A,VERDANT_VALLEY,9,0.000232400,true,2,35,274
A,VERDANT_VALLEY,10,0.000122600,true,1,17,112
A,VERDANT_VALLEY,11,0.000140800,true,1,19,190
A,VERDANT_VALLEY,12,0.000086700,true,1,11,56
A,VERDANT_VALLEY,13,0.000120300,true,1,17,141
A,VERDANT_VALLEY,14,0.000086500,true,1,10,49
A,VERDANT_VALLEY,15,0.000262100,true,2,41,305
A,VERDANT_VALLEY,16,0.000085600,true,1,12,64
A,VERDANT_VALLEY,17,0.000105300,true,1,16,91
A,VERDANT_VALLEY,18,0.000087500,true,1,13,83
A,VERDANT_VALLEY,19,0.000102000,true,1,16,105
A,VERDANT_VALLEY,20,0.000173900,true,2,27,149
A,VERDANT_VALLEY,21,0.000131600,true,1,23,154
A,VERDANT_VALLEY,22,0.000080800,true,1,10,49
A,VERDANT_VALLEY,23,0.000109200,true,1,15,78
A,VERDANT_VALLEY,24,0.000108600,true,1,18,117
A,VERDANT_VALLEY,25,0.000132600,true,1,21,162
A,VERDANT_VALLEY,26,0.000119300,true,1,17,141
A,VERDANT_VALLEY,27,0.000080200,true,1,11,48
A,VERDANT_VALLEY,28,0.000123700,true,1,21,172
A,VERDANT_VALLEY,29,0.000105800,true,1,17,122
A,VERDANT_VALLEY,30,0.000098000,true,1,16,97
A,VERDANT_VALLEY,31,0.000092900,true,1,13,85
A,VERDANT_VALLEY,32,0.000437900,true,3,66,464
A,VERDANT_VALLEY,33,0.000084300,true,1,10,52
A,VERDANT_VALLEY,34,0.000257700,true,2,24,110
A,VERDANT_VALLEY,35,0.000092400,true,1,13,63
A,VERDANT_VALLEY,36,0.000112200,true,1,16,115
A,VERDANT_VALLEY,37,0.000109300,true,1,15,87
A,VERDANT_VALLEY,38,0.000107600,true,1,17,128
A,VERDANT_VALLEY,39,0.000086900,true,1,12,65
A,VERDANT_VALLEY,40,0.000084200,true,1,12,55
A,VERDANT_VALLEY,41,0.000132800,true,1,16,111
A,VERDANT_VALLEY,42,0.000120100,true,1,17,128
A,VERDANT_VALLEY,43,0.000137500,true,1,19,178
A,VERDANT_VALLEY,44,0.000092700,true,1,12,53
A,VERDANT_VALLEY,45,0.000095600,true,1,13,70
A,VERDANT_VALLEY,46,0.000154600,true,1,22,207
A,VERDANT_VALLEY,47,0.000091400,true,1,12,59
A,VERDANT_VALLEY,48,0.000085100,true,1,10,55
A,VERDANT_VALLEY,49,0.000132600,true,1,20,171
A,VERDANT_VALLEY,50,0.000255500,true,2,35,269
A,VERDANT_VALLEY,51,0.000118200,true,1,16,79
A,VERDANT_VALLEY,52,0.000163500,true,1,12,60
A,VERDANT_VALLEY,53,0.000190200,true,1,22,158
A,VERDANT_VALLEY,54,0.000089300,true,1,11,58
A,VERDANT_VALLEY,55,0.000109300,true,1,17,101
A,VERDANT_VALLEY,56,0.000086200,true,1,12,57
A,VERDANT_VALLEY,57,0.000117400,true,1,11,52
A,VERDANT_VALLEY,58,0.000126300,true,1,20,155
A,VERDANT_VALLEY,59,0.000085000,true,1,14,75
A,VERDANT_VALLEY,60,0.000113300,true,1,18,141
A,VERDANT_VALLEY,61,0.000088000,true,1,15,84
A,VERDANT_VALLEY,62,0.000318400,true,3,58,423
A,VERDANT_VALLEY,63,0.000086800,true,1,13,85
A,VERDANT_VALLEY,64,0.000084800,true,1,14,83
A,VERDANT_VALLEY,65,0.000087300,true,1,16,71
A,VERDANT_VALLEY,66,0.000216400,true,2,37,320
A,VERDANT_VALLEY,67,0.000101900,true,1,16,108
A,VERDANT_VALLEY,68,0.000097800,true,1,16,103
A,VERDANT_VALLEY,69,0.000085500,true,1,14,68
A,VERDANT_VALLEY,70,0.000202700,true,2,35,228
A,VERDANT_VALLEY,71,0.000110800,true,1,16,115
A,VERDANT_VALLEY,72,0.000318600,true,1,10,48
A,VERDANT_VALLEY,73,0.000486800,true,1,24,161
A,VERDANT_VALLEY,74,0.000139200,true,1,12,56
A,VERDANT_VALLEY,75,0.000179700,true,1,14,105
A,VERDANT_VALLEY,76,0.000207100,true,1,22,169
A,VERDANT_VALLEY,77,0.000146700,true,1,13,66
A,VERDANT_VALLEY,78,0.000103900,true,1,12,64
A,VERDANT_VALLEY,79,0.000128800,true,1,19,127
A,VERDANT_VALLEY,80,0.000088900,true,1,13,71
A,VERDANT_VALLEY,81,0.000089100,true,1,13,70
A,VERDANT_VALLEY,82,0.000165000,true,2,30,122
A,VERDANT_VALLEY,83,0.000104700,true,1,14,79
A,VERDANT_VALLEY,84,0.000093200,true,1,13,70
A,VERDANT_VALLEY,85,0.000198600,true,2,35,224
A,VERDANT_VALLEY,86,0.000088900,true,1,14,105
A,VERDANT_VALLEY,87,0.000125000,true,1,18,131
A,VERDANT_VALLEY,88,0.000129100,true,1,21,143
A,VERDANT_VALLEY,89,0.000093100,true,1,10,55
A,VERDANT_VALLEY,90,0.000110700,true,1,14,105
A,VERDANT_VALLEY,91,0.000100300,true,1,16,76
A,VERDANT_VALLEY,92,0.000147400,true,1,24,211
A,VERDANT_VALLEY,93,0.000107700,true,1,15,120
A,VERDANT_VALLEY,94,0.000129200,true,1,16,124
A,VERDANT_VALLEY,95,0.000263100,true,2,36,266
A,VERDANT_VALLEY,96,0.000098100,true,1,15,75
A,VERDANT_VALLEY,97,0.000230000,true,2,36,237
A,VERDANT_VALLEY,98,0.000086100,true,1,11,62
A,VERDANT_VALLEY,99,0.000185700,true,2,29,150
A,VERDANT_VALLEY,100,0.000097900,true,1,16,84
A,VERDANT_VALLEY,101,0.000090500,true,1,15,72
A,VERDANT_VALLEY,102,0.000088100,true,1,13,64
A,VERDANT_VALLEY,103,0.000231200,true,2,39,271
A,VERDANT_VALLEY,104,0.000119300,true,1,16,116
A,VERDANT_VALLEY,105,0.000272500,true,2,50,366
A,VERDANT_VALLEY,106,0.000109300,true,1,18,108
A,VERDANT_VALLEY,107,0.000080000,true,1,12,61
A,VERDANT_VALLEY,108,0.000086400,true,1,15,69
A,VERDANT_VALLEY,109,0.000238800,true,2,40,234
A,VERDANT_VALLEY,110,0.000108700,true,1,15,96
A,VERDANT_VALLEY,111,0.000089300,true,1,12,53
A,VERDANT_VALLEY,112,0.000103500,true,1,14,97
A,VERDANT_VALLEY,113,0.000237900,true,2,40,252
A,VERDANT_VALLEY,114,0.000089600,true,1,12,52
A,VERDANT_VALLEY,115,0.000099400,true,1,15,97
A,VERDANT_VALLEY,116,0.000123300,true,1,19,178
A,VERDANT_VALLEY,117,0.000130900,true,1,16,115
A,VERDANT_VALLEY,118,0.000100100,true,1,15,120
A,VERDANT_VALLEY,119,0.000089600,true,1,14,71
A,VERDANT_VALLEY,120,0.000084600,true,1,12,61
A,VERDANT_VALLEY,121,0.000085700,true,1,12,64
A,VERDANT_VALLEY,122,0.000153600,true,2,22,99
A,VERDANT_VALLEY,123,0.000101600,true,1,18,103
A,VERDANT_VALLEY,124,0.000135100,true,1,21,196
A,VERDANT_VALLEY,125,0.000244000,true,2,38,250
A,VERDANT_VALLEY,126,0.000145400,true,1,21,102
A,VERDANT_VALLEY,127,0.000093300,true,1,14,85
A,VERDANT_VALLEY,128,0.000270200,true,3,40,227
A,VERDANT_VALLEY,129,0.000079300,true,1,11,53
A,VERDANT_VALLEY,130,0.000084300,true,1,11,58
A,VERDANT_VALLEY,131,0.000133100,true,1,20,172
A,VERDANT_VALLEY,132,0.000085400,true,1,10,48
A,VERDANT_VALLEY,133,0.000097700,true,1,15,76
A,VERDANT_VALLEY,134,0.000116800,true,1,13,61
A,VERDANT_VALLEY,135,0.000276100,true,2,33,213
A,VERDANT_VALLEY,136,0.000108500,true,1,14,86
A,VERDANT_VALLEY,137,0.000106700,true,1,14,82
A,VERDANT_VALLEY,138,0.000095800,true,1,12,64
A,VERDANT_VALLEY,139,0.000150300,true,1,17,153
A,VERDANT_VALLEY,140,0.000201500,true,1,19,190
A,VERDANT_VALLEY,141,0.000270000,true,2,31,153
A,VERDANT_VALLEY,142,0.000130300,true,1,14,90
A,VERDANT_VALLEY,143,0.000130300,true,1,16,81
A,VERDANT_VALLEY,144,0.000118200,true,1,15,98
A,VERDANT_VALLEY,145,0.000240800,true,2,27,148
A,VERDANT_VALLEY,146,0.000092400,true,1,12,51
A,VERDANT_VALLEY,147,0.000080500,true,1,13,62
A,VERDANT_VALLEY,148,0.000076100,true,1,11,57
A,VERDANT_VALLEY,149,0.000076100,true,1,12,58
A,VERDANT_VALLEY,150,0.000094500,true,1,16,109
A,VERDANT_VALLEY,151,0.000080900,true,1,12,66
A,VERDANT_VALLEY,152,0.000073800,true,1,11,56
A,VERDANT_VALLEY,153,0.000093100,true,1,16,101
A,VERDANT_VALLEY,154,0.000082900,true,1,13,67
A,VERDANT_VALLEY,155,0.000094400,true,1,16,107
A,VERDANT_VALLEY,156,0.000093400,true,1,18,99
A,VERDANT_VALLEY,157,0.000087100,true,1,14,95
A,VERDANT_VALLEY,158,0.000189100,true,2,35,212
A,VERDANT_VALLEY,159,0.000125800,true,1,13,65
A,VERDANT_VALLEY,160,0.000088500,true,1,14,73
A,VERDANT_VALLEY,161,0.000078800,true,1,11,62
A,VERDANT_VALLEY,162,0.000090700,true,1,15,104
A,VERDANT_VALLEY,163,0.000232800,true,2,40,308
A,VERDANT_VALLEY,164,0.000108100,true,1,21,125
A,VERDANT_VALLEY,165,0.000075100,true,1,11,61
A,VERDANT_VALLEY,166,0.000109200,true,1,15,90
A,VERDANT_VALLEY,167,0.000087100,true,1,15,81
A,VERDANT_VALLEY,168,0.000076800,true,1,11,57
A,VERDANT_VALLEY,169,0.000132700,true,1,26,215
A,VERDANT_VALLEY,170,0.000192200,true,2,33,205
A,VERDANT_VALLEY,171,0.000203900,true,2,38,264
A,VERDANT_VALLEY,172,0.000089600,true,1,15,91
A,VERDANT_VALLEY,173,0.000090200,true,1,15,90
A,VERDANT_VALLEY,174,0.000093100,true,1,15,97
A,VERDANT_VALLEY,175,0.000082700,true,1,12,78
A,VERDANT_VALLEY,176,0.000076500,true,1,10,52
A,VERDANT_VALLEY,177,0.000103900,true,1,18,97
A,VERDANT_VALLEY,178,0.000085400,true,1,12,78
A,VERDANT_VALLEY,179,0.000101300,true,1,17,100
A,VERDANT_VALLEY,180,0.000211200,true,2,37,239
A,VERDANT_VALLEY,181,0.000103000,true,1,16,112
A,VERDANT_VALLEY,182,0.000113400,true,1,19,154
A,VERDANT_VALLEY,183,0.000184300,true,2,29,206
A,VERDANT_VALLEY,184,0.000089400,true,1,15,91
A,VERDANT_VALLEY,185,0.000082100,true,1,11,58
A,VERDANT_VALLEY,186,0.000193200,true,2,35,243
A,VERDANT_VALLEY,187,0.000096900,true,1,18,102
A,VERDANT_VALLEY,188,0.000082900,true,1,14,71
A,VERDANT_VALLEY,189,0.000078100,true,1,12,66
A,VERDANT_VALLEY,190,0.000114200,true,1,22,156
A,VERDANT_VALLEY,191,0.000093100,true,1,14,88
A,VERDANT_VALLEY,192,0.000098400,true,1,18,103
A,VERDANT_VALLEY,193,0.000158500,true,2,25,156
A,VERDANT_VALLEY,194,0.000076000,true,1,11,58
A,VERDANT_VALLEY,195,0.000103200,true,1,17,139
A,VERDANT_VALLEY,196,0.000088600,true,1,14,69
A,VERDANT_VALLEY,197,0.000094000,true,1,15,108
A,VERDANT_VALLEY,198,0.000084100,true,1,12,67
A,VERDANT_VALLEY,199,0.000229200,true,2,52,253
A,VERDANT_VALLEY,200,0.000124000,true,1,18,171
A,VERDANT_VALLEY,201,0.000092700,true,1,15,95
A,VERDANT_VALLEY,202,0.000137800,true,1,23,205
A,VERDANT_VALLEY,203,0.000113000,true,1,15,120
A,VERDANT_VALLEY,204,0.000104400,true,1,20,95
A,VERDANT_VALLEY,205,0.000095000,true,1,16,96
A,VERDANT_VALLEY,206,0.000102700,true,1,15,101
A,VERDANT_VALLEY,207,0.000103400,true,1,20,105
A,VERDANT_VALLEY,208,0.000206200,true,2,37,217
A,VERDANT_VALLEY,209,0.000085300,true,1,12,54
A,VERDANT_VALLEY,210,0.000088000,true,1,13,69
A,VERDANT_VALLEY,211,0.000111500,true,1,20,134
A,VERDANT_VALLEY,212,0.000113600,true,1,15,89
A,VERDANT_VALLEY,213,0.000096700,true,1,14,74
A,VERDANT_VALLEY,214,0.000099500,true,1,15,96
A,VERDANT_VALLEY,215,0.000100100,true,1,17,100
A,VERDANT_VALLEY,216,0.000109900,true,1,19,125
A,VERDANT_VALLEY,217,0.000086200,true,1,15,68
A,VERDANT_VALLEY,218,0.000084700,true,1,14,74
A,VERDANT_VALLEY,219,0.000083400,true,1,14,69
A,VERDANT_VALLEY,220,0.000105400,true,1,17,129
A,VERDANT_VALLEY,221,0.000089800,true,1,12,64
A,VERDANT_VALLEY,222,0.000086500,true,1,13,60
A,VERDANT_VALLEY,223,0.000221500,true,2,42,254
A,VERDANT_VALLEY,224,0.000186700,true,2,29,207
A,VERDANT_VALLEY,225,0.000120000,true,1,18,154
A,VERDANT_VALLEY,226,0.000226100,true,2,40,305
A,VERDANT_VALLEY,227,0.000104700,true,1,18,132
A,VERDANT_VALLEY,228,0.000229000,true,2,43,314
A,VERDANT_VALLEY,229,0.000123900,true,1,21,172
A,VERDANT_VALLEY,230,0.000097500,true,1,15,112
A,VERDANT_VALLEY,231,0.000119200,true,1,14,84
A,VERDANT_VALLEY,232,0.000096500,true,1,14,76
A,VERDANT_VALLEY,233,0.000108800,true,1,14,61
A,VERDANT_VALLEY,234,0.000102100,true,1,18,99
A,VERDANT_VALLEY,235,0.000088800,true,1,12,65
A,VERDANT_VALLEY,236,0.000211400,true,2,37,230
A,VERDANT_VALLEY,237,0.000098400,true,1,11,59
A,VERDANT_VALLEY,238,0.000134800,true,1,19,178
A,VERDANT_VALLEY,239,0.000238600,true,1,16,93
A,VERDANT_VALLEY,240,0.000131000,true,1,15,78
A,VERDANT_VALLEY,241,0.000100600,true,1,13,66
A,VERDANT_VALLEY,242,0.000124800,true,1,18,110
A,VERDANT_VALLEY,243,0.000151800,true,1,21,196
A,VERDANT_VALLEY,244,0.000114700,true,1,15,99
A,VERDANT_VALLEY,245,0.000103000,true,1,16,77
A,VERDANT_VALLEY,246,0.000119700,true,1,17,125
A,VERDANT_VALLEY,247,0.000171500,true,2,21,96
A,VERDANT_VALLEY,248,0.000089300,true,1,13,65
A,VERDANT_VALLEY,249,0.000106100,true,1,17,90
A,VERDANT_VALLEY,250,0.000237700,true,2,36,249
A,VERDANT_VALLEY,251,0.000132000,true,1,19,157
A,VERDANT_VALLEY,252,0.000131300,true,1,18,121
A,VERDANT_VALLEY,253,0.000093000,true,1,10,51
A,VERDANT_VALLEY,254,0.000097000,true,1,12,68
A,VERDANT_VALLEY,255,0.000101800,true,1,11,56
A,VERDANT_VALLEY,256,0.000160100,true,1,21,212
A,VERDANT_VALLEY,257,0.000248100,true,1,20,143
A,VERDANT_VALLEY,258,0.000197700,true,1,14,85
A,VERDANT_VALLEY,259,0.000120100,true,1,19,159
A,VERDANT_VALLEY,260,0.000116900,true,1,20,125
A,VERDANT_VALLEY,261,0.000079800,true,1,10,49
A,VERDANT_VALLEY,262,0.000084900,true,1,14,79
A,VERDANT_VALLEY,263,0.000110600,true,1,18,121
A,VERDANT_VALLEY,264,0.000098800,true,1,14,80
A,VERDANT_VALLEY,265,0.000182200,true,1,12,67
A,VERDANT_VALLEY,266,0.000096400,true,1,13,60
A,VERDANT_VALLEY,267,0.000121500,true,1,21,152
A,VERDANT_VALLEY,268,0.000326300,true,2,40,268
A,VERDANT_VALLEY,269,0.000131600,true,1,23,220
A,VERDANT_VALLEY,270,0.000092900,true,1,13,71
A,VERDANT_VALLEY,271,0.000096500,true,1,12,63
A,VERDANT_VALLEY,272,0.000140900,true,1,17,101
A,VERDANT_VALLEY,273,0.000336400,true,2,43,263
A,VERDANT_VALLEY,274,0.000108000,true,1,17,122
A,VERDANT_VALLEY,275,0.000110800,true,1,15,82
A,VERDANT_VALLEY,276,0.000138300,true,1,22,183
A,VERDANT_VALLEY,277,0.000100600,true,1,13,91
A,VERDANT_VALLEY,278,0.000112100,true,1,15,98
A,VERDANT_VALLEY,279,0.000145000,true,1,14,105
A,VERDANT_VALLEY,280,0.000120000,true,1,19,140
A,VERDANT_VALLEY,281,0.000101300,true,1,14,94
A,VERDANT_VALLEY,282,0.000088200,true,1,12,61
A,VERDANT_VALLEY,283,0.000106400,true,1,19,121
A,VERDANT_VALLEY,284,0.000084800,true,1,13,69
A,VERDANT_VALLEY,285,0.000098400,true,1,9,45
A,VERDANT_VALLEY,286,0.000085300,true,1,11,47
A,VERDANT_VALLEY,287,0.000115500,true,1,18,105
A,VERDANT_VALLEY,288,0.000127100,true,1,19,154
A,VERDANT_VALLEY,289,0.000098900,true,1,14,76
A,VERDANT_VALLEY,290,0.000097400,true,1,14,68
A,VERDANT_VALLEY,291,0.000096300,true,1,14,84
A,VERDANT_VALLEY,292,0.000153900,true,1,26,207
A,VERDANT_VALLEY,293,0.000094100,true,1,13,52
A,VERDANT_VALLEY,294,0.000113400,true,1,13,91
A,VERDANT_VALLEY,295,0.000100500,true,1,14,64
A,VERDANT_VALLEY,296,0.000142400,true,1,15,108
A,VERDANT_VALLEY,297,0.000151500,true,1,16,125
A,VERDANT_VALLEY,298,0.000185500,true,1,21,155
A,VERDANT_VALLEY,299,0.000329500,true,2,32,225
A,VERDANT_VALLEY,300,0.000160300,true,1,18,111
A,VERDANT_VALLEY,301,0.000117700,true,1,10,46
A,VERDANT_VALLEY,302,0.000091700,true,1,12,64
A,VERDANT_VALLEY,303,0.000093200,true,1,11,51
A,VERDANT_VALLEY,304,0.000100200,true,1,14,82
A,VERDANT_VALLEY,305,0.000094900,true,1,13,69
A,VERDANT_VALLEY,306,0.000087900,true,1,10,48
A,VERDANT_VALLEY,307,0.000140600,true,1,24,199
A,VERDANT_VALLEY,308,0.000084600,true,1,12,78
A,VERDANT_VALLEY,309,0.000076400,true,1,10,55
A,VERDANT_VALLEY,310,0.000203000,true,2,36,239
A,VERDANT_VALLEY,311,0.000078800,true,1,12,61
A,VERDANT_VALLEY,312,0.000104800,true,1,17,139
A,VERDANT_VALLEY,313,0.000078700,true,1,12,63
A,VERDANT_VALLEY,314,0.000186800,true,2,34,190
A,VERDANT_VALLEY,315,0.000169900,true,2,29,149
A,VERDANT_VALLEY,316,0.000079200,true,1,13,64
A,VERDANT_VALLEY,317,0.000111900,true,1,20,137
A,VERDANT_VALLEY,318,0.000082200,true,1,13,65
A,VERDANT_VALLEY,319,0.000095600,true,1,14,105
A,VERDANT_VALLEY,320,0.000213800,true,2,37,281
A,VERDANT_VALLEY,321,0.000108000,true,1,19,122
A,VERDANT_VALLEY,322,0.000084600,true,1,12,62
A,VERDANT_VALLEY,323,0.000079000,true,1,11,54
A,VERDANT_VALLEY,324,0.000080100,true,1,12,51
A,VERDANT_VALLEY,325,0.000101400,true,1,15,90
A,VERDANT_VALLEY,326,0.000106400,true,1,17,113
A,VERDANT_VALLEY,327,0.000106500,true,1,19,112
A,VERDANT_VALLEY,328,0.000464500,true,4,87,605
A,VERDANT_VALLEY,329,0.000087500,true,1,11,59
A,VERDANT_VALLEY,330,0.000222100,true,1,20,168
A,VERDANT_VALLEY,331,0.000358400,true,1,19,114
A,VERDANT_VALLEY,332,0.000288900,true,1,21,160
A,VERDANT_VALLEY,333,0.000181200,true,1,17,125
A,VERDANT_VALLEY,334,0.000328500,true,1,21,159
A,VERDANT_VALLEY,335,0.000162300,true,1,16,72
A,VERDANT_VALLEY,336,0.000269800,true,2,43,247
A,VERDANT_VALLEY,337,0.000600000,true,3,55,414
A,VERDANT_VALLEY,338,0.000201000,true,1,17,99
A,VERDANT_VALLEY,339,0.000425300,true,2,39,237
A,VERDANT_VALLEY,340,0.000233500,true,1,11,52
A,VERDANT_VALLEY,341,0.000097000,true,1,12,65
A,VERDANT_VALLEY,342,0.000290400,true,2,45,277
A,VERDANT_VALLEY,343,0.000157400,true,1,14,85
A,VERDANT_VALLEY,344,0.000198100,true,1,19,149
A,VERDANT_VALLEY,345,0.000164700,true,1,16,115
A,VERDANT_VALLEY,346,0.000128100,true,1,11,59
A,VERDANT_VALLEY,347,0.000131700,true,1,11,60
A,VERDANT_VALLEY,348,0.000165700,true,1,22,107
A,VERDANT_VALLEY,349,0.000114600,true,1,10,52
A,VERDANT_VALLEY,350,0.000116400,true,1,10,55
A,VERDANT_VALLEY,351,0.000345700,true,2,41,300
A,VERDANT_VALLEY,352,0.000156400,true,1,15,120
A,VERDANT_VALLEY,353,0.000147500,true,1,15,91
A,VERDANT_VALLEY,354,0.000126000,true,1,12,55
A,VERDANT_VALLEY,355,0.000138400,true,1,14,88
A,VERDANT_VALLEY,356,0.000170600,true,1,19,143
A,VERDANT_VALLEY,357,0.000178300,true,1,17,140
A,VERDANT_VALLEY,358,0.000150600,true,1,14,87
A,VERDANT_VALLEY,359,0.000139300,true,1,16,64
A,VERDANT_VALLEY,360,0.000158700,true,1,18,126
A,VERDANT_VALLEY,361,0.000150300,true,1,16,111
A,VERDANT_VALLEY,362,0.000159500,true,1,17,108
A,VERDANT_VALLEY,363,0.000132600,true,1,12,61
A,VERDANT_VALLEY,364,0.000372100,true,2,40,246
A,VERDANT_VALLEY,365,0.000147400,true,1,14,62
A,VERDANT_VALLEY,366,0.000171600,true,1,16,82
A,VERDANT_VALLEY,367,0.000203500,true,1,20,162
A,VERDANT_VALLEY,368,0.000368700,true,2,42,203
A,VERDANT_VALLEY,369,0.000512900,true,3,56,383
A,VERDANT_VALLEY,370,0.000329700,true,2,37,248
A,VERDANT_VALLEY,371,0.000144400,true,1,15,70
A,VERDANT_VALLEY,372,0.000132400,true,1,10,48
A,VERDANT_VALLEY,373,0.000138200,true,1,13,71
A,VERDANT_VALLEY,374,0.000181500,true,1,20,132
A,VERDANT_VALLEY,375,0.000165100,true,1,16,105
A,VERDANT_VALLEY,376,0.000341800,true,2,37,232
A,VERDANT_VALLEY,377,0.000155200,true,1,15,84
A,VERDANT_VALLEY,378,0.000139900,true,1,12,64
A,VERDANT_VALLEY,379,0.000135200,true,1,11,58
A,VERDANT_VALLEY,380,0.000190800,true,1,20,132
A,VERDANT_VALLEY,381,0.000193900,true,1,19,139
A,VERDANT_VALLEY,382,0.000117300,true,1,10,55
A,VERDANT_VALLEY,383,0.000127300,true,1,13,62
A,VERDANT_VALLEY,384,0.000134700,true,1,13,80
A,VERDANT_VALLEY,385,0.000174700,true,1,22,127
A,VERDANT_VALLEY,386,0.000141000,true,1,15,80
A,VERDANT_VALLEY,387,0.000117300,true,1,10,55
A,VERDANT_VALLEY,388,0.000136300,true,1,14,68
A,VERDANT_VALLEY,389,0.000384000,true,2,44,326
A,VERDANT_VALLEY,390,0.000163300,true,1,15,110
A,VERDANT_VALLEY,391,0.000156300,true,1,15,78
A,VERDANT_VALLEY,392,0.000152600,true,1,15,94
A,VERDANT_VALLEY,393,0.000158500,true,1,15,120
A,VERDANT_VALLEY,394,0.000255500,true,2,27,133
A,VERDANT_VALLEY,395,0.000164800,true,1,17,119
A,VERDANT_VALLEY,396,0.000127400,true,1,12,63
A,VERDANT_VALLEY,397,0.000122400,true,1,12,58
A,VERDANT_VALLEY,398,0.000182900,true,1,23,137
A,VERDANT_VALLEY,399,0.000136400,true,1,13,81
A,VERDANT_VALLEY,400,0.000177300,true,1,20,160
A,VERDANT_VALLEY,401,0.000337700,true,2,35,273
A,VERDANT_VALLEY,402,0.000334100,true,2,34,237
A,VERDANT_VALLEY,403,0.000185200,true,1,19,114
A,VERDANT_VALLEY,404,0.000127700,true,1,12,63
A,VERDANT_VALLEY,405,0.000277200,true,2,36,177
A,VERDANT_VALLEY,406,0.000103700,true,1,20,128
A,VERDANT_VALLEY,407,0.000101700,true,1,18,108
A,VERDANT_VALLEY,408,0.000106700,true,1,13,91
A,VERDANT_VALLEY,409,0.000260500,true,2,43,316
A,VERDANT_VALLEY,410,0.000112100,true,1,14,96
A,VERDANT_VALLEY,411,0.000534400,true,4,97,712
A,VERDANT_VALLEY,412,0.000108100,true,1,15,66
A,VERDANT_VALLEY,413,0.000131900,true,1,21,130
A,VERDANT_VALLEY,414,0.000141600,true,1,13,85
A,VERDANT_VALLEY,415,0.000159600,true,1,17,115
A,VERDANT_VALLEY,416,0.000494600,true,3,51,365
A,VERDANT_VALLEY,417,0.000183500,true,1,17,153
A,VERDANT_VALLEY,418,0.000091400,true,1,12,59
A,VERDANT_VALLEY,419,0.000105300,true,1,16,106
A,VERDANT_VALLEY,420,0.000175600,true,2,25,113
A,VERDANT_VALLEY,421,0.000200200,true,2,33,190
A,VERDANT_VALLEY,422,0.000081800,true,1,13,66
A,VERDANT_VALLEY,423,0.000094400,true,1,17,109
A,VERDANT_VALLEY,424,0.000091600,true,1,15,99
A,VERDANT_VALLEY,425,0.000084500,true,1,15,76
A,VERDANT_VALLEY,426,0.000100000,true,1,18,117
A,VERDANT_VALLEY,427,0.000108900,true,1,19,153
A,VERDANT_VALLEY,428,0.000096300,true,1,16,115
A,VERDANT_VALLEY,429,0.000098900,true,1,17,103
A,VERDANT_VALLEY,430,0.000120600,true,1,21,175
A,VERDANT_VALLEY,431,0.000093400,true,1,15,112
A,VERDANT_VALLEY,432,0.000084700,true,1,14,66
A,VERDANT_VALLEY,433,0.000117900,true,1,21,151
A,VERDANT_VALLEY,434,0.000114100,true,1,21,147
A,VERDANT_VALLEY,435,0.000078200,true,1,12,58
A,VERDANT_VALLEY,436,0.000149600,true,2,24,117
A,VERDANT_VALLEY,437,0.000086100,true,1,14,88
A,VERDANT_VALLEY,438,0.000076400,true,1,12,49
A,VERDANT_VALLEY,439,0.000092900,true,1,16,87
A,VERDANT_VALLEY,440,0.000084000,true,1,14,79
A,VERDANT_VALLEY,441,0.000089800,true,1,15,87
A,VERDANT_VALLEY,442,0.000185800,true,2,34,235
A,VERDANT_VALLEY,443,0.000187000,true,2,32,233
A,VERDANT_VALLEY,444,0.000097700,true,1,17,110
A,VERDANT_VALLEY,445,0.000107200,true,1,17,117
A,VERDANT_VALLEY,446,0.000082400,true,1,13,71
A,VERDANT_VALLEY,447,0.000126300,true,1,25,206
A,VERDANT_VALLEY,448,0.000095200,true,1,14,78
A,VERDANT_VALLEY,449,0.000077900,true,1,12,66
A,VERDANT_VALLEY,450,0.000079900,true,1,13,67
A,VERDANT_VALLEY,451,0.000110800,true,1,18,136
A,VERDANT_VALLEY,452,0.000086600,true,1,13,80
A,VERDANT_VALLEY,453,0.000109500,true,1,22,132
A,VERDANT_VALLEY,454,0.000075900,true,1,11,61
A,VERDANT_VALLEY,455,0.000074200,true,1,10,55
A,VERDANT_VALLEY,456,0.000086000,true,1,15,76
A,VERDANT_VALLEY,457,0.000079300,true,1,12,67
A,VERDANT_VALLEY,458,0.000078900,true,1,13,67
A,VERDANT_VALLEY,459,0.000085800,true,1,15,76
A,VERDANT_VALLEY,460,0.000081700,true,1,13,68
A,VERDANT_VALLEY,461,0.000076200,true,1,13,55
A,VERDANT_VALLEY,462,0.000097800,true,1,19,106
A,VERDANT_VALLEY,463,0.000091700,true,1,17,88
A,VERDANT_VALLEY,464,0.000094100,true,1,14,97
A,VERDANT_VALLEY,465,0.000217100,true,2,40,296
A,VERDANT_VALLEY,466,0.000096600,true,1,16,114
A,VERDANT_VALLEY,467,0.000104800,true,1,18,158
A,VERDANT_VALLEY,468,0.000109600,true,1,17,107
A,VERDANT_VALLEY,469,0.000125500,true,1,23,215
A,VERDANT_VALLEY,470,0.000084900,true,1,15,67
A,VERDANT_VALLEY,471,0.000211700,true,2,37,311
A,VERDANT_VALLEY,472,0.000100100,true,1,17,126
A,VERDANT_VALLEY,473,0.000074700,true,1,11,50
A,VERDANT_VALLEY,474,0.000087600,true,1,14,87
A,VERDANT_VALLEY,475,0.000090300,true,1,16,93
A,VERDANT_VALLEY,476,0.000079300,true,1,13,61
A,VERDANT_VALLEY,477,0.000113200,true,1,20,153
A,VERDANT_VALLEY,478,0.000100900,true,1,16,113
A,VERDANT_VALLEY,479,0.000091800,true,1,15,84
A,VERDANT_VALLEY,480,0.000091100,true,1,14,105
A,VERDANT_VALLEY,481,0.000074000,true,1,11,51
A,VERDANT_VALLEY,482,0.000090300,true,1,16,99
A,VERDANT_VALLEY,483,0.000211100,true,2,41,275
A,VERDANT_VALLEY,484,0.000090900,true,1,15,91
A,VERDANT_VALLEY,485,0.000091900,true,1,16,101
A,VERDANT_VALLEY,486,0.000071800,true,1,10,55
A,VERDANT_VALLEY,487,0.000091300,true,1,16,84
A,VERDANT_VALLEY,488,0.000091300,true,1,15,97
A,VERDANT_VALLEY,489,0.000075600,true,1,11,61
A,VERDANT_VALLEY,490,0.000085900,true,1,13,83
A,VERDANT_VALLEY,491,0.000213800,true,2,36,270
A,VERDANT_VALLEY,492,0.000085700,true,1,13,84
A,VERDANT_VALLEY,493,0.000100600,true,1,18,122
A,VERDANT_VALLEY,494,0.000101500,true,1,17,128
A,VERDANT_VALLEY,495,0.000218100,true,2,38,293
A,VERDANT_VALLEY,496,0.000083300,true,1,14,74
A,VERDANT_VALLEY,497,0.000094400,true,1,16,105
A,VERDANT_VALLEY,498,0.000095400,true,1,16,111
A,VERDANT_VALLEY,499,0.000091000,true,1,13,91
A,VERDANT_VALLEY,500,0.000099600,true,1,21,116
A,VERDANT_VALLEY,501,0.000087200,true,1,14,82
A,VERDANT_VALLEY,502,0.000075400,true,1,11,62
A,VERDANT_VALLEY,503,0.000079300,true,1,12,65
A,VERDANT_VALLEY,504,0.000146500,true,1,20,196
A,VERDANT_VALLEY,505,0.000116800,true,1,23,166
A,VERDANT_VALLEY,506,0.000099600,true,1,16,107
A,VERDANT_VALLEY,507,0.000137500,true,1,27,211
A,VERDANT_VALLEY,508,0.000096100,true,1,18,104
A,VERDANT_VALLEY,509,0.000085100,true,1,13,82
A,VERDANT_VALLEY,510,0.000083300,true,1,14,73
A,VERDANT_VALLEY,511,0.000120000,true,1,19,114
A,VERDANT_VALLEY,512,0.000086600,true,1,15,73
A,VERDANT_VALLEY,513,0.000131300,true,1,20,169
A,VERDANT_VALLEY,514,0.000079700,true,1,10,46
A,VERDANT_VALLEY,515,0.000121300,true,1,19,103
A,VERDANT_VALLEY,516,0.000105100,true,1,14,82
A,VERDANT_VALLEY,517,0.000160600,true,1,25,227
A,VERDANT_VALLEY,518,0.000089800,true,1,11,56
A,VERDANT_VALLEY,519,0.000082200,true,1,11,62
A,VERDANT_VALLEY,520,0.000125200,true,1,21,167
A,VERDANT_VALLEY,521,0.000109400,true,1,11,56
A,VERDANT_VALLEY,522,0.000119100,true,1,19,135
A,VERDANT_VALLEY,523,0.000088700,true,1,12,62
A,VERDANT_VALLEY,524,0.000118500,true,1,12,64
A,VERDANT_VALLEY,525,0.000090700,true,1,15,66
A,VERDANT_VALLEY,526,0.000284400,true,3,46,281
A,VERDANT_VALLEY,527,0.000074500,true,1,9,45
A,VERDANT_VALLEY,528,0.000093200,true,1,13,82
A,VERDANT_VALLEY,529,0.000093400,true,1,14,70
A,VERDANT_VALLEY,530,0.000081600,true,1,11,58
A,VERDANT_VALLEY,531,0.000089800,true,1,11,62
A,VERDANT_VALLEY,532,0.000126300,true,1,18,139
A,VERDANT_VALLEY,533,0.000082600,true,1,12,78
A,VERDANT_VALLEY,534,0.000099000,true,1,17,124
A,VERDANT_VALLEY,535,0.000248800,true,2,51,381
A,VERDANT_VALLEY,536,0.000142100,true,2,21,106
A,VERDANT_VALLEY,537,0.000100000,true,1,17,118
A,VERDANT_VALLEY,538,0.000217900,true,2,41,267
A,VERDANT_VALLEY,539,0.000113200,true,1,21,143
A,VERDANT_VALLEY,540,0.000114900,true,1,14,78
A,VERDANT_VALLEY,541,0.000090700,true,1,14,88
A,VERDANT_VALLEY,542,0.000231300,true,2,48,356
A,VERDANT_VALLEY,543,0.000122300,true,1,19,146
A,VERDANT_VALLEY,544,0.000120500,true,1,24,184
A,VERDANT_VALLEY,545,0.000141000,true,2,21,102
A,VERDANT_VALLEY,546,0.000088400,true,1,17,74
A,VERDANT_VALLEY,547,0.000075900,true,1,11,62
A,VERDANT_VALLEY,548,0.000180300,true,2,26,156
A,VERDANT_VALLEY,549,0.000084500,true,1,13,60
A,VERDANT_VALLEY,550,0.000086800,true,1,12,66
A,VERDANT_VALLEY,551,0.000086300,true,1,13,69
A,VERDANT_VALLEY,552,0.000125100,true,1,21,149
A,VERDANT_VALLEY,553,0.000093400,true,1,16,104
A,VERDANT_VALLEY,554,0.000089800,true,1,15,105
A,VERDANT_VALLEY,555,0.000081600,true,1,14,70
A,VERDANT_VALLEY,556,0.000086500,true,1,14,67
A,VERDANT_VALLEY,557,0.000203800,true,2,31,196
A,VERDANT_VALLEY,558,0.000097000,true,1,12,61
A,VERDANT_VALLEY,559,0.000093600,true,1,13,60
A,VERDANT_VALLEY,560,0.000106300,true,1,17,100
A,VERDANT_VALLEY,561,0.000085600,true,1,12,57
A,VERDANT_VALLEY,562,0.000220600,true,2,36,271
A,VERDANT_VALLEY,563,0.000095000,true,1,13,84
A,VERDANT_VALLEY,564,0.000114000,true,1,18,116
A,VERDANT_VALLEY,565,0.000104600,true,1,15,86
A,VERDANT_VALLEY,566,0.000101600,true,1,17,97
A,VERDANT_VALLEY,567,0.000127100,true,1,14,70
A,VERDANT_VALLEY,568,0.000133500,true,1,14,74
A,VERDANT_VALLEY,569,0.000159000,true,1,17,107
A,VERDANT_VALLEY,570,0.000316100,true,2,48,122
A,VERDANT_VALLEY,571,0.000139500,true,1,12,63
A,VERDANT_VALLEY,572,0.000114700,true,1,10,51
A,VERDANT_VALLEY,573,0.000141600,true,1,15,89
A,VERDANT_VALLEY,574,0.000121900,true,1,12,78
A,VERDANT_VALLEY,575,0.000094000,true,1,14,83
A,VERDANT_VALLEY,576,0.000112600,true,1,17,100
A,VERDANT_VALLEY,577,0.000088200,true,1,11,58
A,VERDANT_VALLEY,578,0.000112300,true,1,17,126
A,VERDANT_VALLEY,579,0.000080100,true,1,11,61
A,VERDANT_VALLEY,580,0.000112500,true,1,19,145
A,VERDANT_VALLEY,581,0.000108100,true,1,20,133
A,VERDANT_VALLEY,582,0.000238700,true,2,47,366
A,VERDANT_VALLEY,583,0.000164100,true,2,27,160
A,VERDANT_VALLEY,584,0.000077900,true,1,12,63
A,VERDANT_VALLEY,585,0.000112600,true,1,20,153
A,VERDANT_VALLEY,586,0.000084500,true,1,13,85
A,VERDANT_VALLEY,587,0.000085200,true,1,14,80
A,VERDANT_VALLEY,588,0.000087300,true,1,17,87
A,VERDANT_VALLEY,589,0.000106200,true,1,17,141
A,VERDANT_VALLEY,590,0.000080000,true,1,14,66
A,VERDANT_VALLEY,591,0.000094900,true,1,17,100
A,VERDANT_VALLEY,592,0.000105500,true,1,12,61
A,VERDANT_VALLEY,593,0.000090400,true,1,17,77
A,VERDANT_VALLEY,594,0.000093100,true,1,16,101
A,VERDANT_VALLEY,595,0.000096800,true,1,16,136
A,VERDANT_VALLEY,596,0.000095300,true,1,16,105
A,VERDANT_VALLEY,597,0.000088600,true,1,17,65
A,VERDANT_VALLEY,598,0.000105600,true,1,16,124
A,VERDANT_VALLEY,599,0.000209000,true,2,39,265
A,VERDANT_VALLEY,600,0.000076800,true,1,12,63
A,VERDANT_VALLEY,601,0.000100800,true,1,19,127
A,VERDANT_VALLEY,602,0.000108400,true,1,19,145
A,VERDANT_VALLEY,603,0.000225300,true,2,38,318
A,VERDANT_VALLEY,604,0.000177800,true,2,32,219
A,VERDANT_VALLEY,605,0.000076100,true,1,12,57
A,VERDANT_VALLEY,606,0.000119200,true,1,22,191
A,VERDANT_VALLEY,607,0.000075500,true,1,11,62
A,VERDANT_VALLEY,608,0.000101800,true,1,18,128
A,VERDANT_VALLEY,609,0.000091900,true,1,16,104
A,VERDANT_VALLEY,610,0.000106600,true,1,16,83
A,VERDANT_VALLEY,611,0.000090200,true,1,14,105
A,VERDANT_VALLEY,612,0.000086200,true,1,15,81
A,VERDANT_VALLEY,613,0.000081800,true,1,13,74
A,VERDANT_VALLEY,614,0.000091500,true,1,17,90
A,VERDANT_VALLEY,615,0.000119200,true,1,11,61
A,VERDANT_VALLEY,616,0.000070300,true,1,9,45
A,VERDANT_VALLEY,617,0.000101500,true,1,18,115
A,VERDANT_VALLEY,618,0.000110900,true,1,19,151
A,VERDANT_VALLEY,619,0.000089500,true,1,13,91
A,VERDANT_VALLEY,620,0.000081100,true,1,13,60
A,VERDANT_VALLEY,621,0.000076600,true,1,10,55
A,VERDANT_VALLEY,622,0.000080700,true,1,13,65
A,VERDANT_VALLEY,623,0.000100100,true,1,16,124
A,VERDANT_VALLEY,624,0.000086900,true,1,13,83
A,VERDANT_VALLEY,625,0.000104700,true,1,19,119
A,VERDANT_VALLEY,626,0.000208300,true,2,35,281
A,VERDANT_VALLEY,627,0.000133200,true,1,20,146
A,VERDANT_VALLEY,628,0.000115700,true,1,22,164
A,VERDANT_VALLEY,629,0.000096700,true,1,17,113
A,VERDANT_VALLEY,630,0.000079600,true,1,12,66
A,VERDANT_VALLEY,631,0.000107200,true,1,21,134
A,VERDANT_VALLEY,632,0.000080500,true,1,13,64
A,VERDANT_VALLEY,633,0.000112400,true,1,21,137
A,VERDANT_VALLEY,634,0.000076200,true,1,12,62
A,VERDANT_VALLEY,635,0.000246400,true,2,47,414
A,VERDANT_VALLEY,636,0.000091400,true,1,14,97
A,VERDANT_VALLEY,637,0.000096200,true,1,17,101
A,VERDANT_VALLEY,638,0.000098900,true,1,16,107
A,VERDANT_VALLEY,639,0.000072900,true,1,10,55
A,VERDANT_VALLEY,640,0.000091200,true,1,16,74
A,VERDANT_VALLEY,641,0.000096900,true,1,17,108
A,VERDANT_VALLEY,642,0.000108300,true,1,18,146
A,VERDANT_VALLEY,643,0.000076100,true,1,11,56
A,VERDANT_VALLEY,644,0.000081000,true,1,14,74
A,VERDANT_VALLEY,645,0.000203400,true,2,34,211
A,VERDANT_VALLEY,646,0.000084300,true,1,15,73
A,VERDANT_VALLEY,647,0.000075300,true,1,12,55
A,VERDANT_VALLEY,648,0.000085500,true,1,13,82
A,VERDANT_VALLEY,649,0.000103700,true,1,18,126
A,VERDANT_VALLEY,650,0.000088600,true,1,16,85
A,VERDANT_VALLEY,651,0.000074900,true,1,12,59
A,VERDANT_VALLEY,652,0.000085300,true,1,15,74
A,VERDANT_VALLEY,653,0.000076300,true,1,12,66
A,VERDANT_VALLEY,654,0.000086300,true,1,15,82
A,VERDANT_VALLEY,655,0.000114100,true,1,21,181
A,VERDANT_VALLEY,656,0.000118000,true,1,23,174
A,VERDANT_VALLEY,657,0.000223700,true,2,43,315
A,VERDANT_VALLEY,658,0.000083300,true,1,14,68
A,VERDANT_VALLEY,659,0.000113000,true,1,17,153
A,VERDANT_VALLEY,660,0.000077800,true,1,12,56
A,VERDANT_VALLEY,661,0.000238500,true,2,44,343
A,VERDANT_VALLEY,662,0.000082700,true,1,13,64
A,VERDANT_VALLEY,663,0.000100500,true,1,18,106
A,VERDANT_VALLEY,664,0.000086400,true,1,10,55
A,VERDANT_VALLEY,665,0.000112100,true,1,13,58
A,VERDANT_VALLEY,666,0.000104500,true,1,13,64
A,VERDANT_VALLEY,667,0.000082900,true,1,12,67
A,VERDANT_VALLEY,668,0.000258500,true,2,32,261
A,VERDANT_VALLEY,669,0.000091200,true,1,12,54
A,VERDANT_VALLEY,670,0.000106500,true,1,15,112
A,VERDANT_VALLEY,671,0.000223200,true,2,34,247
A,VERDANT_VALLEY,672,0.000106100,true,1,16,104
A,VERDANT_VALLEY,673,0.000392900,true,3,68,576
A,VERDANT_VALLEY,674,0.000095700,true,1,16,82
A,VERDANT_VALLEY,675,0.000102800,true,1,17,104
A,VERDANT_VALLEY,676,0.000109700,true,1,16,136
A,VERDANT_VALLEY,677,0.000101900,true,1,16,105
A,VERDANT_VALLEY,678,0.000087000,true,1,13,66
A,VERDANT_VALLEY,679,0.000078800,true,1,11,53
A,VERDANT_VALLEY,680,0.000090300,true,1,12,63
A,VERDANT_VALLEY,681,0.000087900,true,1,13,56
A,VERDANT_VALLEY,682,0.000104000,true,1,17,97
A,VERDANT_VALLEY,683,0.000086100,true,1,11,60
A,VERDANT_VALLEY,684,0.000091400,true,1,11,53
A,VERDANT_VALLEY,685,0.000077500,true,1,12,68
A,VERDANT_VALLEY,686,0.000106900,true,1,20,140
A,VERDANT_VALLEY,687,0.000080900,true,1,13,64
A,VERDANT_VALLEY,688,0.000099900,true,1,19,120
A,VERDANT_VALLEY,689,0.000120600,true,1,17,126
A,VERDANT_VALLEY,690,0.000078900,true,1,12,62
A,VERDANT_VALLEY,691,0.000079500,true,1,12,64
A,VERDANT_VALLEY,692,0.000091000,true,1,16,76
A,VERDANT_VALLEY,693,0.000122100,true,1,15,110
A,VERDANT_VALLEY,694,0.000078900,true,1,11,57
A,VERDANT_VALLEY,695,0.000138600,true,1,24,228
A,VERDANT_VALLEY,696,0.000128400,true,1,22,182
A,VERDANT_VALLEY,697,0.000088600,true,1,14,94
A,VERDANT_VALLEY,698,0.000093400,true,1,15,98
A,VERDANT_VALLEY,699,0.000084200,true,1,14,72
A,VERDANT_VALLEY,700,0.000102200,true,1,18,101
A,VERDANT_VALLEY,701,0.000219500,true,2,44,276
A,VERDANT_VALLEY,702,0.000070800,true,1,9,45
A,VERDANT_VALLEY,703,0.000078800,true,1,13,62
A,VERDANT_VALLEY,704,0.000105500,true,1,19,118
A,VERDANT_VALLEY,705,0.000091600,true,1,13,81
A,VERDANT_VALLEY,706,0.000090600,true,1,15,73
A,VERDANT_VALLEY,707,0.000098300,true,1,15,88
A,VERDANT_VALLEY,708,0.000099800,true,1,16,92
A,VERDANT_VALLEY,709,0.000090700,true,1,12,66
A,VERDANT_VALLEY,710,0.000088000,true,1,15,91
A,VERDANT_VALLEY,711,0.000106600,true,1,18,149
A,VERDANT_VALLEY,712,0.000086100,true,1,13,91
A,VERDANT_VALLEY,713,0.000202800,true,2,40,255
A,VERDANT_VALLEY,714,0.000092200,true,1,14,89
A,VERDANT_VALLEY,715,0.000092200,true,1,12,78
A,VERDANT_VALLEY,716,0.000248600,true,2,39,256
A,VERDANT_VALLEY,717,0.000135300,true,1,15,104
A,VERDANT_VALLEY,718,0.000098100,true,1,15,87
A,VERDANT_VALLEY,719,0.000104900,true,1,19,120
A,VERDANT_VALLEY,720,0.000121400,true,1,14,89
A,VERDANT_VALLEY,721,0.000235400,true,2,37,254
A,VERDANT_VALLEY,722,0.000127900,true,1,13,63
A,VERDANT_VALLEY,723,0.000274600,true,2,31,207
A,VERDANT_VALLEY,724,0.000154900,true,1,13,63
A,VERDANT_VALLEY,725,0.000180700,true,1,20,135
A,VERDANT_VALLEY,726,0.000217900,true,1,14,105
A,VERDANT_VALLEY,727,0.000144900,true,1,13,62
A,VERDANT_VALLEY,728,0.000135700,true,1,13,58
A,VERDANT_VALLEY,729,0.000088500,true,1,11,58
A,VERDANT_VALLEY,730,0.000086700,true,1,11,60
A,VERDANT_VALLEY,731,0.000110500,true,1,17,110
A,VERDANT_VALLEY,732,0.000217900,true,2,33,221
A,VERDANT_VALLEY,733,0.000075500,true,1,10,55
A,VERDANT_VALLEY,734,0.000081700,true,1,14,67
A,VERDANT_VALLEY,735,0.000197400,true,2,34,256
A,VERDANT_VALLEY,736,0.000087200,true,1,16,70
A,VERDANT_VALLEY,737,0.000080700,true,1,14,70
A,VERDANT_VALLEY,738,0.000113400,true,1,21,156
A,VERDANT_VALLEY,739,0.000200600,true,2,37,261
A,VERDANT_VALLEY,740,0.000193300,true,2,37,242
A,VERDANT_VALLEY,741,0.000087000,true,1,15,92
A,VERDANT_VALLEY,742,0.000108500,true,1,15,85
A,VERDANT_VALLEY,743,0.000102100,true,1,17,141
A,VERDANT_VALLEY,744,0.000111200,true,1,22,150
A,VERDANT_VALLEY,745,0.000084800,true,1,13,64
A,VERDANT_VALLEY,746,0.000099000,true,1,16,110
A,VERDANT_VALLEY,747,0.000109600,true,1,22,137
A,VERDANT_VALLEY,748,0.000157200,true,2,26,147
A,VERDANT_VALLEY,749,0.000081500,true,1,14,62
A,VERDANT_VALLEY,750,0.000097600,true,1,13,69
A,VERDANT_VALLEY,751,0.000082300,true,1,14,70
A,VERDANT_VALLEY,752,0.000082800,true,1,13,85
A,VERDANT_VALLEY,753,0.000236200,true,2,44,348
A,VERDANT_VALLEY,754,0.000205500,true,2,40,281
A,VERDANT_VALLEY,755,0.000113400,true,1,19,174
A,VERDANT_VALLEY,756,0.000393300,true,3,75,613
A,VERDANT_VALLEY,757,0.000091000,true,1,14,83
A,VERDANT_VALLEY,758,0.000075300,true,1,10,55
A,VERDANT_VALLEY,759,0.000117700,true,1,21,135
A,VERDANT_VALLEY,760,0.000094400,true,1,16,94
A,VERDANT_VALLEY,761,0.000093900,true,1,15,101
A,VERDANT_VALLEY,762,0.000078400,true,1,11,62
A,VERDANT_VALLEY,763,0.000217700,true,2,40,267
A,VERDANT_VALLEY,764,0.000090200,true,1,15,74
A,VERDANT_VALLEY,765,0.000073100,true,1,9,45
A,VERDANT_VALLEY,766,0.000093400,true,1,18,93
A,VERDANT_VALLEY,767,0.000099900,true,1,17,103
A,VERDANT_VALLEY,768,0.000086800,true,1,15,83
A,VERDANT_VALLEY,769,0.000081600,true,1,13,63
A,VERDANT_VALLEY,770,0.000122300,true,1,21,195
A,VERDANT_VALLEY,771,0.000148100,true,1,21,187
A,VERDANT_VALLEY,772,0.000200800,true,2,35,209
A,VERDANT_VALLEY,773,0.000103900,true,1,17,138
A,VERDANT_VALLEY,774,0.000080300,true,1,13,65
A,VERDANT_VALLEY,775,0.000088800,true,1,14,97
A,VERDANT_VALLEY,776,0.000077100,true,1,11,57
A,VERDANT_VALLEY,777,0.000111500,true,1,22,127
A,VERDANT_VALLEY,778,0.000099000,true,1,18,116
A,VERDANT_VALLEY,779,0.000093000,true,1,16,90
A,VERDANT_VALLEY,780,0.000078100,true,1,12,63
A,VERDANT_VALLEY,781,0.000097900,true,1,18,102
A,VERDANT_VALLEY,782,0.000076900,true,1,13,62
A,VERDANT_VALLEY,783,0.000269600,true,2,55,332
A,VERDANT_VALLEY,784,0.000088200,true,1,16,80
A,VERDANT_VALLEY,785,0.000085200,true,1,15,79
A,VERDANT_VALLEY,786,0.000086600,true,1,13,82
A,VERDANT_VALLEY,787,0.000080500,true,1,13,68
A,VERDANT_VALLEY,788,0.000078600,true,1,11,58
A,VERDANT_VALLEY,789,0.000088200,true,1,15,73
A,VERDANT_VALLEY,790,0.000093300,true,1,16,103
A,VERDANT_VALLEY,791,0.000077700,true,1,12,64
A,VERDANT_VALLEY,792,0.000099300,true,1,16,109
A,VERDANT_VALLEY,793,0.000111000,true,1,19,148
A,VERDANT_VALLEY,794,0.000093600,true,1,19,103
A,VERDANT_VALLEY,795,0.000105400,true,1,18,154
A,VERDANT_VALLEY,796,0.000074800,true,1,11,59
A,VERDANT_VALLEY,797,0.000083300,true,1,11,53
A,VERDANT_VALLEY,798,0.000112600,true,1,20,169
A,VERDANT_VALLEY,799,0.000091000,true,1,17,82
A,VERDANT_VALLEY,800,0.000089000,true,1,13,91
A,VERDANT_VALLEY,801,0.000396900,true,4,73,459
A,VERDANT_VALLEY,802,0.000121700,true,1,21,180
A,VERDANT_VALLEY,803,0.000161900,true,2,39,116
A,VERDANT_VALLEY,804,0.000076600,true,1,12,59
A,VERDANT_VALLEY,805,0.000095700,true,1,17,113
A,VERDANT_VALLEY,806,0.000091900,true,1,15,110
A,VERDANT_VALLEY,807,0.000107300,true,1,12,78
A,VERDANT_VALLEY,808,0.000095500,true,1,17,78
A,VERDANT_VALLEY,809,0.000255700,true,2,48,399
A,VERDANT_VALLEY,810,0.000128900,true,1,24,193
A,VERDANT_VALLEY,811,0.000090300,true,1,16,83
A,VERDANT_VALLEY,812,0.000090600,true,1,17,76
A,VERDANT_VALLEY,813,0.000090900,true,1,15,97
A,VERDANT_VALLEY,814,0.000074400,true,1,10,50
A,VERDANT_VALLEY,815,0.000102700,true,1,20,124
A,VERDANT_VALLEY,816,0.000072600,true,1,10,55
A,VERDANT_VALLEY,817,0.000104900,true,1,19,146
A,VERDANT_VALLEY,818,0.000102500,true,1,17,122
A,VERDANT_VALLEY,819,0.000093200,true,1,17,104
A,VERDANT_VALLEY,820,0.000086000,true,1,14,92
A,VERDANT_VALLEY,821,0.000079600,true,1,13,68
A,VERDANT_VALLEY,822,0.000084900,true,1,15,68
A,VERDANT_VALLEY,823,0.000105000,true,1,16,89
A,VERDANT_VALLEY,824,0.000093700,true,1,13,83
A,VERDANT_VALLEY,825,0.000105900,true,1,13,61
A,VERDANT_VALLEY,826,0.000107900,true,1,17,114
A,VERDANT_VALLEY,827,0.000101200,true,1,14,80
A,VERDANT_VALLEY,828,0.000139000,true,1,21,204
A,VERDANT_VALLEY,829,0.000094700,true,1,12,78
A,VERDANT_VALLEY,830,0.000111200,true,1,17,112
A,VERDANT_VALLEY,831,0.000102800,true,1,16,116
A,VERDANT_VALLEY,832,0.000129000,true,1,23,176
A,VERDANT_VALLEY,833,0.000082100,true,1,11,53
A,VERDANT_VALLEY,834,0.000090500,true,1,12,78
A,VERDANT_VALLEY,835,0.000094000,true,1,15,93
A,VERDANT_VALLEY,836,0.000085000,true,1,12,61
A,VERDANT_VALLEY,837,0.000087400,true,1,12,67
A,VERDANT_VALLEY,838,0.000280300,true,2,47,398
A,VERDANT_VALLEY,839,0.000085100,true,1,12,65
A,VERDANT_VALLEY,840,0.000084500,true,1,12,67
A,VERDANT_VALLEY,841,0.000157500,true,1,15,103
A,VERDANT_VALLEY,842,0.000115700,true,1,11,56
A,VERDANT_VALLEY,843,0.000115400,true,1,21,112
A,VERDANT_VALLEY,844,0.000243300,true,2,46,246
A,VERDANT_VALLEY,845,0.000190200,true,2,37,214
A,VERDANT_VALLEY,846,0.000081500,true,1,14,70
A,VERDANT_VALLEY,847,0.000195900,true,2,35,252
A,VERDANT_VALLEY,848,0.000098200,true,1,16,109
A,VERDANT_VALLEY,849,0.000105200,true,1,17,110
A,VERDANT_VALLEY,850,0.000170900,true,2,29,142
A,VERDANT_VALLEY,851,0.000083800,true,1,13,73
A,VERDANT_VALLEY,852,0.000106200,true,1,18,129
A,VERDANT_VALLEY,853,0.000108000,true,1,18,138
A,VERDANT_VALLEY,854,0.000089000,true,1,14,84
A,VERDANT_VALLEY,855,0.000107600,true,1,20,143
A,VERDANT_VALLEY,856,0.000182200,true,2,30,166
A,VERDANT_VALLEY,857,0.000098100,true,1,17,119
A,VERDANT_VALLEY,858,0.000083500,true,1,14,77
A,VERDANT_VALLEY,859,0.000091100,true,1,15,99
A,VERDANT_VALLEY,860,0.000223700,true,2,34,255
A,VERDANT_VALLEY,861,0.000119100,true,1,18,145
A,VERDANT_VALLEY,862,0.000124400,true,1,21,144
A,VERDANT_VALLEY,863,0.000095200,true,1,14,84
A,VERDANT_VALLEY,864,0.000091200,true,1,12,63
A,VERDANT_VALLEY,865,0.000214700,true,2,42,282
A,VERDANT_VALLEY,866,0.000072600,true,1,10,55
A,VERDANT_VALLEY,867,0.000136800,true,1,19,146
A,VERDANT_VALLEY,868,0.000103700,true,1,17,133
A,VERDANT_VALLEY,869,0.000114100,true,1,20,145
A,VERDANT_VALLEY,870,0.000113600,true,1,19,106
A,VERDANT_VALLEY,871,0.000097300,true,1,14,65
A,VERDANT_VALLEY,872,0.000101800,true,1,15,75
A,VERDANT_VALLEY,873,0.000166000,true,1,28,246
A,VERDANT_VALLEY,874,0.000117600,true,1,17,128
A,VERDANT_VALLEY,875,0.000128000,true,1,21,149
A,VERDANT_VALLEY,876,0.000171900,true,1,20,105
A,VERDANT_VALLEY,877,0.000181900,true,1,20,193
A,VERDANT_VALLEY,878,0.000114700,true,1,12,69
A,VERDANT_VALLEY,879,0.000132000,true,1,12,61
A,VERDANT_VALLEY,880,0.000394200,true,2,44,322
A,VERDANT_VALLEY,881,0.000130800,true,1,10,55
A,VERDANT_VALLEY,882,0.000166600,true,1,14,92
A,VERDANT_VALLEY,883,0.000160000,true,1,14,94
A,VERDANT_VALLEY,884,0.000142200,true,1,14,87
A,VERDANT_VALLEY,885,0.000149900,true,1,19,153
A,VERDANT_VALLEY,886,0.000182300,true,2,27,103
A,VERDANT_VALLEY,887,0.000151200,true,1,19,161
A,VERDANT_VALLEY,888,0.000329300,true,3,57,393
A,VERDANT_VALLEY,889,0.000082500,true,1,12,78
A,VERDANT_VALLEY,890,0.000092600,true,1,16,106
A,VERDANT_VALLEY,891,0.000114400,true,1,22,136
A,VERDANT_VALLEY,892,0.000102300,true,1,15,120
A,VERDANT_VALLEY,893,0.000204300,true,2,39,271
A,VERDANT_VALLEY,894,0.000079600,true,1,13,60
A,VERDANT_VALLEY,895,0.000089800,true,1,15,99
A,VERDANT_VALLEY,896,0.000083600,true,1,14,75
A,VERDANT_VALLEY,897,0.000097500,true,1,18,115
A,VERDANT_VALLEY,898,0.000079100,true,1,12,59
A,VERDANT_VALLEY,899,0.000074300,true,1,12,59
A,VERDANT_VALLEY,900,0.000099800,true,1,21,108
A,VERDANT_VALLEY,901,0.000109500,true,1,19,177
A,VERDANT_VALLEY,902,0.000097700,true,1,17,129
A,VERDANT_VALLEY,903,0.000088300,true,1,15,93
A,VERDANT_VALLEY,904,0.000080500,true,1,14,76
A,VERDANT_VALLEY,905,0.000079800,true,1,13,73
A,VERDANT_VALLEY,906,0.000089300,true,1,17,85
A,VERDANT_VALLEY,907,0.000102300,true,1,20,128
A,VERDANT_VALLEY,908,0.000226300,true,2,50,225
A,VERDANT_VALLEY,909,0.000083200,true,1,15,72
A,VERDANT_VALLEY,910,0.000111000,true,1,19,162
A,VERDANT_VALLEY,911,0.000085500,true,1,14,61
A,VERDANT_VALLEY,912,0.000225800,true,2,42,375
A,VERDANT_VALLEY,913,0.000083500,true,1,13,83
A,VERDANT_VALLEY,914,0.000118200,true,1,20,175
A,VERDANT_VALLEY,915,0.000088000,true,1,14,88
A,VERDANT_VALLEY,916,0.000115500,true,1,18,116
A,VERDANT_VALLEY,917,0.000094500,true,1,16,87
A,VERDANT_VALLEY,918,0.000091400,true,1,17,87
A,VERDANT_VALLEY,919,0.000084100,true,1,12,78
A,VERDANT_VALLEY,920,0.000077500,true,1,12,54
A,VERDANT_VALLEY,921,0.000085600,true,1,17,72
A,VERDANT_VALLEY,922,0.000083500,true,1,13,76
A,VERDANT_VALLEY,923,0.000082600,true,1,14,72
A,VERDANT_VALLEY,924,0.000099100,true,1,19,119
A,VERDANT_VALLEY,925,0.000097400,true,1,17,132
A,VERDANT_VALLEY,926,0.000081500,true,1,14,69
A,VERDANT_VALLEY,927,0.000166700,true,2,29,183
A,VERDANT_VALLEY,928,0.000081400,true,1,14,68
A,VERDANT_VALLEY,929,0.000072000,true,1,11,51
A,VERDANT_VALLEY,930,0.000079600,true,1,13,71
A,VERDANT_VALLEY,931,0.000123800,true,1,19,161
A,VERDANT_VALLEY,932,0.000086100,true,1,13,79
A,VERDANT_VALLEY,933,0.000076900,true,1,12,66
A,VERDANT_VALLEY,934,0.000080100,true,1,13,71
A,VERDANT_VALLEY,935,0.000101400,true,1,18,122
A,VERDANT_VALLEY,936,0.000079800,true,1,13,68
A,VERDANT_VALLEY,937,0.000184700,true,2,31,203
A,VERDANT_VALLEY,938,0.000335300,true,3,58,426
A,VERDANT_VALLEY,939,0.000083100,true,1,14,67
A,VERDANT_VALLEY,940,0.000242900,true,2,37,355
A,VERDANT_VALLEY,941,0.000103000,true,1,18,154
A,VERDANT_VALLEY,942,0.000075300,true,1,11,60
A,VERDANT_VALLEY,943,0.000101900,true,1,18,113
A,VERDANT_VALLEY,944,0.000083700,true,1,12,78
A,VERDANT_VALLEY,945,0.000092300,true,1,16,96
A,VERDANT_VALLEY,946,0.000098300,true,1,18,127
A,VERDANT_VALLEY,947,0.000271200,true,2,44,370
A,VERDANT_VALLEY,948,0.000119300,true,1,16,89
A,VERDANT_VALLEY,949,0.000381200,true,2,37,245
A,VERDANT_VALLEY,950,0.000187100,true,1,19,116
A,VERDANT_VALLEY,951,0.000134100,true,1,12,66
A,VERDANT_VALLEY,952,0.000096300,true,1,16,78
A,VERDANT_VALLEY,953,0.000162400,true,1,21,140
A,VERDANT_VALLEY,954,0.000154100,true,1,17,67
A,VERDANT_VALLEY,955,0.000172000,true,1,18,114
A,VERDANT_VALLEY,956,0.000153300,true,1,16,74
A,VERDANT_VALLEY,957,0.000086600,true,1,10,47
A,VERDANT_VALLEY,958,0.000106600,true,1,19,107
A,VERDANT_VALLEY,959,0.000133700,true,1,22,235
A,VERDANT_VALLEY,960,0.000076700,true,1,11,53
A,VERDANT_VALLEY,961,0.000080500,true,1,12,63
A,VERDANT_VALLEY,962,0.000093800,true,1,15,84
A,VERDANT_VALLEY,963,0.000124700,true,1,20,193
A,VERDANT_VALLEY,964,0.000104400,true,1,19,118
A,VERDANT_VALLEY,965,0.000110000,true,1,20,140
A,VERDANT_VALLEY,966,0.000356300,true,3,60,411
A,VERDANT_VALLEY,967,0.000096900,true,1,16,101
A,VERDANT_VALLEY,968,0.000087800,true,1,14,73
A,VERDANT_VALLEY,969,0.000259000,true,3,45,274
A,VERDANT_VALLEY,970,0.000079300,true,1,12,57
A,VERDANT_VALLEY,971,0.000104000,true,1,20,134
A,VERDANT_VALLEY,972,0.000080500,true,1,12,63
A,VERDANT_VALLEY,973,0.000086100,true,1,14,85
A,VERDANT_VALLEY,974,0.000111600,true,1,19,150
A,VERDANT_VALLEY,975,0.000104200,true,1,16,136
A,VERDANT_VALLEY,976,0.000095600,true,1,15,95
A,VERDANT_VALLEY,977,0.000109000,true,1,20,117
A,VERDANT_VALLEY,978,0.000175000,true,2,30,190
A,VERDANT_VALLEY,979,0.000117600,true,1,20,147
A,VERDANT_VALLEY,980,0.000127700,true,1,16,96
A,VERDANT_VALLEY,981,0.000099500,true,1,12,67
A,VERDANT_VALLEY,982,0.000094100,true,1,13,67
A,VERDANT_VALLEY,983,0.000224800,true,2,35,211
A,VERDANT_VALLEY,984,0.000112600,true,1,22,110
A,VERDANT_VALLEY,985,0.000091900,true,1,14,73
A,VERDANT_VALLEY,986,0.000227900,true,2,32,259
A,VERDANT_VALLEY,987,0.000132400,true,1,20,163
A,VERDANT_VALLEY,988,0.000100900,true,1,14,95
A,VERDANT_VALLEY,989,0.000268800,true,2,40,328
A,VERDANT_VALLEY,990,0.000314000,true,3,51,293
A,VERDANT_VALLEY,991,0.000073700,true,1,9,45
A,VERDANT_VALLEY,992,0.000090800,true,1,15,69
A,VERDANT_VALLEY,993,0.000104600,true,1,16,85
A,VERDANT_VALLEY,994,0.000199600,true,2,28,173
A,VERDANT_VALLEY,995,0.000090900,true,1,12,60
A,VERDANT_VALLEY,996,0.000142000,true,1,16,104
A,VERDANT_VALLEY,997,0.000550400,true,4,103,639
A,VERDANT_VALLEY,998,0.000118600,true,1,16,96
A,VERDANT_VALLEY,999,0.000100900,true,1,16,126
A,VERDANT_VALLEY,1000,0.000097500,true,1,15,88
A,SKY_CITADEL,1,0.000115100,true,1,13,91
A,SKY_CITADEL,2,0.000092200,true,1,10,46
A,SKY_CITADEL,3,0.000235700,true,2,35,266
A,SKY_CITADEL,4,0.000102500,true,1,12,78
A,SKY_CITADEL,5,0.000117100,true,1,11,58
A,SKY_CITADEL,6,0.000105000,true,1,14,96
A,SKY_CITADEL,7,0.000109000,true,1,13,91
A,SKY_CITADEL,8,0.000161400,true,1,21,231
A,SKY_CITADEL,9,0.000250900,true,2,45,198
A,SKY_CITADEL,10,0.000087600,true,1,11,62
A,SKY_CITADEL,11,0.000093300,true,1,12,78
A,SKY_CITADEL,12,0.000103100,true,1,14,105
A,SKY_CITADEL,13,0.000095400,true,1,10,47
A,SKY_CITADEL,14,0.000103400,true,1,13,91
A,SKY_CITADEL,15,0.000089300,true,1,9,45
A,SKY_CITADEL,16,0.000132900,true,1,17,139
A,SKY_CITADEL,17,0.000086000,true,1,10,55
A,SKY_CITADEL,18,0.000132000,true,1,15,120
A,SKY_CITADEL,19,0.000089600,true,1,11,61
A,SKY_CITADEL,20,0.000089100,true,1,12,63
A,SKY_CITADEL,21,0.000079300,true,1,9,45
A,SKY_CITADEL,22,0.000097200,true,1,13,84
A,SKY_CITADEL,23,0.000116100,true,1,15,111
A,SKY_CITADEL,24,0.000107600,true,1,13,91
A,SKY_CITADEL,25,0.000101300,true,1,11,59
A,SKY_CITADEL,26,0.000088000,true,1,10,47
A,SKY_CITADEL,27,0.000088500,true,1,10,50
A,SKY_CITADEL,28,0.000218100,true,2,40,88
A,SKY_CITADEL,29,0.000114900,true,1,12,78
A,SKY_CITADEL,30,0.000134600,true,1,16,124
A,SKY_CITADEL,31,0.000129100,true,1,13,91
A,SKY_CITADEL,32,0.000174300,true,1,13,91
A,SKY_CITADEL,33,0.000148700,true,1,9,45
A,SKY_CITADEL,34,0.000160800,true,1,13,91
A,SKY_CITADEL,35,0.000157600,true,1,13,91
A,SKY_CITADEL,36,0.000130900,true,1,9,45
A,SKY_CITADEL,37,0.000142400,true,1,10,47
A,SKY_CITADEL,38,0.000136600,true,1,9,45
A,SKY_CITADEL,39,0.000162600,true,1,15,106
A,SKY_CITADEL,40,0.000269700,true,2,40,172
A,SKY_CITADEL,41,0.000100600,true,1,9,45
A,SKY_CITADEL,42,0.000094400,true,1,9,45
A,SKY_CITADEL,43,0.000095400,true,1,11,56
A,SKY_CITADEL,44,0.000100700,true,1,12,78
A,SKY_CITADEL,45,0.000079800,true,1,10,51
A,SKY_CITADEL,46,0.000089500,true,1,12,78
A,SKY_CITADEL,47,0.000096200,true,1,14,74
A,SKY_CITADEL,48,0.000087800,true,1,12,57
A,SKY_CITADEL,49,0.000082500,true,1,10,50
A,SKY_CITADEL,50,0.000087100,true,1,12,54
A,SKY_CITADEL,51,0.000092600,true,1,13,91
A,SKY_CITADEL,52,0.000079400,true,1,9,45
A,SKY_CITADEL,53,0.000080600,true,1,10,55
A,SKY_CITADEL,54,0.000115700,true,1,16,136
A,SKY_CITADEL,55,0.000085300,true,1,9,45
A,SKY_CITADEL,56,0.000094900,true,1,13,91
A,SKY_CITADEL,57,0.000105000,true,1,15,120
A,SKY_CITADEL,58,0.000078000,true,1,9,45
A,SKY_CITADEL,59,0.000118900,true,1,18,171
A,SKY_CITADEL,60,0.000092100,true,1,12,78
A,SKY_CITADEL,61,0.000079800,true,1,10,55
A,SKY_CITADEL,62,0.000075500,true,1,9,45
A,SKY_CITADEL,63,0.000092800,true,1,12,78
A,SKY_CITADEL,64,0.000081900,true,1,9,45
A,SKY_CITADEL,65,0.000082500,true,1,10,48
A,SKY_CITADEL,66,0.000077400,true,1,9,45
A,SKY_CITADEL,67,0.000111100,true,1,16,136
A,SKY_CITADEL,68,0.000089300,true,1,10,55
A,SKY_CITADEL,69,0.000115700,true,1,18,157
A,SKY_CITADEL,70,0.000081100,true,1,10,50
A,SKY_CITADEL,71,0.000095700,true,1,12,65
A,SKY_CITADEL,72,0.000103500,true,1,14,97
A,SKY_CITADEL,73,0.000087700,true,1,10,51
A,SKY_CITADEL,74,0.000079700,true,1,10,47
A,SKY_CITADEL,75,0.000079500,true,1,10,52
A,SKY_CITADEL,76,0.000287400,true,2,48,311
A,SKY_CITADEL,77,0.000081100,true,1,9,45
A,SKY_CITADEL,78,0.000083800,true,1,10,52
A,SKY_CITADEL,79,0.000081700,true,1,9,45
A,SKY_CITADEL,80,0.000084500,true,1,11,51
A,SKY_CITADEL,81,0.000078900,true,1,9,45
A,SKY_CITADEL,82,0.000087500,true,1,10,55
A,SKY_CITADEL,83,0.000230500,true,2,35,208
A,SKY_CITADEL,84,0.000231100,true,2,37,262
A,SKY_CITADEL,85,0.000100900,true,1,14,93
A,SKY_CITADEL,86,0.000077400,true,1,9,45
A,SKY_CITADEL,87,0.000078400,true,1,9,45
A,SKY_CITADEL,88,0.000079200,true,1,10,46
A,SKY_CITADEL,89,0.000077000,true,1,9,45
A,SKY_CITADEL,90,0.000074800,true,1,9,45
A,SKY_CITADEL,91,0.000077800,true,1,10,50
A,SKY_CITADEL,92,0.000089200,true,1,10,46
A,SKY_CITADEL,93,0.000099600,true,1,13,91
A,SKY_CITADEL,94,0.000220000,true,2,27,166
A,SKY_CITADEL,95,0.000083800,true,1,10,48
A,SKY_CITADEL,96,0.000087100,true,1,11,57
A,SKY_CITADEL,97,0.000087700,true,1,10,48
A,SKY_CITADEL,98,0.000088100,true,1,11,57
A,SKY_CITADEL,99,0.000092600,true,1,12,78
A,SKY_CITADEL,100,0.000185400,true,2,25,151
A,SKY_CITADEL,101,0.000091200,true,1,12,66
A,SKY_CITADEL,102,0.000120700,true,1,17,143
A,SKY_CITADEL,103,0.000090300,true,1,12,64
A,SKY_CITADEL,104,0.000212100,true,2,35,209
A,SKY_CITADEL,105,0.000076200,true,1,9,45
A,SKY_CITADEL,106,0.000079800,true,1,10,55
A,SKY_CITADEL,107,0.000115100,true,1,16,136
A,SKY_CITADEL,108,0.000189300,true,2,27,180
A,SKY_CITADEL,109,0.000104700,true,1,14,93
A,SKY_CITADEL,110,0.000095500,true,1,13,91
A,SKY_CITADEL,111,0.000081200,true,1,9,45
A,SKY_CITADEL,112,0.000133700,true,1,23,190
A,SKY_CITADEL,113,0.000105100,true,1,16,125
A,SKY_CITADEL,114,0.000200100,true,2,26,153
A,SKY_CITADEL,115,0.000257300,true,2,41,249
A,SKY_CITADEL,116,0.000078300,true,1,9,45
A,SKY_CITADEL,117,0.000102700,true,1,14,98
A,SKY_CITADEL,118,0.000082300,true,1,9,45
A,SKY_CITADEL,119,0.000077700,true,1,9,45
A,SKY_CITADEL,120,0.000091000,true,1,12,78
A,SKY_CITADEL,121,0.000085200,true,1,9,45
A,SKY_CITADEL,122,0.000089500,true,1,11,57
A,SKY_CITADEL,123,0.000076600,true,1,9,45
A,SKY_CITADEL,124,0.000079600,true,1,9,45
A,SKY_CITADEL,125,0.000086800,true,1,10,52
A,SKY_CITADEL,126,0.000083400,true,1,10,55
A,SKY_CITADEL,127,0.000082200,true,1,10,48
A,SKY_CITADEL,128,0.000087800,true,1,10,52
A,SKY_CITADEL,129,0.000105200,true,1,15,96
A,SKY_CITADEL,130,0.000082500,true,1,9,45
A,SKY_CITADEL,131,0.000101400,true,1,13,84
A,SKY_CITADEL,132,0.000103100,true,1,12,66
A,SKY_CITADEL,133,0.000092700,true,1,13,70
A,SKY_CITADEL,134,0.000096700,true,1,10,50
A,SKY_CITADEL,135,0.000088200,true,1,11,54
A,SKY_CITADEL,136,0.000090200,true,1,12,78
A,SKY_CITADEL,137,0.000094200,true,1,13,79
A,SKY_CITADEL,138,0.000097700,true,1,12,78
A,SKY_CITADEL,139,0.000076800,true,1,9,45
A,SKY_CITADEL,140,0.000090400,true,1,12,78
A,SKY_CITADEL,141,0.000089000,true,1,12,78
A,SKY_CITADEL,142,0.000078800,true,1,10,48
A,SKY_CITADEL,143,0.000077700,true,1,9,45
A,SKY_CITADEL,144,0.000091300,true,1,13,81
A,SKY_CITADEL,145,0.000093900,true,1,9,45
A,SKY_CITADEL,146,0.000122300,true,1,19,173
A,SKY_CITADEL,147,0.000131200,true,1,11,62
A,SKY_CITADEL,148,0.000097300,true,1,9,45
A,SKY_CITADEL,149,0.000208900,true,2,40,117
A,SKY_CITADEL,150,0.000084900,true,1,9,45
A,SKY_CITADEL,151,0.000090000,true,1,10,55
A,SKY_CITADEL,152,0.000080100,true,1,9,45
A,SKY_CITADEL,153,0.000339000,true,3,55,229
A,SKY_CITADEL,154,0.000084800,true,1,11,55
A,SKY_CITADEL,155,0.000099600,true,1,14,95
A,SKY_CITADEL,156,0.000098500,true,1,11,61
A,SKY_CITADEL,157,0.000102200,true,1,12,78
A,SKY_CITADEL,158,0.000197700,true,1,9,45
A,SKY_CITADEL,159,0.000103700,true,1,10,47
A,SKY_CITADEL,160,0.000094400,true,1,10,51
A,SKY_CITADEL,161,0.000142300,true,1,18,171
A,SKY_CITADEL,162,0.000111500,true,1,13,91
A,SKY_CITADEL,163,0.000087000,true,1,9,45
A,SKY_CITADEL,164,0.000087400,true,1,9,45
A,SKY_CITADEL,165,0.000239300,true,2,30,199
A,SKY_CITADEL,166,0.000125600,true,1,15,120
A,SKY_CITADEL,167,0.000095300,true,1,12,66
A,SKY_CITADEL,168,0.000102000,true,1,13,91
A,SKY_CITADEL,169,0.000123800,true,1,14,105
A,SKY_CITADEL,170,0.000088200,true,1,10,47
A,SKY_CITADEL,171,0.000084800,true,1,9,45
A,SKY_CITADEL,172,0.000114900,true,1,15,108
A,SKY_CITADEL,173,0.000087000,true,1,9,45
A,SKY_CITADEL,174,0.000089800,true,1,10,46
A,SKY_CITADEL,175,0.000089300,true,1,10,55
A,SKY_CITADEL,176,0.000142500,true,1,19,175
A,SKY_CITADEL,177,0.000087600,true,1,9,45
A,SKY_CITADEL,178,0.000115100,true,1,16,102
A,SKY_CITADEL,179,0.000270000,true,3,49,183
A,SKY_CITADEL,180,0.000075300,true,1,9,45
A,SKY_CITADEL,181,0.000183500,true,2,27,153
A,SKY_CITADEL,182,0.000084100,true,1,11,51
A,SKY_CITADEL,183,0.000077900,true,1,10,47
A,SKY_CITADEL,184,0.000084600,true,1,9,45
A,SKY_CITADEL,185,0.000087900,true,1,11,54
A,SKY_CITADEL,186,0.000092000,true,1,9,45
A,SKY_CITADEL,187,0.000084100,true,1,10,48
A,SKY_CITADEL,188,0.000082000,true,1,9,45
A,SKY_CITADEL,189,0.000079700,true,1,9,45
A,SKY_CITADEL,190,0.000262900,true,2,49,237
A,SKY_CITADEL,191,0.000191900,true,2,28,181
A,SKY_CITADEL,192,0.000090500,true,1,10,55
A,SKY_CITADEL,193,0.000083300,true,1,9,45
A,SKY_CITADEL,194,0.000124700,true,1,17,153
A,SKY_CITADEL,195,0.000085100,true,1,9,45
A,SKY_CITADEL,196,0.000087900,true,1,10,55
A,SKY_CITADEL,197,0.000080600,true,1,10,50
A,SKY_CITADEL,198,0.000104400,true,1,14,95
A,SKY_CITADEL,199,0.000115200,true,1,13,91
A,SKY_CITADEL,200,0.000109900,true,1,13,91
A,SKY_CITADEL,201,0.000089500,true,1,9,45
A,SKY_CITADEL,202,0.000098500,true,1,10,48
A,SKY_CITADEL,203,0.000076900,true,1,9,45
A,SKY_CITADEL,204,0.000205400,true,2,37,148
A,SKY_CITADEL,205,0.000080200,true,1,10,55
A,SKY_CITADEL,206,0.000095900,true,1,14,91
A,SKY_CITADEL,207,0.000118400,true,1,17,138
A,SKY_CITADEL,208,0.000090800,true,1,11,56
A,SKY_CITADEL,209,0.000254500,true,2,37,145
A,SKY_CITADEL,210,0.000100400,true,1,10,51
A,SKY_CITADEL,211,0.000097200,true,1,10,55
A,SKY_CITADEL,212,0.000089900,true,1,9,45
A,SKY_CITADEL,213,0.000270200,true,2,36,266
A,SKY_CITADEL,214,0.000098600,true,1,9,45
A,SKY_CITADEL,215,0.000145900,true,1,14,92
A,SKY_CITADEL,216,0.000126200,true,1,12,78
A,SKY_CITADEL,217,0.000129900,true,1,11,58
A,SKY_CITADEL,218,0.000176500,true,1,14,84
A,SKY_CITADEL,219,0.000182700,true,1,17,102
A,SKY_CITADEL,220,0.000143800,true,1,9,45
A,SKY_CITADEL,221,0.000159500,true,1,13,91
A,SKY_CITADEL,222,0.000438300,true,2,37,332
A,SKY_CITADEL,223,0.000145300,true,1,10,46
A,SKY_CITADEL,224,0.000135000,true,1,9,45
A,SKY_CITADEL,225,0.000093300,true,1,9,45
A,SKY_CITADEL,226,0.000094300,true,1,9,45
A,SKY_CITADEL,227,0.000091500,true,1,10,46
A,SKY_CITADEL,228,0.000098300,true,1,10,55
A,SKY_CITADEL,229,0.000091600,true,1,10,55
A,SKY_CITADEL,230,0.000084700,true,1,9,45
A,SKY_CITADEL,231,0.000076500,true,1,9,45
A,SKY_CITADEL,232,0.000300400,true,3,65,217
A,SKY_CITADEL,233,0.000086300,true,1,9,45
A,SKY_CITADEL,234,0.000082200,true,1,11,54
A,SKY_CITADEL,235,0.000178300,true,2,40,193
A,SKY_CITADEL,236,0.000208700,true,2,35,246
A,SKY_CITADEL,237,0.000106100,true,1,15,120
A,SKY_CITADEL,238,0.000084300,true,1,11,60
A,SKY_CITADEL,239,0.000229100,true,2,39,275
A,SKY_CITADEL,240,0.000242600,true,2,38,256
A,SKY_CITADEL,241,0.000081400,true,1,10,51
A,SKY_CITADEL,242,0.000100700,true,1,14,93
A,SKY_CITADEL,243,0.000112900,true,1,17,153
A,SKY_CITADEL,244,0.000079500,true,1,9,45
A,SKY_CITADEL,245,0.000094800,true,1,12,78
A,SKY_CITADEL,246,0.000082600,true,1,9,45
A,SKY_CITADEL,247,0.000089600,true,1,12,78
A,SKY_CITADEL,248,0.000081000,true,1,9,45
A,SKY_CITADEL,249,0.000084900,true,1,11,51
A,SKY_CITADEL,250,0.000092900,true,1,12,78
A,SKY_CITADEL,251,0.000092400,true,1,12,78
A,SKY_CITADEL,252,0.000079600,true,1,10,55
A,SKY_CITADEL,253,0.000204800,true,2,28,223
A,SKY_CITADEL,254,0.000094900,true,1,13,85
A,SKY_CITADEL,255,0.000118400,true,1,11,54
A,SKY_CITADEL,256,0.000097400,true,1,9,45
A,SKY_CITADEL,257,0.000102400,true,1,10,55
A,SKY_CITADEL,258,0.000099000,true,1,9,45
A,SKY_CITADEL,259,0.000136100,true,1,10,52
A,SKY_CITADEL,260,0.000100100,true,1,11,56
A,SKY_CITADEL,261,0.000093300,true,1,10,50
A,SKY_CITADEL,262,0.000082400,true,1,10,52
A,SKY_CITADEL,263,0.000094700,true,1,13,91
A,SKY_CITADEL,264,0.000129000,true,1,20,191
A,SKY_CITADEL,265,0.000080000,true,1,9,45
A,SKY_CITADEL,266,0.000234800,true,2,45,157
A,SKY_CITADEL,267,0.000083000,true,1,9,45
A,SKY_CITADEL,268,0.000116600,true,1,18,154
A,SKY_CITADEL,269,0.000081800,true,1,10,51
A,SKY_CITADEL,270,0.000087300,true,1,11,62
A,SKY_CITADEL,271,0.000093700,true,1,12,78
A,SKY_CITADEL,272,0.000085400,true,1,11,49
A,SKY_CITADEL,273,0.000079200,true,1,9,45
A,SKY_CITADEL,274,0.000082300,true,1,10,55
A,SKY_CITADEL,275,0.000224000,true,2,41,183
A,SKY_CITADEL,276,0.000088600,true,1,10,55
A,SKY_CITADEL,277,0.000187400,true,2,24,138
A,SKY_CITADEL,278,0.000100400,true,1,13,91
A,SKY_CITADEL,279,0.000088300,true,1,12,56
A,SKY_CITADEL,280,0.000094100,true,1,13,91
A,SKY_CITADEL,281,0.000085400,true,1,9,45
A,SKY_CITADEL,282,0.000120600,true,1,18,157
A,SKY_CITADEL,283,0.000124200,true,1,19,175
A,SKY_CITADEL,284,0.000214400,true,2,29,228
A,SKY_CITADEL,285,0.000199100,true,2,42,210
A,SKY_CITADEL,286,0.000104500,true,1,14,105
A,SKY_CITADEL,287,0.000083200,true,1,10,52
A,SKY_CITADEL,288,0.000089300,true,1,12,78
A,SKY_CITADEL,289,0.000080700,true,1,10,55
A,SKY_CITADEL,290,0.000087000,true,1,10,49
A,SKY_CITADEL,291,0.000089900,true,1,11,61
A,SKY_CITADEL,292,0.000082800,true,1,10,47
A,SKY_CITADEL,293,0.000100600,true,1,13,91
A,SKY_CITADEL,294,0.000114000,true,1,11,53
A,SKY_CITADEL,295,0.000089900,true,1,9,45
A,SKY_CITADEL,296,0.000222300,true,2,34,179
A,SKY_CITADEL,297,0.000087600,true,1,10,55
A,SKY_CITADEL,298,0.000107500,true,1,14,105
A,SKY_CITADEL,299,0.000080900,true,1,9,45
A,SKY_CITADEL,300,0.000077400,true,1,9,45
A,SKY_CITADEL,301,0.000097700,true,1,13,91
A,SKY_CITADEL,302,0.000081800,true,1,10,55
A,SKY_CITADEL,303,0.000097100,true,1,14,84
A,SKY_CITADEL,304,0.000083100,true,1,11,53
A,SKY_CITADEL,305,0.000079800,true,1,10,46
A,SKY_CITADEL,306,0.000101000,true,1,14,105
A,SKY_CITADEL,307,0.000079000,true,1,9,45
A,SKY_CITADEL,308,0.000087500,true,1,9,45
A,SKY_CITADEL,309,0.000097800,true,1,14,81
A,SKY_CITADEL,310,0.000082100,true,1,9,45
A,SKY_CITADEL,311,0.000077800,true,1,9,45
A,SKY_CITADEL,312,0.000090900,true,1,13,84
A,SKY_CITADEL,313,0.000091300,true,1,13,64
A,SKY_CITADEL,314,0.000113600,true,1,18,171
A,SKY_CITADEL,315,0.000082000,true,1,10,52
A,SKY_CITADEL,316,0.000082700,true,1,11,54
A,SKY_CITADEL,317,0.000076600,true,1,9,45
A,SKY_CITADEL,318,0.000096700,true,1,13,91
A,SKY_CITADEL,319,0.000078500,true,1,10,51
A,SKY_CITADEL,320,0.000081600,true,1,10,55
A,SKY_CITADEL,321,0.000091200,true,1,12,78
A,SKY_CITADEL,322,0.000083700,true,1,11,54
A,SKY_CITADEL,323,0.000079400,true,1,9,45
A,SKY_CITADEL,324,0.000115900,true,1,17,127
A,SKY_CITADEL,325,0.000101500,true,1,15,109
A,SKY_CITADEL,326,0.000091000,true,1,10,48
A,SKY_CITADEL,327,0.000100600,true,1,15,120
A,SKY_CITADEL,328,0.000207900,true,2,33,257
A,SKY_CITADEL,329,0.000116100,true,1,18,171
A,SKY_CITADEL,330,0.000075400,true,1,9,45
A,SKY_CITADEL,331,0.000100300,true,1,13,85
A,SKY_CITADEL,332,0.000079100,true,1,9,45
A,SKY_CITADEL,333,0.000183700,true,2,25,161
A,SKY_CITADEL,334,0.000087200,true,1,10,55
A,SKY_CITADEL,335,0.000075700,true,1,9,45
A,SKY_CITADEL,336,0.000084800,true,1,10,49
A,SKY_CITADEL,337,0.000086400,true,1,11,61
A,SKY_CITADEL,338,0.000083000,true,1,9,45
A,SKY_CITADEL,339,0.000092400,true,1,10,48
A,SKY_CITADEL,340,0.000167200,true,1,11,53
A,SKY_CITADEL,341,0.000225200,true,1,13,81
A,SKY_CITADEL,342,0.000184100,true,1,9,45
A,SKY_CITADEL,343,0.000108800,true,1,12,78
A,SKY_CITADEL,344,0.000104400,true,1,10,55
A,SKY_CITADEL,345,0.000125700,true,1,16,124
A,SKY_CITADEL,346,0.000109700,true,1,13,83
A,SKY_CITADEL,347,0.000088300,true,1,9,45
A,SKY_CITADEL,348,0.000111100,true,1,13,91
A,SKY_CITADEL,349,0.000126600,true,1,17,153
A,SKY_CITADEL,350,0.000112300,true,1,15,96
A,SKY_CITADEL,351,0.000087000,true,1,10,47
A,SKY_CITADEL,352,0.000083200,true,1,9,45
A,SKY_CITADEL,353,0.000090400,true,1,9,45
A,SKY_CITADEL,354,0.000090800,true,1,11,49
A,SKY_CITADEL,355,0.000096000,true,1,9,45
A,SKY_CITADEL,356,0.000100400,true,1,13,81
A,SKY_CITADEL,357,0.000094600,true,1,9,45
A,SKY_CITADEL,358,0.000231400,true,2,48,187
A,SKY_CITADEL,359,0.000198300,true,2,38,84
A,SKY_CITADEL,360,0.000087100,true,1,9,45
A,SKY_CITADEL,361,0.000085800,true,1,9,45
A,SKY_CITADEL,362,0.000095100,true,1,11,54
A,SKY_CITADEL,363,0.000097600,true,1,9,45
A,SKY_CITADEL,364,0.000081700,true,1,10,47
A,SKY_CITADEL,365,0.000079900,true,1,10,52
A,SKY_CITADEL,366,0.000080800,true,1,10,55
A,SKY_CITADEL,367,0.000078500,true,1,10,50
A,SKY_CITADEL,368,0.000115700,true,1,18,147
A,SKY_CITADEL,369,0.000181000,true,1,13,91
A,SKY_CITADEL,370,0.000140800,true,1,18,171
A,SKY_CITADEL,371,0.000097000,true,1,10,48
A,SKY_CITADEL,372,0.000095500,true,1,10,55
A,SKY_CITADEL,373,0.000113900,true,1,13,91
A,SKY_CITADEL,374,0.000120500,true,1,17,153
A,SKY_CITADEL,375,0.000131800,true,1,20,177
A,SKY_CITADEL,376,0.000086700,true,1,9,45
A,SKY_CITADEL,377,0.000120500,true,1,17,140
A,SKY_CITADEL,378,0.000118100,true,1,13,83
A,SKY_CITADEL,379,0.000090400,true,1,9,45
A,SKY_CITADEL,380,0.000105800,true,1,9,45
A,SKY_CITADEL,381,0.000091400,true,1,10,55
A,SKY_CITADEL,382,0.000095500,true,1,12,78
A,SKY_CITADEL,383,0.000087300,true,1,9,45
A,SKY_CITADEL,384,0.000098700,true,1,12,78
A,SKY_CITADEL,385,0.000087600,true,1,9,45
A,SKY_CITADEL,386,0.000107500,true,1,14,88
A,SKY_CITADEL,387,0.000113700,true,1,13,91
A,SKY_CITADEL,388,0.000091800,true,1,11,51
A,SKY_CITADEL,389,0.000100600,true,1,10,50
A,SKY_CITADEL,390,0.000099900,true,1,13,84
A,SKY_CITADEL,391,0.000220900,true,2,33,246
A,SKY_CITADEL,392,0.000077800,true,1,9,45
A,SKY_CITADEL,393,0.000111100,true,1,10,52
A,SKY_CITADEL,394,0.000206300,true,2,20,104
A,SKY_CITADEL,395,0.000089600,true,1,10,46
A,SKY_CITADEL,396,0.000088600,true,1,9,45
A,SKY_CITADEL,397,0.000104900,true,1,12,78
A,SKY_CITADEL,398,0.001637600,true,2,36,265
A,SKY_CITADEL,399,0.000133500,true,1,15,99
A,SKY_CITADEL,400,0.000102900,true,1,9,45
A,SKY_CITADEL,401,0.000109300,true,1,11,58
A,SKY_CITADEL,402,0.000143200,true,1,12,78
A,SKY_CITADEL,403,0.000090200,true,1,11,51
A,SKY_CITADEL,404,0.000125900,true,1,10,55
A,SKY_CITADEL,405,0.000151700,true,1,13,91
A,SKY_CITADEL,406,0.000349600,true,2,25,132
A,SKY_CITADEL,407,0.000166700,true,1,10,55
A,SKY_CITADEL,408,0.000176300,true,1,9,45
A,SKY_CITADEL,409,0.000146700,true,1,11,53
A,SKY_CITADEL,410,0.000185100,true,1,14,95
A,SKY_CITADEL,411,0.000458600,true,1,9,45
A,SKY_CITADEL,412,0.000418000,true,2,29,161
A,SKY_CITADEL,413,0.000117600,true,1,9,45
A,SKY_CITADEL,414,0.000307700,true,2,34,251
A,SKY_CITADEL,415,0.000173000,true,1,18,171
A,SKY_CITADEL,416,0.000115100,true,1,11,58
A,SKY_CITADEL,417,0.000102700,true,1,10,55
A,SKY_CITADEL,418,0.000093500,true,1,10,52
A,SKY_CITADEL,419,0.000142400,true,1,12,78
A,SKY_CITADEL,420,0.000102600,true,1,12,78
A,SKY_CITADEL,421,0.000117900,true,1,17,142
A,SKY_CITADEL,422,0.000080200,true,1,9,45
A,SKY_CITADEL,423,0.000147100,true,1,23,258
A,SKY_CITADEL,424,0.000196900,true,2,41,155
A,SKY_CITADEL,425,0.000081800,true,1,10,47
A,SKY_CITADEL,426,0.000081300,true,1,10,55
A,SKY_CITADEL,427,0.000096200,true,1,13,91
A,SKY_CITADEL,428,0.000082200,true,1,10,51
A,SKY_CITADEL,429,0.000086300,true,1,10,55
A,SKY_CITADEL,430,0.000084200,true,1,9,45
A,SKY_CITADEL,431,0.000085600,true,1,12,56
A,SKY_CITADEL,432,0.000099900,true,1,10,50
A,SKY_CITADEL,433,0.000181400,true,2,41,107
A,SKY_CITADEL,434,0.000139000,true,1,19,190
A,SKY_CITADEL,435,0.000106300,true,1,12,78
A,SKY_CITADEL,436,0.000104500,true,1,14,93
A,SKY_CITADEL,437,0.000100200,true,1,12,78
A,SKY_CITADEL,438,0.000097300,true,1,9,45
A,SKY_CITADEL,439,0.000093300,true,1,10,55
A,SKY_CITADEL,440,0.000108600,true,1,14,92
A,SKY_CITADEL,441,0.000115500,true,1,15,109
A,SKY_CITADEL,442,0.000084500,true,1,9,45
A,SKY_CITADEL,443,0.000085900,true,1,10,52
A,SKY_CITADEL,444,0.000083400,true,1,10,46
A,SKY_CITADEL,445,0.000101900,true,1,14,105
A,SKY_CITADEL,446,0.000212900,true,2,28,163
A,SKY_CITADEL,447,0.000084400,true,1,9,45
A,SKY_CITADEL,448,0.000086000,true,1,11,48
A,SKY_CITADEL,449,0.000081800,true,1,10,47
A,SKY_CITADEL,450,0.000109700,true,1,13,91
A,SKY_CITADEL,451,0.000089400,true,1,10,55
A,SKY_CITADEL,452,0.000095200,true,1,13,83
A,SKY_CITADEL,453,0.000180000,true,2,42,107
A,SKY_CITADEL,454,0.000137700,true,1,20,197
A,SKY_CITADEL,455,0.000118200,true,1,17,153
A,SKY_CITADEL,456,0.000085500,true,1,10,51
A,SKY_CITADEL,457,0.000087500,true,1,9,45
A,SKY_CITADEL,458,0.000164900,true,1,12,78
A,SKY_CITADEL,459,0.000214700,true,1,12,61
A,SKY_CITADEL,460,0.000176300,true,1,12,78
A,SKY_CITADEL,461,0.000083700,true,1,9,45
A,SKY_CITADEL,462,0.000083300,true,1,10,55
A,SKY_CITADEL,463,0.000085200,true,1,10,48
A,SKY_CITADEL,464,0.000112000,true,1,17,153
A,SKY_CITADEL,465,0.000103600,true,1,15,120
A,SKY_CITADEL,466,0.000081300,true,1,10,55
A,SKY_CITADEL,467,0.000081400,true,1,9,45
A,SKY_CITADEL,468,0.000118400,true,1,18,171
A,SKY_CITADEL,469,0.000079600,true,1,9,45
A,SKY_CITADEL,470,0.000081200,true,1,10,55
A,SKY_CITADEL,471,0.000082300,true,1,10,52
A,SKY_CITADEL,472,0.000084700,true,1,9,45
A,SKY_CITADEL,473,0.000100500,true,1,12,53
A,SKY_CITADEL,474,0.000092300,true,1,11,56
A,SKY_CITADEL,475,0.000091600,true,1,9,45
A,SKY_CITADEL,476,0.000114600,true,1,13,91
A,SKY_CITADEL,477,0.000095400,true,1,9,45
A,SKY_CITADEL,478,0.000118400,true,1,14,94
A,SKY_CITADEL,479,0.000086900,true,1,9,45
A,SKY_CITADEL,480,0.000255200,true,2,38,207
A,SKY_CITADEL,481,0.000089600,true,1,10,55
A,SKY_CITADEL,482,0.000262300,true,2,39,288
A,SKY_CITADEL,483,0.000111400,true,1,15,120
A,SKY_CITADEL,484,0.000100500,true,1,12,58
A,SKY_CITADEL,485,0.000085500,true,1,10,46
A,SKY_CITADEL,486,0.000085600,true,1,9,45
A,SKY_CITADEL,487,0.000112200,true,1,15,110
A,SKY_CITADEL,488,0.000084300,true,1,9,45
A,SKY_CITADEL,489,0.000083600,true,1,10,46
A,SKY_CITADEL,490,0.000083500,true,1,9,45
A,SKY_CITADEL,491,0.000083600,true,1,10,49
A,SKY_CITADEL,492,0.000081900,true,1,9,45
A,SKY_CITADEL,493,0.000128400,true,1,19,146
A,SKY_CITADEL,494,0.000087400,true,1,11,59
A,SKY_CITADEL,495,0.000086700,true,1,11,52
A,SKY_CITADEL,496,0.000101200,true,1,14,96
A,SKY_CITADEL,497,0.000090900,true,1,12,78
A,SKY_CITADEL,498,0.000142000,true,1,17,153
A,SKY_CITADEL,499,0.000086200,true,1,11,59
A,SKY_CITADEL,500,0.000077900,true,1,9,45
A,SKY_CITADEL,501,0.000077000,true,1,9,45
A,SKY_CITADEL,502,0.000077900,true,1,9,45
A,SKY_CITADEL,503,0.000080500,true,1,10,55
A,SKY_CITADEL,504,0.000076200,true,1,9,45
A,SKY_CITADEL,505,0.000114200,true,1,17,153
A,SKY_CITADEL,506,0.000098500,true,1,13,91
A,SKY_CITADEL,507,0.000085900,true,1,10,55
A,SKY_CITADEL,508,0.000306700,true,3,71,285
A,SKY_CITADEL,509,0.000089700,true,1,12,78
A,SKY_CITADEL,510,0.000091300,true,1,12,78
A,SKY_CITADEL,511,0.000075200,true,1,9,45
A,SKY_CITADEL,512,0.000090400,true,1,13,83
A,SKY_CITADEL,513,0.000122600,true,1,18,171
A,SKY_CITADEL,514,0.000088300,true,1,10,49
A,SKY_CITADEL,515,0.000083500,true,1,11,58
A,SKY_CITADEL,516,0.000080200,true,1,10,50
A,SKY_CITADEL,517,0.000076900,true,1,9,45
A,SKY_CITADEL,518,0.000102200,true,1,15,120
A,SKY_CITADEL,519,0.000285700,true,3,68,125
A,SKY_CITADEL,520,0.000075200,true,1,9,45
A,SKY_CITADEL,521,0.000176500,true,2,25,128
A,SKY_CITADEL,522,0.000077700,true,1,9,45
A,SKY_CITADEL,523,0.000086600,true,1,12,61
A,SKY_CITADEL,524,0.000100500,true,1,13,91
A,SKY_CITADEL,525,0.000094600,true,1,9,45
A,SKY_CITADEL,526,0.000088800,true,1,10,55
A,SKY_CITADEL,527,0.000143700,true,1,12,78
A,SKY_CITADEL,528,0.000083300,true,1,9,45
A,SKY_CITADEL,529,0.000094700,true,1,10,55
A,SKY_CITADEL,530,0.000122300,true,1,17,127
A,SKY_CITADEL,531,0.000089700,true,1,9,45
A,SKY_CITADEL,532,0.000084100,true,1,9,45
A,SKY_CITADEL,533,0.000105500,true,1,12,78
A,SKY_CITADEL,534,0.000089300,true,1,10,46
A,SKY_CITADEL,535,0.000092600,true,1,10,55
A,SKY_CITADEL,536,0.000087600,true,1,9,45
A,SKY_CITADEL,537,0.000088600,true,1,10,51
A,SKY_CITADEL,538,0.000090400,true,1,12,51
A,SKY_CITADEL,539,0.000090500,true,1,9,45
A,SKY_CITADEL,540,0.000105500,true,1,13,91
A,SKY_CITADEL,541,0.000088900,true,1,10,55
A,SKY_CITADEL,542,0.000209900,true,2,28,196
A,SKY_CITADEL,543,0.000101300,true,1,13,91
A,SKY_CITADEL,544,0.000106800,true,1,14,105
A,SKY_CITADEL,545,0.000093600,true,1,13,68
A,SKY_CITADEL,546,0.000095500,true,1,10,49
A,SKY_CITADEL,547,0.000117100,true,1,10,55
A,SKY_CITADEL,548,0.000094100,true,1,10,55
A,SKY_CITADEL,549,0.000110600,true,1,12,78
A,SKY_CITADEL,550,0.000092600,true,1,12,78
A,SKY_CITADEL,551,0.000093700,true,1,12,78
A,SKY_CITADEL,552,0.000082300,true,1,11,61
A,SKY_CITADEL,553,0.000079400,true,1,10,48
A,SKY_CITADEL,554,0.000092100,true,1,13,91
A,SKY_CITADEL,555,0.000077700,true,1,9,45
A,SKY_CITADEL,556,0.000078200,true,1,9,45
A,SKY_CITADEL,557,0.000111200,true,1,15,120
A,SKY_CITADEL,558,0.000183000,true,2,38,89
A,SKY_CITADEL,559,0.000102600,true,1,14,96
A,SKY_CITADEL,560,0.000215900,true,2,36,175
A,SKY_CITADEL,561,0.000264900,true,2,40,332
A,SKY_CITADEL,562,0.000080800,true,1,9,45
A,SKY_CITADEL,563,0.000078100,true,1,9,45
A,SKY_CITADEL,564,0.000077600,true,1,10,49
A,SKY_CITADEL,565,0.000077500,true,1,10,51
A,SKY_CITADEL,566,0.000075600,true,1,9,45
A,SKY_CITADEL,567,0.000436200,true,4,89,423
A,SKY_CITADEL,568,0.000091900,true,1,11,53
A,SKY_CITADEL,569,0.000086500,true,1,10,47
A,SKY_CITADEL,570,0.000093100,true,1,10,48
A,SKY_CITADEL,571,0.000080500,true,1,10,55
A,SKY_CITADEL,572,0.000088400,true,1,12,78
A,SKY_CITADEL,573,0.000216900,true,2,39,114
A,SKY_CITADEL,574,0.000092200,true,1,13,91
A,SKY_CITADEL,575,0.000085000,true,1,11,56
A,SKY_CITADEL,576,0.000089400,true,1,11,62
A,SKY_CITADEL,577,0.000105900,true,1,13,91
A,SKY_CITADEL,578,0.000111700,true,1,14,94
A,SKY_CITADEL,579,0.000098300,true,1,12,63
A,SKY_CITADEL,580,0.000092700,true,1,10,50
A,SKY_CITADEL,581,0.000082000,true,1,9,45
A,SKY_CITADEL,582,0.000097900,true,1,13,80
A,SKY_CITADEL,583,0.000271000,true,2,39,362
A,SKY_CITADEL,584,0.000112400,true,1,9,45
A,SKY_CITADEL,585,0.000084300,true,1,11,58
A,SKY_CITADEL,586,0.000124700,true,1,12,78
A,SKY_CITADEL,587,0.000136600,true,1,12,78
A,SKY_CITADEL,588,0.000128000,true,1,10,55
A,SKY_CITADEL,589,0.000141100,true,1,9,45
A,SKY_CITADEL,590,0.000139400,true,1,9,45
A,SKY_CITADEL,591,0.000157100,true,1,14,98
A,SKY_CITADEL,592,0.000167100,true,1,13,91
A,SKY_CITADEL,593,0.000148000,true,1,11,60
A,SKY_CITADEL,594,0.000133500,true,1,9,45
A,SKY_CITADEL,595,0.000168500,true,1,13,91
A,SKY_CITADEL,596,0.000095600,true,1,11,54
A,SKY_CITADEL,597,0.000092300,true,1,10,55
A,SKY_CITADEL,598,0.000089400,true,1,9,45
A,SKY_CITADEL,599,0.000115600,true,1,13,91
A,SKY_CITADEL,600,0.000122700,true,1,16,123
A,SKY_CITADEL,601,0.000080100,true,1,9,45
A,SKY_CITADEL,602,0.000122400,true,1,18,171
A,SKY_CITADEL,603,0.000113400,true,1,16,136
A,SKY_CITADEL,604,0.000090800,true,1,12,78
A,SKY_CITADEL,605,0.000088700,true,1,12,78
A,SKY_CITADEL,606,0.000079400,true,1,10,47
A,SKY_CITADEL,607,0.000076400,true,1,9,45
A,SKY_CITADEL,608,0.000081600,true,1,10,55
A,SKY_CITADEL,609,0.000076200,true,1,9,45
A,SKY_CITADEL,610,0.000078700,true,1,10,49
A,SKY_CITADEL,611,0.000096300,true,1,13,91
A,SKY_CITADEL,612,0.000082700,true,1,9,45
A,SKY_CITADEL,613,0.000076500,true,1,9,45
A,SKY_CITADEL,614,0.000099000,true,1,14,105
A,SKY_CITADEL,615,0.000093300,true,1,13,91
A,SKY_CITADEL,616,0.000076300,true,1,9,45
A,SKY_CITADEL,617,0.000078600,true,1,10,47
A,SKY_CITADEL,618,0.000078300,true,1,9,45
A,SKY_CITADEL,619,0.000218100,true,2,36,255
A,SKY_CITADEL,620,0.000088800,true,1,13,79
A,SKY_CITADEL,621,0.000081800,true,1,10,51
A,SKY_CITADEL,622,0.000082800,true,1,11,57
A,SKY_CITADEL,623,0.000079300,true,1,10,50
A,SKY_CITADEL,624,0.000098500,true,1,15,96
A,SKY_CITADEL,625,0.000099200,true,1,12,78
A,SKY_CITADEL,626,0.000076100,true,1,9,45
A,SKY_CITADEL,627,0.000075900,true,1,9,45
A,SKY_CITADEL,628,0.000082400,true,1,11,49
A,SKY_CITADEL,629,0.000074600,true,1,9,45
A,SKY_CITADEL,630,0.000109900,true,1,18,140
A,SKY_CITADEL,631,0.000076500,true,1,9,45
A,SKY_CITADEL,632,0.000076700,true,1,9,45
A,SKY_CITADEL,633,0.000107900,true,1,15,120
A,SKY_CITADEL,634,0.000099000,true,1,13,91
A,SKY_CITADEL,635,0.000102000,true,1,14,105
A,SKY_CITADEL,636,0.000122100,true,1,19,190
A,SKY_CITADEL,637,0.000080100,true,1,9,45
A,SKY_CITADEL,638,0.000080600,true,1,10,55
A,SKY_CITADEL,639,0.000265200,true,2,33,280
A,SKY_CITADEL,640,0.000092000,true,1,12,78
A,SKY_CITADEL,641,0.000087100,true,1,10,47
A,SKY_CITADEL,642,0.000080200,true,1,10,55
A,SKY_CITADEL,643,0.000083400,true,1,11,60
A,SKY_CITADEL,644,0.000096200,true,1,14,89
A,SKY_CITADEL,645,0.000081700,true,1,10,48
A,SKY_CITADEL,646,0.000088800,true,1,12,78
A,SKY_CITADEL,647,0.000172600,true,2,24,138
A,SKY_CITADEL,648,0.000201900,true,2,40,124
A,SKY_CITADEL,649,0.000097700,true,1,14,96
A,SKY_CITADEL,650,0.000076700,true,1,9,45
A,SKY_CITADEL,651,0.000093900,true,1,14,95
A,SKY_CITADEL,652,0.000102900,true,1,16,108
A,SKY_CITADEL,653,0.000078500,true,1,9,45
A,SKY_CITADEL,654,0.000079000,true,1,10,47
A,SKY_CITADEL,655,0.000076500,true,1,9,45
A,SKY_CITADEL,656,0.000094100,true,1,13,91
A,SKY_CITADEL,657,0.000080600,true,1,9,45
A,SKY_CITADEL,658,0.000182300,true,2,41,200
A,SKY_CITADEL,659,0.000078100,true,1,9,45
A,SKY_CITADEL,660,0.000095600,true,1,14,84
A,SKY_CITADEL,661,0.000096400,true,1,14,92
A,SKY_CITADEL,662,0.000077500,true,1,9,45
A,SKY_CITADEL,663,0.000089700,true,1,12,78
A,SKY_CITADEL,664,0.000114400,true,1,16,136
A,SKY_CITADEL,665,0.000087600,true,1,12,57
A,SKY_CITADEL,666,0.000077500,true,1,9,45
A,SKY_CITADEL,667,0.000094300,true,1,13,91
A,SKY_CITADEL,668,0.000100500,true,1,14,98
A,SKY_CITADEL,669,0.000085000,true,1,11,56
A,SKY_CITADEL,670,0.000088000,true,1,9,45
A,SKY_CITADEL,671,0.000076200,true,1,9,45
A,SKY_CITADEL,672,0.000170600,true,2,43,115
A,SKY_CITADEL,673,0.000077200,true,1,10,46
A,SKY_CITADEL,674,0.000079200,true,1,10,51
A,SKY_CITADEL,675,0.000224900,true,2,42,120
A,SKY_CITADEL,676,0.000089300,true,1,12,78
A,SKY_CITADEL,677,0.000083200,true,1,10,51
A,SKY_CITADEL,678,0.000122200,true,1,20,180
A,SKY_CITADEL,679,0.000090100,true,1,12,78
A,SKY_CITADEL,680,0.000082000,true,1,9,45
A,SKY_CITADEL,681,0.000187600,true,2,40,98
A,SKY_CITADEL,682,0.000078800,true,1,9,45
A,SKY_CITADEL,683,0.000207700,true,2,35,234
A,SKY_CITADEL,684,0.000077800,true,1,9,45
A,SKY_CITADEL,685,0.000094200,true,1,13,91
A,SKY_CITADEL,686,0.000290300,true,3,70,193
A,SKY_CITADEL,687,0.000334900,true,2,38,198
A,SKY_CITADEL,688,0.000098900,true,1,13,91
A,SKY_CITADEL,689,0.000213800,true,2,35,258
A,SKY_CITADEL,690,0.000080200,true,1,10,48
A,SKY_CITADEL,691,0.000085000,true,1,10,47
A,SKY_CITADEL,692,0.000213800,true,2,29,196
A,SKY_CITADEL,693,0.000079800,true,1,9,45
A,SKY_CITADEL,694,0.000089400,true,1,12,78
A,SKY_CITADEL,695,0.000079200,true,1,10,55
A,SKY_CITADEL,696,0.000078000,true,1,9,45
A,SKY_CITADEL,697,0.000204200,true,2,33,182
A,SKY_CITADEL,698,0.000076800,true,1,9,45
A,SKY_CITADEL,699,0.000086000,true,1,11,62
A,SKY_CITADEL,700,0.000200200,true,2,29,195
A,SKY_CITADEL,701,0.000078500,true,1,9,45
A,SKY_CITADEL,702,0.000083700,true,1,11,52
A,SKY_CITADEL,703,0.000076100,true,1,9,45
A,SKY_CITADEL,704,0.000086400,true,1,9,45
A,SKY_CITADEL,705,0.000078700,true,1,10,51
A,SKY_CITADEL,706,0.000080600,true,1,10,46
A,SKY_CITADEL,707,0.000104600,true,1,15,98
A,SKY_CITADEL,708,0.000081000,true,1,10,50
A,SKY_CITADEL,709,0.000096700,true,1,13,91
A,SKY_CITADEL,710,0.000193000,true,2,34,125
A,SKY_CITADEL,711,0.000221800,true,2,29,219
A,SKY_CITADEL,712,0.000078000,true,1,9,45
A,SKY_CITADEL,713,0.000079700,true,1,10,55
A,SKY_CITADEL,714,0.000096800,true,1,14,85
A,SKY_CITADEL,715,0.000082600,true,1,11,50
A,SKY_CITADEL,716,0.000074900,true,1,9,45
A,SKY_CITADEL,717,0.000087700,true,1,12,78
A,SKY_CITADEL,718,0.000079000,true,1,10,46
A,SKY_CITADEL,719,0.000076300,true,1,9,45
A,SKY_CITADEL,720,0.000230900,true,2,34,277
A,SKY_CITADEL,721,0.000077300,true,1,9,45
A,SKY_CITADEL,722,0.000083000,true,1,10,48
A,SKY_CITADEL,723,0.000076500,true,1,9,45
A,SKY_CITADEL,724,0.000092600,true,1,13,81
A,SKY_CITADEL,725,0.000309400,true,1,10,55
A,SKY_CITADEL,726,0.000229900,true,1,13,91
A,SKY_CITADEL,727,0.000189300,true,1,9,45
A,SKY_CITADEL,728,0.000187700,true,1,11,59
A,SKY_CITADEL,729,0.000469800,true,2,20,95
A,SKY_CITADEL,730,0.000247300,true,1,15,120
A,SKY_CITADEL,731,0.000149800,true,1,15,120
A,SKY_CITADEL,732,0.000094800,true,1,9,45
A,SKY_CITADEL,733,0.000125800,true,1,14,90
A,SKY_CITADEL,734,0.000107700,true,1,12,78
A,SKY_CITADEL,735,0.000090000,true,1,9,45
A,SKY_CITADEL,736,0.000093900,true,1,11,61
A,SKY_CITADEL,737,0.000086400,true,1,9,45
A,SKY_CITADEL,738,0.000083800,true,1,9,45
A,SKY_CITADEL,739,0.000102700,true,1,13,80
A,SKY_CITADEL,740,0.000086700,true,1,10,55
A,SKY_CITADEL,741,0.000260700,true,2,41,135
A,SKY_CITADEL,742,0.000107600,true,1,14,105
A,SKY_CITADEL,743,0.000095900,true,1,9,45
A,SKY_CITADEL,744,0.000083900,true,1,9,45
A,SKY_CITADEL,745,0.000203300,true,2,44,134
A,SKY_CITADEL,746,0.000089000,true,1,9,45
A,SKY_CITADEL,747,0.000089200,true,1,10,49
A,SKY_CITADEL,748,0.000109900,true,1,14,105
A,SKY_CITADEL,749,0.000104300,true,1,10,55
A,SKY_CITADEL,750,0.000081400,true,1,11,51
A,SKY_CITADEL,751,0.000094400,true,1,11,56
A,SKY_CITADEL,752,0.000097300,true,1,13,81
A,SKY_CITADEL,753,0.000076200,true,1,9,45
A,SKY_CITADEL,754,0.000076700,true,1,9,45
A,SKY_CITADEL,755,0.000081200,true,1,11,56
A,SKY_CITADEL,756,0.000155400,true,2,19,89
A,SKY_CITADEL,757,0.000080800,true,1,9,45
A,SKY_CITADEL,758,0.000097600,true,1,13,84
A,SKY_CITADEL,759,0.000266400,true,2,47,192
A,SKY_CITADEL,760,0.000102400,true,1,11,62
A,SKY_CITADEL,761,0.000107900,true,1,15,101
A,SKY_CITADEL,762,0.000084400,true,1,10,55
A,SKY_CITADEL,763,0.000081500,true,1,9,45
A,SKY_CITADEL,764,0.000088900,true,1,10,52
A,SKY_CITADEL,765,0.000095700,true,1,10,49
A,SKY_CITADEL,766,0.000083700,true,1,9,45
A,SKY_CITADEL,767,0.000237400,true,1,20,193
A,SKY_CITADEL,768,0.000087900,true,1,9,45
A,SKY_CITADEL,769,0.000093600,true,1,9,45
A,SKY_CITADEL,770,0.000251200,true,2,31,220
A,SKY_CITADEL,771,0.000114000,true,1,14,95
A,SKY_CITADEL,772,0.000106100,true,1,12,78
A,SKY_CITADEL,773,0.000262000,true,2,22,129
A,SKY_CITADEL,774,0.000104600,true,1,12,78
A,SKY_CITADEL,775,0.000147200,true,1,13,85
A,SKY_CITADEL,776,0.000084400,true,1,9,45
A,SKY_CITADEL,777,0.000181800,true,2,41,107
A,SKY_CITADEL,778,0.000095300,true,1,9,45
A,SKY_CITADEL,779,0.000107800,true,1,13,81
A,SKY_CITADEL,780,0.000095100,true,1,9,45
A,SKY_CITADEL,781,0.000089400,true,1,9,45
A,SKY_CITADEL,782,0.000095500,true,1,10,48
A,SKY_CITADEL,783,0.000096900,true,1,10,51
A,SKY_CITADEL,784,0.000258600,true,2,43,283
A,SKY_CITADEL,785,0.000119600,true,1,13,91
A,SKY_CITADEL,786,0.000136100,true,1,17,130
A,SKY_CITADEL,787,0.000087600,true,1,10,47
A,SKY_CITADEL,788,0.000094500,true,1,10,49
A,SKY_CITADEL,789,0.000213400,true,1,14,98
A,SKY_CITADEL,790,0.000128400,true,1,9,45
A,SKY_CITADEL,791,0.000118000,true,1,9,45
A,SKY_CITADEL,792,0.000150700,true,1,11,56
A,SKY_CITADEL,793,0.000177800,true,1,12,78
A,SKY_CITADEL,794,0.000132200,true,1,9,45
A,SKY_CITADEL,795,0.000176100,true,1,13,91
A,SKY_CITADEL,796,0.000203400,true,1,17,137
A,SKY_CITADEL,797,0.000153000,true,1,11,51
A,SKY_CITADEL,798,0.000191000,true,1,13,91
A,SKY_CITADEL,799,0.000109500,true,1,10,48
A,SKY_CITADEL,800,0.000091100,true,1,10,46
A,SKY_CITADEL,801,0.000107700,true,1,13,91
A,SKY_CITADEL,802,0.000100900,true,1,10,55
A,SKY_CITADEL,803,0.000084100,true,1,9,45
A,SKY_CITADEL,804,0.000109100,true,1,14,92
A,SKY_CITADEL,805,0.000078800,true,1,9,45
A,SKY_CITADEL,806,0.000114400,true,1,17,143
A,SKY_CITADEL,807,0.000076200,true,1,9,45
A,SKY_CITADEL,808,0.000080600,true,1,10,55
A,SKY_CITADEL,809,0.000207000,true,2,33,235
A,SKY_CITADEL,810,0.000109800,true,1,10,55
A,SKY_CITADEL,811,0.000087500,true,1,12,59
A,SKY_CITADEL,812,0.000265700,true,3,50,170
A,SKY_CITADEL,813,0.000092400,true,1,10,50
A,SKY_CITADEL,814,0.000088100,true,1,13,60
A,SKY_CITADEL,815,0.000075600,true,1,9,45
A,SKY_CITADEL,816,0.000112500,true,1,17,153
A,SKY_CITADEL,817,0.000085000,true,1,11,61
A,SKY_CITADEL,818,0.000080400,true,1,10,55
A,SKY_CITADEL,819,0.000078700,true,1,9,45
A,SKY_CITADEL,820,0.000128000,true,1,20,193
A,SKY_CITADEL,821,0.000090700,true,1,9,45
A,SKY_CITADEL,822,0.000076500,true,1,9,45
A,SKY_CITADEL,823,0.000094000,true,1,13,91
A,SKY_CITADEL,824,0.000096100,true,1,13,91
A,SKY_CITADEL,825,0.000089300,true,1,12,78
A,SKY_CITADEL,826,0.000081100,true,1,10,55
A,SKY_CITADEL,827,0.000076000,true,1,9,45
A,SKY_CITADEL,828,0.000077000,true,1,9,45
A,SKY_CITADEL,829,0.000084200,true,1,11,51
A,SKY_CITADEL,830,0.000076400,true,1,9,45
A,SKY_CITADEL,831,0.000096700,true,1,12,78
A,SKY_CITADEL,832,0.000079900,true,1,10,55
A,SKY_CITADEL,833,0.000092500,true,1,12,78
A,SKY_CITADEL,834,0.000103400,true,1,15,120
A,SKY_CITADEL,835,0.000096000,true,1,14,84
A,SKY_CITADEL,836,0.000079000,true,1,9,45
A,SKY_CITADEL,837,0.000096200,true,1,13,91
A,SKY_CITADEL,838,0.000095200,true,1,13,91
A,SKY_CITADEL,839,0.000099900,true,1,11,57
A,SKY_CITADEL,840,0.000240200,true,2,45,239
A,SKY_CITADEL,841,0.000079700,true,1,10,46
A,SKY_CITADEL,842,0.000094300,true,1,11,57
A,SKY_CITADEL,843,0.000076800,true,1,9,45
A,SKY_CITADEL,844,0.000090600,true,1,12,78
A,SKY_CITADEL,845,0.000087000,true,1,12,61
A,SKY_CITADEL,846,0.000080600,true,1,10,48
A,SKY_CITADEL,847,0.000077500,true,1,9,45
A,SKY_CITADEL,848,0.000223200,true,2,36,284
A,SKY_CITADEL,849,0.000078100,true,1,10,46
A,SKY_CITADEL,850,0.000102500,true,1,15,120
A,SKY_CITADEL,851,0.000090800,true,1,12,78
A,SKY_CITADEL,852,0.000084000,true,1,11,56
A,SKY_CITADEL,853,0.000077300,true,1,9,45
A,SKY_CITADEL,854,0.000077900,true,1,9,45
A,SKY_CITADEL,855,0.000093500,true,1,9,45
A,SKY_CITADEL,856,0.000081000,true,1,10,50
A,SKY_CITADEL,857,0.000095200,true,1,14,95
A,SKY_CITADEL,858,0.000102000,true,1,13,91
A,SKY_CITADEL,859,0.000111600,true,1,16,109
A,SKY_CITADEL,860,0.000079000,true,1,9,45
A,SKY_CITADEL,861,0.000098200,true,1,13,91
A,SKY_CITADEL,862,0.000074700,true,1,9,45
A,SKY_CITADEL,863,0.000200000,true,2,32,226
A,SKY_CITADEL,864,0.000079500,true,1,10,52
A,SKY_CITADEL,865,0.000102100,true,1,15,120
A,SKY_CITADEL,866,0.000094000,true,1,13,91
A,SKY_CITADEL,867,0.000095100,true,1,12,63
A,SKY_CITADEL,868,0.000076700,true,1,9,45
A,SKY_CITADEL,869,0.000089500,true,1,12,78
A,SKY_CITADEL,870,0.000089500,true,1,12,67
A,SKY_CITADEL,871,0.000078000,true,1,9,45
A,SKY_CITADEL,872,0.000077200,true,1,10,47
A,SKY_CITADEL,873,0.000081500,true,1,10,52
A,SKY_CITADEL,874,0.000080900,true,1,10,48
A,SKY_CITADEL,875,0.000076500,true,1,9,45
A,SKY_CITADEL,876,0.000095800,true,1,13,91
A,SKY_CITADEL,877,0.000089100,true,1,10,50
A,SKY_CITADEL,878,0.000101400,true,1,15,109
A,SKY_CITADEL,879,0.000099800,true,1,15,120
A,SKY_CITADEL,880,0.000200400,true,2,30,231
A,SKY_CITADEL,881,0.000115900,true,1,18,171
A,SKY_CITADEL,882,0.000085000,true,1,11,62
A,SKY_CITADEL,883,0.000081300,true,1,10,47
A,SKY_CITADEL,884,0.000079500,true,1,10,49
A,SKY_CITADEL,885,0.000077000,true,1,9,45
A,SKY_CITADEL,886,0.000079700,true,1,10,46
A,SKY_CITADEL,887,0.000080900,true,1,10,55
A,SKY_CITADEL,888,0.000075600,true,1,9,45
A,SKY_CITADEL,889,0.000109700,true,1,14,94
A,SKY_CITADEL,890,0.000165500,true,2,41,98
A,SKY_CITADEL,891,0.000246400,true,3,50,241
A,SKY_CITADEL,892,0.000083500,true,1,11,61
A,SKY_CITADEL,893,0.000168400,true,2,37,81
A,SKY_CITADEL,894,0.000079600,true,1,10,46
A,SKY_CITADEL,895,0.000084500,true,1,11,57
A,SKY_CITADEL,896,0.000236400,true,2,45,190
A,SKY_CITADEL,897,0.000079000,true,1,9,45
A,SKY_CITADEL,898,0.000097400,true,1,13,83
A,SKY_CITADEL,899,0.000080900,true,1,10,50
A,SKY_CITADEL,900,0.000077600,true,1,9,45
A,SKY_CITADEL,901,0.000089600,true,1,12,78
A,SKY_CITADEL,902,0.000081000,true,1,10,49
A,SKY_CITADEL,903,0.000076800,true,1,9,45
A,SKY_CITADEL,904,0.000130800,true,1,19,174
A,SKY_CITADEL,905,0.000088800,true,1,12,78
A,SKY_CITADEL,906,0.000091800,true,1,12,78
A,SKY_CITADEL,907,0.000090500,true,1,12,78
A,SKY_CITADEL,908,0.000195300,true,1,15,120
A,SKY_CITADEL,909,0.000080700,true,1,9,45
A,SKY_CITADEL,910,0.000100100,true,1,13,91
A,SKY_CITADEL,911,0.000080500,true,1,9,45
A,SKY_CITADEL,912,0.000075600,true,1,9,45
A,SKY_CITADEL,913,0.000078700,true,1,9,45
A,SKY_CITADEL,914,0.000096900,true,1,13,91
A,SKY_CITADEL,915,0.000082400,true,1,10,55
A,SKY_CITADEL,916,0.000091700,true,1,10,49
A,SKY_CITADEL,917,0.000083900,true,1,10,52
A,SKY_CITADEL,918,0.000214900,true,2,36,273
A,SKY_CITADEL,919,0.000085000,true,1,11,58
A,SKY_CITADEL,920,0.000088900,true,1,13,59
A,SKY_CITADEL,921,0.000096400,true,1,14,94
A,SKY_CITADEL,922,0.000089400,true,1,12,78
A,SKY_CITADEL,923,0.000219500,true,2,26,168
A,SKY_CITADEL,924,0.000089800,true,1,10,55
A,SKY_CITADEL,925,0.000138100,true,1,10,49
A,SKY_CITADEL,926,0.000107800,true,1,13,85
A,SKY_CITADEL,927,0.000098700,true,1,9,45
A,SKY_CITADEL,928,0.000090700,true,1,9,45
A,SKY_CITADEL,929,0.000142200,true,1,17,153
A,SKY_CITADEL,930,0.000319600,true,2,38,184
A,SKY_CITADEL,931,0.000090600,true,1,10,46
A,SKY_CITADEL,932,0.000106600,true,1,13,91
A,SKY_CITADEL,933,0.000090000,true,1,10,55
A,SKY_CITADEL,934,0.000088700,true,1,10,49
A,SKY_CITADEL,935,0.000085200,true,1,10,46
A,SKY_CITADEL,936,0.000087200,true,1,10,48
A,SKY_CITADEL,937,0.000097500,true,1,9,45
A,SKY_CITADEL,938,0.000098000,true,1,12,78
A,SKY_CITADEL,939,0.000110600,true,1,15,106
A,SKY_CITADEL,940,0.000083200,true,1,9,45
A,SKY_CITADEL,941,0.000083600,true,1,10,50
A,SKY_CITADEL,942,0.000127100,true,1,18,157
A,SKY_CITADEL,943,0.000242200,true,2,37,260
A,SKY_CITADEL,944,0.000111000,true,1,15,92
A,SKY_CITADEL,945,0.000103400,true,1,10,52
A,SKY_CITADEL,946,0.000079200,true,1,9,45
A,SKY_CITADEL,947,0.000077000,true,1,9,45
A,SKY_CITADEL,948,0.000093100,true,1,11,57
A,SKY_CITADEL,949,0.000081100,true,1,10,55
A,SKY_CITADEL,950,0.000075500,true,1,9,45
A,SKY_CITADEL,951,0.000096900,true,1,14,84
A,SKY_CITADEL,952,0.000077500,true,1,9,45
A,SKY_CITADEL,953,0.000231200,true,2,38,171
A,SKY_CITADEL,954,0.000106700,true,1,14,105
A,SKY_CITADEL,955,0.000226800,true,2,32,234
A,SKY_CITADEL,956,0.000079200,true,1,9,45
A,SKY_CITADEL,957,0.000232800,true,2,39,240
A,SKY_CITADEL,958,0.000077800,true,1,9,45
A,SKY_CITADEL,959,0.000107400,true,1,14,98
A,SKY_CITADEL,960,0.000090800,true,1,12,78
A,SKY_CITADEL,961,0.000077000,true,1,9,45
A,SKY_CITADEL,962,0.000100100,true,1,12,78
A,SKY_CITADEL,963,0.000078300,true,1,10,50
A,SKY_CITADEL,964,0.000078900,true,1,9,45
A,SKY_CITADEL,965,0.000103700,true,1,15,120
A,SKY_CITADEL,966,0.000118500,true,1,13,81
A,SKY_CITADEL,967,0.000087900,true,1,9,45
A,SKY_CITADEL,968,0.000090100,true,1,10,47
A,SKY_CITADEL,969,0.000097300,true,1,10,55
A,SKY_CITADEL,970,0.000098500,true,1,14,91
A,SKY_CITADEL,971,0.000082400,true,1,10,55
A,SKY_CITADEL,972,0.000077500,true,1,9,45
A,SKY_CITADEL,973,0.000081400,true,1,10,52
A,SKY_CITADEL,974,0.000077700,true,1,9,45
A,SKY_CITADEL,975,0.000075900,true,1,9,45
A,SKY_CITADEL,976,0.000084200,true,1,11,51
A,SKY_CITADEL,977,0.000232800,true,2,42,140
A,SKY_CITADEL,978,0.000088600,true,1,9,45
A,SKY_CITADEL,979,0.000106600,true,1,13,84
A,SKY_CITADEL,980,0.000089500,true,1,10,46
A,SKY_CITADEL,981,0.000086600,true,1,11,49
A,SKY_CITADEL,982,0.000096200,true,1,12,78
A,SKY_CITADEL,983,0.000087200,true,1,9,45
A,SKY_CITADEL,984,0.000089500,true,1,11,50
A,SKY_CITADEL,985,0.000150200,true,1,17,153
A,SKY_CITADEL,986,0.000325500,true,2,40,105
A,SKY_CITADEL,987,0.000120700,true,1,10,55
A,SKY_CITADEL,988,0.000135400,true,1,13,91
A,SKY_CITADEL,989,0.000142700,true,1,11,56
A,SKY_CITADEL,990,0.000157300,true,1,14,98
A,SKY_CITADEL,991,0.000141500,true,1,10,55
A,SKY_CITADEL,992,0.000138600,true,1,10,47
A,SKY_CITADEL,993,0.000131400,true,1,9,45
A,SKY_CITADEL,994,0.000205700,true,1,17,153
A,SKY_CITADEL,995,0.000141400,true,1,9,45
A,SKY_CITADEL,996,0.000210400,true,2,25,137
A,SKY_CITADEL,997,0.000095100,true,1,10,55
A,SKY_CITADEL,998,0.000099100,true,1,11,61
A,SKY_CITADEL,999,0.000087700,true,1,10,55
A,SKY_CITADEL,1000,0.000098200,true,1,12,78
A,ETHEREAL_SCAPE,1,0.000213700,true,1,10,672
A,ETHEREAL_SCAPE,2,0.000213800,true,1,10,738
A,ETHEREAL_SCAPE,3,0.000297100,true,1,15,1101
A,ETHEREAL_SCAPE,4,0.000228600,true,1,10,758
A,ETHEREAL_SCAPE,5,0.000211400,true,1,9,768
A,ETHEREAL_SCAPE,6,0.000314300,true,2,21,819
A,ETHEREAL_SCAPE,7,0.000372200,true,1,14,999
A,ETHEREAL_SCAPE,8,0.000362500,true,2,29,951
A,ETHEREAL_SCAPE,9,0.000228000,true,1,9,804
A,ETHEREAL_SCAPE,10,0.000209600,true,1,9,721
A,ETHEREAL_SCAPE,11,0.000354700,true,2,29,1007
A,ETHEREAL_SCAPE,12,0.000294300,true,2,19,805
A,ETHEREAL_SCAPE,13,0.000227500,true,1,9,802
A,ETHEREAL_SCAPE,14,0.000264100,true,1,13,1019
A,ETHEREAL_SCAPE,15,0.000398100,true,2,26,1214
A,ETHEREAL_SCAPE,16,0.000234700,true,1,10,820
A,ETHEREAL_SCAPE,17,0.000259300,true,1,13,989
A,ETHEREAL_SCAPE,18,0.000610400,true,2,22,933
A,ETHEREAL_SCAPE,19,0.000238800,true,1,9,755
A,ETHEREAL_SCAPE,20,0.000226000,true,1,9,776
A,ETHEREAL_SCAPE,21,0.000330300,true,2,22,835
A,ETHEREAL_SCAPE,22,0.000344000,true,2,41,904
A,ETHEREAL_SCAPE,23,0.000232400,true,1,11,778
A,ETHEREAL_SCAPE,24,0.000248400,true,1,12,929
A,ETHEREAL_SCAPE,25,0.000208700,true,1,11,671
A,ETHEREAL_SCAPE,26,0.000287600,true,1,12,1049
A,ETHEREAL_SCAPE,27,0.000208700,true,1,10,648
A,ETHEREAL_SCAPE,28,0.000241400,true,1,10,779
A,ETHEREAL_SCAPE,29,0.000243500,true,1,9,915
A,ETHEREAL_SCAPE,30,0.000259600,true,1,14,914
A,ETHEREAL_SCAPE,31,0.000440800,true,3,40,977
A,ETHEREAL_SCAPE,32,0.000214700,true,1,9,760
A,ETHEREAL_SCAPE,33,0.000231600,true,1,9,806
A,ETHEREAL_SCAPE,34,0.000252700,true,1,10,901
A,ETHEREAL_SCAPE,35,0.000354000,true,2,30,934
A,ETHEREAL_SCAPE,36,0.000227000,true,1,9,826
A,ETHEREAL_SCAPE,37,0.000227000,true,1,9,798
A,ETHEREAL_SCAPE,38,0.000316100,true,2,27,856
A,ETHEREAL_SCAPE,39,0.000211000,true,1,10,691
A,ETHEREAL_SCAPE,40,0.000306000,true,2,23,780
A,ETHEREAL_SCAPE,41,0.000236000,true,1,10,769
A,ETHEREAL_SCAPE,42,0.000229900,true,1,11,837
A,ETHEREAL_SCAPE,43,0.000222400,true,1,10,774
A,ETHEREAL_SCAPE,44,0.000467600,true,3,59,1017
A,ETHEREAL_SCAPE,45,0.000244600,true,1,10,756
A,ETHEREAL_SCAPE,46,0.000277600,true,1,11,810
A,ETHEREAL_SCAPE,47,0.000245800,true,1,10,778
A,ETHEREAL_SCAPE,48,0.000493900,true,2,28,852
A,ETHEREAL_SCAPE,49,0.000263300,true,1,9,826
A,ETHEREAL_SCAPE,50,0.000262000,true,1,9,805
A,ETHEREAL_SCAPE,51,0.000293600,true,2,15,792
A,ETHEREAL_SCAPE,52,0.000236300,true,1,9,766
A,ETHEREAL_SCAPE,53,0.000248500,true,1,10,836
A,ETHEREAL_SCAPE,54,0.000291800,true,2,37,781
A,ETHEREAL_SCAPE,55,0.000221100,true,1,12,793
A,ETHEREAL_SCAPE,56,0.000417100,true,2,44,1188
A,ETHEREAL_SCAPE,57,0.000298100,true,2,15,778
A,ETHEREAL_SCAPE,58,0.000246200,true,1,9,817
A,ETHEREAL_SCAPE,59,0.000304600,true,1,14,1032
A,ETHEREAL_SCAPE,60,0.000224200,true,1,9,747
A,ETHEREAL_SCAPE,61,0.000235400,true,1,10,777
A,ETHEREAL_SCAPE,62,0.000343100,true,2,24,828
A,ETHEREAL_SCAPE,63,0.000316600,true,1,11,868
A,ETHEREAL_SCAPE,64,0.000234500,true,1,10,757
A,ETHEREAL_SCAPE,65,0.000256100,true,1,10,779
A,ETHEREAL_SCAPE,66,0.000259100,true,1,9,870
A,ETHEREAL_SCAPE,67,0.000329000,true,1,12,1105
A,ETHEREAL_SCAPE,68,0.000226000,true,1,11,757
A,ETHEREAL_SCAPE,69,0.000246400,true,1,10,827
A,ETHEREAL_SCAPE,70,0.000293100,true,2,40,774
A,ETHEREAL_SCAPE,71,0.000288300,true,1,12,975
A,ETHEREAL_SCAPE,72,0.000282200,true,1,14,893
A,ETHEREAL_SCAPE,73,0.000221700,true,1,9,826
A,ETHEREAL_SCAPE,74,0.000333200,true,2,23,877
A,ETHEREAL_SCAPE,75,0.000219200,true,1,10,780
A,ETHEREAL_SCAPE,76,0.000239100,true,1,13,793
A,ETHEREAL_SCAPE,77,0.000300500,true,1,9,764
A,ETHEREAL_SCAPE,78,0.000257900,true,1,11,830
A,ETHEREAL_SCAPE,79,0.000209900,true,1,9,674
A,ETHEREAL_SCAPE,80,0.000254800,true,1,12,834
A,ETHEREAL_SCAPE,81,0.000211200,true,1,9,702
A,ETHEREAL_SCAPE,82,0.000238300,true,1,9,755
A,ETHEREAL_SCAPE,83,0.000343100,true,2,23,818
A,ETHEREAL_SCAPE,84,0.000509200,true,3,45,983
A,ETHEREAL_SCAPE,85,0.000231200,true,1,9,826
A,ETHEREAL_SCAPE,86,0.000358300,true,1,12,985
A,ETHEREAL_SCAPE,87,0.000588000,true,2,45,907
A,ETHEREAL_SCAPE,88,0.000401700,true,1,10,848
A,ETHEREAL_SCAPE,89,0.000367000,true,1,9,776
A,ETHEREAL_SCAPE,90,0.000325900,true,1,9,789
A,ETHEREAL_SCAPE,91,0.000408200,true,2,33,877
A,ETHEREAL_SCAPE,92,0.000242500,true,1,10,794
A,ETHEREAL_SCAPE,93,0.000555400,true,4,73,1215
A,ETHEREAL_SCAPE,94,0.000218100,true,1,9,751
A,ETHEREAL_SCAPE,95,0.000231500,true,1,9,871
A,ETHEREAL_SCAPE,96,0.000302100,true,2,19,857
A,ETHEREAL_SCAPE,97,0.000247100,true,1,9,807
A,ETHEREAL_SCAPE,98,0.000220400,true,1,9,768
A,ETHEREAL_SCAPE,99,0.000234900,true,1,10,830
A,ETHEREAL_SCAPE,100,0.000290000,true,1,13,1090
A,ETHEREAL_SCAPE,101,0.000208900,true,1,9,762
A,ETHEREAL_SCAPE,102,0.000276100,true,1,13,988
A,ETHEREAL_SCAPE,103,0.000266800,true,1,12,994
A,ETHEREAL_SCAPE,104,0.000263900,true,1,13,861
A,ETHEREAL_SCAPE,105,0.000231200,true,1,9,826
A,ETHEREAL_SCAPE,106,0.000329500,true,1,11,830
A,ETHEREAL_SCAPE,107,0.000427600,true,1,12,825
A,ETHEREAL_SCAPE,108,0.000460000,true,3,60,944
A,ETHEREAL_SCAPE,109,0.000219000,true,1,10,729
A,ETHEREAL_SCAPE,110,0.000217500,true,1,9,755
A,ETHEREAL_SCAPE,111,0.000248400,true,1,9,876
A,ETHEREAL_SCAPE,112,0.000258800,true,1,13,951
A,ETHEREAL_SCAPE,113,0.000226800,true,1,9,818
A,ETHEREAL_SCAPE,114,0.000451800,true,2,77,1211
A,ETHEREAL_SCAPE,115,0.000380700,true,2,34,998
A,ETHEREAL_SCAPE,116,0.000205800,true,1,10,762
A,ETHEREAL_SCAPE,117,0.000269600,true,1,13,854
A,ETHEREAL_SCAPE,118,0.000317900,true,2,27,809
A,ETHEREAL_SCAPE,119,0.000223500,true,1,9,820
A,ETHEREAL_SCAPE,120,0.000219500,true,1,9,826
A,ETHEREAL_SCAPE,121,0.000650600,true,5,77,1274
A,ETHEREAL_SCAPE,122,0.000230500,true,1,11,767
A,ETHEREAL_SCAPE,123,0.000282000,true,1,9,812
A,ETHEREAL_SCAPE,124,0.000229500,true,1,10,726
A,ETHEREAL_SCAPE,125,0.000234400,true,1,10,794
A,ETHEREAL_SCAPE,126,0.000214300,true,1,9,755
A,ETHEREAL_SCAPE,127,0.000217500,true,1,9,769
A,ETHEREAL_SCAPE,128,0.000211100,true,1,9,805
A,ETHEREAL_SCAPE,129,0.000360400,true,2,39,937
A,ETHEREAL_SCAPE,130,0.000310200,true,1,10,820
A,ETHEREAL_SCAPE,131,0.000412800,true,2,42,1150
A,ETHEREAL_SCAPE,132,0.000248200,true,1,9,823
A,ETHEREAL_SCAPE,133,0.000252000,true,1,11,778
A,ETHEREAL_SCAPE,134,0.000243600,true,1,9,776
A,ETHEREAL_SCAPE,135,0.000259600,true,1,9,755
A,ETHEREAL_SCAPE,136,0.000414500,true,2,53,1042
A,ETHEREAL_SCAPE,137,0.000319300,true,2,24,811
A,ETHEREAL_SCAPE,138,0.000317100,true,2,25,819
A,ETHEREAL_SCAPE,139,0.000342000,true,2,45,815
A,ETHEREAL_SCAPE,140,0.000214300,true,1,9,769
A,ETHEREAL_SCAPE,141,0.000216400,true,1,9,760
A,ETHEREAL_SCAPE,142,0.000234500,true,1,9,751
A,ETHEREAL_SCAPE,143,0.000222900,true,1,9,807
A,ETHEREAL_SCAPE,144,0.000277800,true,1,13,1020
A,ETHEREAL_SCAPE,145,0.000396600,true,2,48,1082
A,ETHEREAL_SCAPE,146,0.000391200,true,2,49,954
A,ETHEREAL_SCAPE,147,0.000232300,true,1,9,790
A,ETHEREAL_SCAPE,148,0.000302800,true,1,10,795
A,ETHEREAL_SCAPE,149,0.000492300,true,2,53,1209
A,ETHEREAL_SCAPE,150,0.000254100,true,1,9,826
A,ETHEREAL_SCAPE,151,0.000243400,true,1,9,747
A,ETHEREAL_SCAPE,152,0.000241300,true,1,10,752
A,ETHEREAL_SCAPE,153,0.000255600,true,1,11,768
A,ETHEREAL_SCAPE,154,0.000252500,true,1,9,781
A,ETHEREAL_SCAPE,155,0.000240500,true,1,9,772
A,ETHEREAL_SCAPE,156,0.000263800,true,1,9,876
A,ETHEREAL_SCAPE,157,0.000705700,true,1,9,775
A,ETHEREAL_SCAPE,158,0.000537400,true,1,9,684
A,ETHEREAL_SCAPE,159,0.000523300,true,1,11,754
A,ETHEREAL_SCAPE,160,0.000259700,true,1,10,816
A,ETHEREAL_SCAPE,161,0.000447600,true,3,37,938
A,ETHEREAL_SCAPE,162,0.000297500,true,1,11,730
A,ETHEREAL_SCAPE,163,0.000434200,true,2,51,1111
A,ETHEREAL_SCAPE,164,0.000251100,true,1,9,820
A,ETHEREAL_SCAPE,165,0.000349200,true,2,25,970
A,ETHEREAL_SCAPE,166,0.000507100,true,3,63,1030
A,ETHEREAL_SCAPE,167,0.000258400,true,1,10,756
A,ETHEREAL_SCAPE,168,0.000268200,true,1,9,793
A,ETHEREAL_SCAPE,169,0.000227100,true,1,9,826
A,ETHEREAL_SCAPE,170,0.000231200,true,1,9,776
A,ETHEREAL_SCAPE,171,0.000340600,true,2,20,879
A,ETHEREAL_SCAPE,172,0.000322900,true,1,13,990
A,ETHEREAL_SCAPE,173,0.000267300,true,1,9,819
A,ETHEREAL_SCAPE,174,0.000440600,true,2,21,851
A,ETHEREAL_SCAPE,175,0.000310000,true,1,15,905
A,ETHEREAL_SCAPE,176,0.000345400,true,1,10,775
A,ETHEREAL_SCAPE,177,0.000342800,true,1,9,826
A,ETHEREAL_SCAPE,178,0.000394500,true,1,12,977
A,ETHEREAL_SCAPE,179,0.000326800,true,1,9,751
A,ETHEREAL_SCAPE,180,0.000321500,true,1,9,755
A,ETHEREAL_SCAPE,181,0.000279500,true,1,10,781
A,ETHEREAL_SCAPE,182,0.000327000,true,1,10,827
A,ETHEREAL_SCAPE,183,0.000413700,true,3,51,848
A,ETHEREAL_SCAPE,184,0.000210500,true,1,9,755
A,ETHEREAL_SCAPE,185,0.000259000,true,1,11,782
A,ETHEREAL_SCAPE,186,0.000412000,true,2,29,1213
A,ETHEREAL_SCAPE,187,0.000241000,true,1,9,755
A,ETHEREAL_SCAPE,188,0.000213400,true,1,9,755
A,ETHEREAL_SCAPE,189,0.000227300,true,1,10,749
A,ETHEREAL_SCAPE,190,0.000274900,true,1,13,983
A,ETHEREAL_SCAPE,191,0.000353300,true,2,28,873
A,ETHEREAL_SCAPE,192,0.000321900,true,2,36,783
A,ETHEREAL_SCAPE,193,0.000280200,true,1,12,977
A,ETHEREAL_SCAPE,194,0.000248100,true,1,13,890
A,ETHEREAL_SCAPE,195,0.000259600,true,1,12,964
A,ETHEREAL_SCAPE,196,0.000232100,true,1,11,788
A,ETHEREAL_SCAPE,197,0.000274200,true,1,10,900
A,ETHEREAL_SCAPE,198,0.000232200,true,1,13,770
A,ETHEREAL_SCAPE,199,0.000223400,true,1,9,774
A,ETHEREAL_SCAPE,200,0.000244500,true,1,12,780
A,ETHEREAL_SCAPE,201,0.000235800,true,1,9,818
A,ETHEREAL_SCAPE,202,0.000231400,true,1,9,832
A,ETHEREAL_SCAPE,203,0.000210300,true,1,10,675
A,ETHEREAL_SCAPE,204,0.000215200,true,1,9,755
A,ETHEREAL_SCAPE,205,0.000227100,true,1,11,793
A,ETHEREAL_SCAPE,206,0.000303700,true,2,24,798
A,ETHEREAL_SCAPE,207,0.000340100,true,2,27,851
A,ETHEREAL_SCAPE,208,0.000365300,true,1,12,900
A,ETHEREAL_SCAPE,209,0.000548800,true,2,30,913
A,ETHEREAL_SCAPE,210,0.000234900,true,1,9,826
A,ETHEREAL_SCAPE,211,0.000236500,true,1,10,778
A,ETHEREAL_SCAPE,212,0.000245100,true,1,9,732
A,ETHEREAL_SCAPE,213,0.000271500,true,1,13,930
A,ETHEREAL_SCAPE,214,0.000224700,true,1,9,784
A,ETHEREAL_SCAPE,215,0.000281700,true,1,10,765
A,ETHEREAL_SCAPE,216,0.000313900,true,1,12,814
A,ETHEREAL_SCAPE,217,0.000273300,true,1,9,776
A,ETHEREAL_SCAPE,218,0.000347100,true,2,28,996
A,ETHEREAL_SCAPE,219,0.000232500,true,1,10,784
A,ETHEREAL_SCAPE,220,0.000228900,true,1,11,778
A,ETHEREAL_SCAPE,221,0.000246100,true,1,10,866
A,ETHEREAL_SCAPE,222,0.000231200,true,1,10,851
A,ETHEREAL_SCAPE,223,0.000281700,true,1,12,915
A,ETHEREAL_SCAPE,224,0.000368200,true,2,30,1044
A,ETHEREAL_SCAPE,225,0.000260900,true,1,12,929
A,ETHEREAL_SCAPE,226,0.000220500,true,1,10,808
A,ETHEREAL_SCAPE,227,0.000377300,true,2,41,970
A,ETHEREAL_SCAPE,228,0.000438700,true,3,45,995
A,ETHEREAL_SCAPE,229,0.000222900,true,1,9,789
A,ETHEREAL_SCAPE,230,0.000558500,true,4,94,1073
A,ETHEREAL_SCAPE,231,0.000242200,true,1,10,779
A,ETHEREAL_SCAPE,232,0.000304800,true,2,19,864
A,ETHEREAL_SCAPE,233,0.000215400,true,1,10,758
A,ETHEREAL_SCAPE,234,0.000219400,true,1,9,792
A,ETHEREAL_SCAPE,235,0.000255100,true,1,15,956
A,ETHEREAL_SCAPE,236,0.000269600,true,1,15,937
A,ETHEREAL_SCAPE,237,0.000338000,true,2,33,818
A,ETHEREAL_SCAPE,238,0.000226800,true,1,10,810
A,ETHEREAL_SCAPE,239,0.000239800,true,1,13,831
A,ETHEREAL_SCAPE,240,0.000283200,true,1,14,1076
A,ETHEREAL_SCAPE,241,0.000242300,true,1,9,811
A,ETHEREAL_SCAPE,242,0.000256600,true,1,9,817
A,ETHEREAL_SCAPE,243,0.000465700,true,3,45,984
A,ETHEREAL_SCAPE,244,0.000272500,true,1,12,814
A,ETHEREAL_SCAPE,245,0.000230700,true,1,9,755
A,ETHEREAL_SCAPE,246,0.000235700,true,1,10,754
A,ETHEREAL_SCAPE,247,0.000243400,true,1,9,826
A,ETHEREAL_SCAPE,248,0.000298300,true,1,9,680
A,ETHEREAL_SCAPE,249,0.000259200,true,1,9,776
A,ETHEREAL_SCAPE,250,0.000400300,true,2,38,848
A,ETHEREAL_SCAPE,251,0.000460700,true,2,37,825
A,ETHEREAL_SCAPE,252,0.000232200,true,1,9,747
A,ETHEREAL_SCAPE,253,0.000405000,true,2,72,987
A,ETHEREAL_SCAPE,254,0.000242800,true,1,9,823
A,ETHEREAL_SCAPE,255,0.000236900,true,1,9,825
A,ETHEREAL_SCAPE,256,0.000337200,true,2,24,868
A,ETHEREAL_SCAPE,257,0.000220700,true,1,10,687
A,ETHEREAL_SCAPE,258,0.000282000,true,1,11,952
A,ETHEREAL_SCAPE,259,0.000305100,true,2,18,827
A,ETHEREAL_SCAPE,260,0.000242900,true,1,12,815
A,ETHEREAL_SCAPE,261,0.000349000,true,2,29,830
A,ETHEREAL_SCAPE,262,0.000318600,true,2,18,958
A,ETHEREAL_SCAPE,263,0.000217200,true,1,9,805
A,ETHEREAL_SCAPE,264,0.000358300,true,2,31,959
A,ETHEREAL_SCAPE,265,0.000262000,true,1,9,818
A,ETHEREAL_SCAPE,266,0.000247000,true,1,11,837
A,ETHEREAL_SCAPE,267,0.000246500,true,1,10,777
A,ETHEREAL_SCAPE,268,0.000342100,true,2,21,960
A,ETHEREAL_SCAPE,269,0.000434300,true,1,11,861
A,ETHEREAL_SCAPE,270,0.000467500,true,2,21,805
A,ETHEREAL_SCAPE,271,0.000396100,true,1,12,819
A,ETHEREAL_SCAPE,272,0.000340700,true,1,9,755
A,ETHEREAL_SCAPE,273,0.000381700,true,1,12,827
A,ETHEREAL_SCAPE,274,0.000237500,true,1,10,681
A,ETHEREAL_SCAPE,275,0.000236400,true,1,10,672
A,ETHEREAL_SCAPE,276,0.000226500,true,1,11,767
A,ETHEREAL_SCAPE,277,0.000415700,true,3,48,911
A,ETHEREAL_SCAPE,278,0.000224000,true,1,9,812
A,ETHEREAL_SCAPE,279,0.000247900,true,1,9,911
A,ETHEREAL_SCAPE,280,0.000256000,true,1,12,950
A,ETHEREAL_SCAPE,281,0.000379300,true,2,45,1013
A,ETHEREAL_SCAPE,282,0.000554700,true,4,83,1063
A,ETHEREAL_SCAPE,283,0.000260900,true,1,12,943
A,ETHEREAL_SCAPE,284,0.000201600,true,1,9,689
A,ETHEREAL_SCAPE,285,0.000238300,true,1,12,900
A,ETHEREAL_SCAPE,286,0.000231400,true,1,9,826
A,ETHEREAL_SCAPE,287,0.000263100,true,1,9,825
A,ETHEREAL_SCAPE,288,0.000230200,true,1,10,756
A,ETHEREAL_SCAPE,289,0.000255000,true,1,13,811
A,ETHEREAL_SCAPE,290,0.000226900,true,1,9,776
A,ETHEREAL_SCAPE,291,0.000208900,true,1,9,741
A,ETHEREAL_SCAPE,292,0.000243600,true,1,10,795
A,ETHEREAL_SCAPE,293,0.000314000,true,2,25,823
A,ETHEREAL_SCAPE,294,0.000218200,true,1,10,758
A,ETHEREAL_SCAPE,295,0.000216000,true,1,9,773
A,ETHEREAL_SCAPE,296,0.000218300,true,1,11,726
A,ETHEREAL_SCAPE,297,0.000241400,true,1,11,809
A,ETHEREAL_SCAPE,298,0.000373900,true,2,48,978
A,ETHEREAL_SCAPE,299,0.000243700,true,1,10,814
A,ETHEREAL_SCAPE,300,0.000223200,true,1,9,805
A,ETHEREAL_SCAPE,301,0.000270000,true,1,14,1015
A,ETHEREAL_SCAPE,302,0.000303100,true,2,20,880
A,ETHEREAL_SCAPE,303,0.000230200,true,1,9,768
A,ETHEREAL_SCAPE,304,0.000220500,true,1,10,777
A,ETHEREAL_SCAPE,305,0.000215200,true,1,10,682
A,ETHEREAL_SCAPE,306,0.000205800,true,1,9,734
A,ETHEREAL_SCAPE,307,0.000261400,true,1,14,901
A,ETHEREAL_SCAPE,308,0.000216600,true,1,11,787
A,ETHEREAL_SCAPE,309,0.000374500,true,2,42,952
A,ETHEREAL_SCAPE,310,0.000223300,true,1,9,826
A,ETHEREAL_SCAPE,311,0.000322300,true,2,24,835
A,ETHEREAL_SCAPE,312,0.000231200,true,1,11,779
A,ETHEREAL_SCAPE,313,0.000241900,true,1,10,793
A,ETHEREAL_SCAPE,314,0.000243600,true,1,10,766
A,ETHEREAL_SCAPE,315,0.000253800,true,1,12,929
A,ETHEREAL_SCAPE,316,0.000232100,true,1,9,686
A,ETHEREAL_SCAPE,317,0.000341500,true,2,24,896
A,ETHEREAL_SCAPE,318,0.000219900,true,1,9,760
A,ETHEREAL_SCAPE,319,0.000260700,true,1,10,860
A,ETHEREAL_SCAPE,320,0.000224400,true,1,10,777
A,ETHEREAL_SCAPE,321,0.000267300,true,1,13,1028
A,ETHEREAL_SCAPE,322,0.000250100,true,1,13,798
A,ETHEREAL_SCAPE,323,0.000209400,true,1,9,757
A,ETHEREAL_SCAPE,324,0.000241900,true,1,9,894
A,ETHEREAL_SCAPE,325,0.000233800,true,1,12,866
A,ETHEREAL_SCAPE,326,0.000226800,true,1,9,768
A,ETHEREAL_SCAPE,327,0.000228500,true,1,10,770
A,ETHEREAL_SCAPE,328,0.000324700,true,2,26,834
A,ETHEREAL_SCAPE,329,0.000228800,true,1,10,865
A,ETHEREAL_SCAPE,330,0.000217100,true,1,10,740
A,ETHEREAL_SCAPE,331,0.000217500,true,1,10,685
A,ETHEREAL_SCAPE,332,0.000324400,true,2,25,864
A,ETHEREAL_SCAPE,333,0.000248100,true,1,10,836
A,ETHEREAL_SCAPE,334,0.000268800,true,1,11,828
A,ETHEREAL_SCAPE,335,0.000250200,true,1,12,814
A,ETHEREAL_SCAPE,336,0.000359400,true,2,44,844
A,ETHEREAL_SCAPE,337,0.000589000,true,3,85,1188
A,ETHEREAL_SCAPE,338,0.000244200,true,1,9,764
A,ETHEREAL_SCAPE,339,0.000236700,true,1,9,776
A,ETHEREAL_SCAPE,340,0.000235600,true,1,9,773
A,ETHEREAL_SCAPE,341,0.000250900,true,1,12,911
A,ETHEREAL_SCAPE,342,0.000430900,true,2,35,1016
A,ETHEREAL_SCAPE,343,0.000364700,true,2,29,928
A,ETHEREAL_SCAPE,344,0.000247800,true,1,12,834
A,ETHEREAL_SCAPE,345,0.000325700,true,1,14,1092
A,ETHEREAL_SCAPE,346,0.000273400,true,1,13,902
A,ETHEREAL_SCAPE,347,0.000345600,true,2,38,745
A,ETHEREAL_SCAPE,348,0.000358800,true,1,9,899
A,ETHEREAL_SCAPE,349,0.000326400,true,1,11,763
A,ETHEREAL_SCAPE,350,0.000306300,true,1,11,793
A,ETHEREAL_SCAPE,351,0.000304300,true,1,9,826
A,ETHEREAL_SCAPE,352,0.000267600,true,1,10,721
A,ETHEREAL_SCAPE,353,0.000228500,true,1,9,755
A,ETHEREAL_SCAPE,354,0.000230400,true,1,10,798
A,ETHEREAL_SCAPE,355,0.000255700,true,1,9,789
A,ETHEREAL_SCAPE,356,0.000239700,true,1,9,816
A,ETHEREAL_SCAPE,357,0.000247100,true,1,11,758
A,ETHEREAL_SCAPE,358,0.000331300,true,2,24,799
A,ETHEREAL_SCAPE,359,0.000218200,true,1,9,749
A,ETHEREAL_SCAPE,360,0.000250300,true,1,10,832
A,ETHEREAL_SCAPE,361,0.000298100,true,1,9,717
A,ETHEREAL_SCAPE,362,0.000454000,true,1,14,1074
A,ETHEREAL_SCAPE,363,0.000239600,true,1,9,776
A,ETHEREAL_SCAPE,364,0.000343600,true,2,24,830
A,ETHEREAL_SCAPE,365,0.000800000,true,3,43,878
A,ETHEREAL_SCAPE,366,0.000594600,true,1,9,755
A,ETHEREAL_SCAPE,367,0.000369400,true,1,11,768
A,ETHEREAL_SCAPE,368,0.000406500,true,1,11,823
A,ETHEREAL_SCAPE,369,0.000641400,true,1,9,911
A,ETHEREAL_SCAPE,370,0.000600300,true,1,12,1016
A,ETHEREAL_SCAPE,371,0.000315100,true,1,9,772
A,ETHEREAL_SCAPE,372,0.000396100,true,1,10,770
A,ETHEREAL_SCAPE,373,0.000342400,true,1,10,826
A,ETHEREAL_SCAPE,374,0.000517000,true,2,28,897
A,ETHEREAL_SCAPE,375,0.000398300,true,1,12,883
A,ETHEREAL_SCAPE,376,0.000299700,true,1,9,776
A,ETHEREAL_SCAPE,377,0.000466900,true,2,34,1148
A,ETHEREAL_SCAPE,378,0.000363600,true,2,42,907
A,ETHEREAL_SCAPE,379,0.000231400,true,1,9,812
A,ETHEREAL_SCAPE,380,0.000230100,true,1,11,766
A,ETHEREAL_SCAPE,381,0.000256500,true,1,11,961
A,ETHEREAL_SCAPE,382,0.000194800,true,1,10,657
A,ETHEREAL_SCAPE,383,0.000224500,true,1,10,701
A,ETHEREAL_SCAPE,384,0.000446600,true,3,33,1235
A,ETHEREAL_SCAPE,385,0.000226800,true,1,9,773
A,ETHEREAL_SCAPE,386,0.000223100,true,1,10,830
A,ETHEREAL_SCAPE,387,0.000302700,true,2,21,786
A,ETHEREAL_SCAPE,388,0.000290500,true,2,17,794
A,ETHEREAL_SCAPE,389,0.000268600,true,1,9,933
A,ETHEREAL_SCAPE,390,0.000216600,true,1,11,761
A,ETHEREAL_SCAPE,391,0.000242900,true,1,11,905
A,ETHEREAL_SCAPE,392,0.000216700,true,1,10,692
A,ETHEREAL_SCAPE,393,0.000236600,true,1,9,826
A,ETHEREAL_SCAPE,394,0.000248600,true,1,11,898
A,ETHEREAL_SCAPE,395,0.000252000,true,1,10,898
A,ETHEREAL_SCAPE,396,0.000263000,true,1,13,933
A,ETHEREAL_SCAPE,397,0.000221100,true,1,9,772
A,ETHEREAL_SCAPE,398,0.000216000,true,1,9,727
A,ETHEREAL_SCAPE,399,0.000215500,true,1,10,684
A,ETHEREAL_SCAPE,400,0.000213100,true,1,9,755
A,ETHEREAL_SCAPE,401,0.000210400,true,1,9,755
A,ETHEREAL_SCAPE,402,0.000586400,true,4,100,1042
A,ETHEREAL_SCAPE,403,0.000412400,true,3,42,912
A,ETHEREAL_SCAPE,404,0.000222300,true,1,9,765
A,ETHEREAL_SCAPE,405,0.000230700,true,1,11,838
A,ETHEREAL_SCAPE,406,0.000309800,true,2,26,875
A,ETHEREAL_SCAPE,407,0.000303700,true,1,12,897
A,ETHEREAL_SCAPE,408,0.000234400,true,1,9,791
A,ETHEREAL_SCAPE,409,0.000217000,true,1,9,755
A,ETHEREAL_SCAPE,410,0.000316900,true,2,25,883
A,ETHEREAL_SCAPE,411,0.000219200,true,1,10,756
A,ETHEREAL_SCAPE,412,0.000237300,true,1,10,829
A,ETHEREAL_SCAPE,413,0.000227900,true,1,9,732
A,ETHEREAL_SCAPE,414,0.000234000,true,1,11,770
A,ETHEREAL_SCAPE,415,0.000319000,true,2,25,872
A,ETHEREAL_SCAPE,416,0.000211100,true,1,9,755
A,ETHEREAL_SCAPE,417,0.000218400,true,1,9,782
A,ETHEREAL_SCAPE,418,0.000225900,true,1,10,770
A,ETHEREAL_SCAPE,419,0.000445600,true,3,63,1026
A,ETHEREAL_SCAPE,420,0.000212200,true,1,9,761
A,ETHEREAL_SCAPE,421,0.000216900,true,1,10,816
A,ETHEREAL_SCAPE,422,0.000291400,true,1,13,1172
A,ETHEREAL_SCAPE,423,0.000363700,true,2,47,946
A,ETHEREAL_SCAPE,424,0.000219400,true,1,9,764
A,ETHEREAL_SCAPE,425,0.000238600,true,1,12,823
A,ETHEREAL_SCAPE,426,0.000244300,true,1,10,900
A,ETHEREAL_SCAPE,427,0.000212900,true,1,10,778
A,ETHEREAL_SCAPE,428,0.000201400,true,1,9,724
A,ETHEREAL_SCAPE,429,0.000233200,true,1,11,782
A,ETHEREAL_SCAPE,430,0.000223400,true,1,9,785
A,ETHEREAL_SCAPE,431,0.000214400,true,1,9,775
A,ETHEREAL_SCAPE,432,0.000225700,true,1,10,828
A,ETHEREAL_SCAPE,433,0.000234400,true,1,10,827
A,ETHEREAL_SCAPE,434,0.000343500,true,1,16,1335
A,ETHEREAL_SCAPE,435,0.000207800,true,1,9,689
A,ETHEREAL_SCAPE,436,0.000247000,true,1,10,865
A,ETHEREAL_SCAPE,437,0.000246100,true,1,12,866
A,ETHEREAL_SCAPE,438,0.000208800,true,1,10,679
A,ETHEREAL_SCAPE,439,0.000392000,true,3,30,919
A,ETHEREAL_SCAPE,440,0.000242100,true,1,10,749
A,ETHEREAL_SCAPE,441,0.000250500,true,1,11,783
A,ETHEREAL_SCAPE,442,0.000267000,true,1,11,832
A,ETHEREAL_SCAPE,443,0.000239300,true,1,9,826
A,ETHEREAL_SCAPE,444,0.000230800,true,1,9,776
A,ETHEREAL_SCAPE,445,0.000240600,true,1,10,830
A,ETHEREAL_SCAPE,446,0.000227900,true,1,9,755
A,ETHEREAL_SCAPE,447,0.000304100,true,1,9,805
A,ETHEREAL_SCAPE,448,0.000236000,true,1,10,777
A,ETHEREAL_SCAPE,449,0.000273500,true,1,14,806
A,ETHEREAL_SCAPE,450,0.000284400,true,1,12,1002
A,ETHEREAL_SCAPE,451,0.000386200,true,2,33,910
A,ETHEREAL_SCAPE,452,0.000358800,true,2,47,909
A,ETHEREAL_SCAPE,453,0.000214800,true,1,9,776
A,ETHEREAL_SCAPE,454,0.000292400,true,1,14,1101
A,ETHEREAL_SCAPE,455,0.000371600,true,2,49,982
A,ETHEREAL_SCAPE,456,0.000212100,true,1,10,734
A,ETHEREAL_SCAPE,457,0.000225300,true,1,9,755
A,ETHEREAL_SCAPE,458,0.000369200,true,2,40,1012
A,ETHEREAL_SCAPE,459,0.000219200,true,1,9,776
A,ETHEREAL_SCAPE,460,0.000296700,true,1,12,1100
A,ETHEREAL_SCAPE,461,0.000240500,true,1,9,782
A,ETHEREAL_SCAPE,462,0.000230700,true,1,10,815
A,ETHEREAL_SCAPE,463,0.000229300,true,1,10,797
A,ETHEREAL_SCAPE,464,0.000246100,true,1,10,777
A,ETHEREAL_SCAPE,465,0.000236400,true,1,9,759
A,ETHEREAL_SCAPE,466,0.000364300,true,2,44,739
A,ETHEREAL_SCAPE,467,0.000347100,true,1,14,1118
A,ETHEREAL_SCAPE,468,0.000207400,true,1,10,673
A,ETHEREAL_SCAPE,469,0.000579700,true,2,38,1001
A,ETHEREAL_SCAPE,470,0.000311700,true,1,9,805
A,ETHEREAL_SCAPE,471,0.000343300,true,1,11,770
A,ETHEREAL_SCAPE,472,0.000356600,true,1,14,661
A,ETHEREAL_SCAPE,473,0.000592800,true,3,36,800
A,ETHEREAL_SCAPE,474,0.000244300,true,1,9,727
A,ETHEREAL_SCAPE,475,0.000273800,true,1,11,878
A,ETHEREAL_SCAPE,476,0.000217600,true,1,9,826
A,ETHEREAL_SCAPE,477,0.000256600,true,1,10,757
A,ETHEREAL_SCAPE,478,0.000215200,true,1,9,721
A,ETHEREAL_SCAPE,479,0.000257000,true,1,10,827
A,ETHEREAL_SCAPE,480,0.000354600,true,2,33,1023
A,ETHEREAL_SCAPE,481,0.000203200,true,1,9,762
A,ETHEREAL_SCAPE,482,0.000220900,true,1,10,806
A,ETHEREAL_SCAPE,483,0.000333500,true,2,24,964
A,ETHEREAL_SCAPE,484,0.000218000,true,1,9,805
A,ETHEREAL_SCAPE,485,0.000351800,true,2,21,970
A,ETHEREAL_SCAPE,486,0.000228600,true,1,11,770
A,ETHEREAL_SCAPE,487,0.000234900,true,1,11,783
A,ETHEREAL_SCAPE,488,0.000241100,true,1,9,897
A,ETHEREAL_SCAPE,489,0.000225100,true,1,9,785
A,ETHEREAL_SCAPE,490,0.000214700,true,1,9,755
A,ETHEREAL_SCAPE,491,0.000238700,true,1,9,776
A,ETHEREAL_SCAPE,492,0.000213200,true,1,9,774
A,ETHEREAL_SCAPE,493,0.000211600,true,1,9,751
A,ETHEREAL_SCAPE,494,0.000229600,true,1,11,778
A,ETHEREAL_SCAPE,495,0.000221100,true,1,9,807
A,ETHEREAL_SCAPE,496,0.000447100,true,3,68,985
A,ETHEREAL_SCAPE,497,0.000234500,true,1,10,745
A,ETHEREAL_SCAPE,498,0.000440900,true,3,57,922
A,ETHEREAL_SCAPE,499,0.000368700,true,2,24,1019
A,ETHEREAL_SCAPE,500,0.000216300,true,1,10,767
A,ETHEREAL_SCAPE,501,0.000247300,true,1,12,870
A,ETHEREAL_SCAPE,502,0.000322900,true,1,17,1097
A,ETHEREAL_SCAPE,503,0.000229600,true,1,10,815
A,ETHEREAL_SCAPE,504,0.000445100,true,3,72,915
A,ETHEREAL_SCAPE,505,0.000238900,true,1,9,775
A,ETHEREAL_SCAPE,506,0.000475900,true,3,75,1035
A,ETHEREAL_SCAPE,507,0.000248100,true,1,9,826
A,ETHEREAL_SCAPE,508,0.000222400,true,1,9,792
A,ETHEREAL_SCAPE,509,0.000220600,true,1,12,764
A,ETHEREAL_SCAPE,510,0.000221800,true,1,11,753
A,ETHEREAL_SCAPE,511,0.000221500,true,1,9,805
A,ETHEREAL_SCAPE,512,0.000297300,true,2,21,800
A,ETHEREAL_SCAPE,513,0.000227700,true,1,10,872
A,ETHEREAL_SCAPE,514,0.000343000,true,2,32,970
A,ETHEREAL_SCAPE,515,0.000221900,true,1,9,826
A,ETHEREAL_SCAPE,516,0.000219600,true,1,9,754
A,ETHEREAL_SCAPE,517,0.000392700,true,2,36,828
A,ETHEREAL_SCAPE,518,0.000217200,true,1,9,755
A,ETHEREAL_SCAPE,519,0.000510500,true,3,88,1192
A,ETHEREAL_SCAPE,520,0.000314700,true,2,19,829
A,ETHEREAL_SCAPE,521,0.000233900,true,1,10,849
A,ETHEREAL_SCAPE,522,0.000221900,true,1,10,764
A,ETHEREAL_SCAPE,523,0.000208000,true,1,10,683
A,ETHEREAL_SCAPE,524,0.000331800,true,2,27,871
A,ETHEREAL_SCAPE,525,0.000224500,true,1,11,758
A,ETHEREAL_SCAPE,526,0.000224100,true,1,10,808
A,ETHEREAL_SCAPE,527,0.000225800,true,1,11,760
A,ETHEREAL_SCAPE,528,0.000226700,true,1,10,827
A,ETHEREAL_SCAPE,529,0.000212000,true,1,9,805
A,ETHEREAL_SCAPE,530,0.000215600,true,1,10,777
A,ETHEREAL_SCAPE,531,0.000208500,true,1,9,755
A,ETHEREAL_SCAPE,532,0.000229100,true,1,10,817
A,ETHEREAL_SCAPE,533,0.000216900,true,1,9,741
A,ETHEREAL_SCAPE,534,0.000247600,true,1,13,945
A,ETHEREAL_SCAPE,535,0.000242600,true,1,10,778
A,ETHEREAL_SCAPE,536,0.000349300,true,2,31,924
A,ETHEREAL_SCAPE,537,0.000212000,true,1,9,775
A,ETHEREAL_SCAPE,538,0.000215600,true,1,9,755
A,ETHEREAL_SCAPE,539,0.000229800,true,1,11,757
A,ETHEREAL_SCAPE,540,0.000222100,true,1,10,765
A,ETHEREAL_SCAPE,541,0.000315100,true,2,24,785
A,ETHEREAL_SCAPE,542,0.000209800,true,1,9,735
A,ETHEREAL_SCAPE,543,0.000323700,true,2,29,894
A,ETHEREAL_SCAPE,544,0.000247700,true,1,12,929
A,ETHEREAL_SCAPE,545,0.000202700,true,1,9,717
A,ETHEREAL_SCAPE,546,0.000222800,true,1,9,766
A,ETHEREAL_SCAPE,547,0.000287000,true,1,14,783
A,ETHEREAL_SCAPE,548,0.000523800,true,4,55,956
A,ETHEREAL_SCAPE,549,0.000249800,true,1,12,812
A,ETHEREAL_SCAPE,550,0.000223700,true,1,10,755
A,ETHEREAL_SCAPE,551,0.000240000,true,1,9,755
A,ETHEREAL_SCAPE,552,0.000239600,true,1,9,826
A,ETHEREAL_SCAPE,553,0.000259400,true,1,9,911
A,ETHEREAL_SCAPE,554,0.000327600,true,1,9,818
A,ETHEREAL_SCAPE,555,0.000392300,true,2,31,903
A,ETHEREAL_SCAPE,556,0.000272900,true,1,9,826
A,ETHEREAL_SCAPE,557,0.000237700,true,1,9,749
A,ETHEREAL_SCAPE,558,0.000336500,true,2,25,888
A,ETHEREAL_SCAPE,559,0.000337000,true,2,47,850
A,ETHEREAL_SCAPE,560,0.000269500,true,1,13,907
A,ETHEREAL_SCAPE,561,0.000394700,true,2,46,1069
A,ETHEREAL_SCAPE,562,0.000247600,true,1,14,772
A,ETHEREAL_SCAPE,563,0.000360300,true,2,25,808
A,ETHEREAL_SCAPE,564,0.000610700,true,4,84,1188
A,ETHEREAL_SCAPE,565,0.000365800,true,2,43,840
A,ETHEREAL_SCAPE,566,0.000219900,true,1,10,808
A,ETHEREAL_SCAPE,567,0.000275100,true,1,14,1044
A,ETHEREAL_SCAPE,568,0.000214000,true,1,9,684
A,ETHEREAL_SCAPE,569,0.000239800,true,1,9,773
A,ETHEREAL_SCAPE,570,0.000261000,true,1,10,827
A,ETHEREAL_SCAPE,571,0.000256700,true,1,10,682
A,ETHEREAL_SCAPE,572,0.000592500,true,3,69,1103
A,ETHEREAL_SCAPE,573,0.000359300,true,1,10,769
A,ETHEREAL_SCAPE,574,0.000505300,true,2,24,849
A,ETHEREAL_SCAPE,575,0.000324800,true,1,10,757
A,ETHEREAL_SCAPE,576,0.000357300,true,1,9,760
A,ETHEREAL_SCAPE,577,0.000359100,true,1,14,786
A,ETHEREAL_SCAPE,578,0.000335800,true,1,12,813
A,ETHEREAL_SCAPE,579,0.000250800,true,1,11,760
A,ETHEREAL_SCAPE,580,0.000257000,true,1,9,762
A,ETHEREAL_SCAPE,581,0.000219600,true,1,9,776
A,ETHEREAL_SCAPE,582,0.000465600,true,3,48,968
A,ETHEREAL_SCAPE,583,0.000388700,true,2,57,1077
A,ETHEREAL_SCAPE,584,0.000221200,true,1,9,760
A,ETHEREAL_SCAPE,585,0.000221100,true,1,10,763
A,ETHEREAL_SCAPE,586,0.000225900,true,1,10,827
A,ETHEREAL_SCAPE,587,0.000229700,true,1,11,809
A,ETHEREAL_SCAPE,588,0.000220300,true,1,11,716
A,ETHEREAL_SCAPE,589,0.000261300,true,2,16,754
A,ETHEREAL_SCAPE,590,0.000233300,true,1,11,841
A,ETHEREAL_SCAPE,591,0.000240200,true,1,12,866
A,ETHEREAL_SCAPE,592,0.000297700,true,2,19,854
A,ETHEREAL_SCAPE,593,0.000223900,true,1,10,752
A,ETHEREAL_SCAPE,594,0.000241400,true,1,9,911
A,ETHEREAL_SCAPE,595,0.000439300,true,3,64,865
A,ETHEREAL_SCAPE,596,0.000252500,true,1,11,781
A,ETHEREAL_SCAPE,597,0.000249100,true,1,13,903
A,ETHEREAL_SCAPE,598,0.000277300,true,1,9,948
A,ETHEREAL_SCAPE,599,0.000226000,true,1,9,659
A,ETHEREAL_SCAPE,600,0.000265100,true,1,13,834
A,ETHEREAL_SCAPE,601,0.000220000,true,1,10,777
A,ETHEREAL_SCAPE,602,0.000302800,true,2,39,800
A,ETHEREAL_SCAPE,603,0.000431000,true,2,50,1161
A,ETHEREAL_SCAPE,604,0.000426200,true,3,39,903
A,ETHEREAL_SCAPE,605,0.000227100,true,1,10,820
A,ETHEREAL_SCAPE,606,0.000263200,true,1,12,1020
A,ETHEREAL_SCAPE,607,0.000213300,true,1,10,757
A,ETHEREAL_SCAPE,608,0.000273800,true,1,15,1005
A,ETHEREAL_SCAPE,609,0.000219200,true,1,9,776
A,ETHEREAL_SCAPE,610,0.000249600,true,1,13,949
A,ETHEREAL_SCAPE,611,0.000213000,true,1,9,718
A,ETHEREAL_SCAPE,612,0.000216300,true,1,10,759
A,ETHEREAL_SCAPE,613,0.000324700,true,2,38,947
A,ETHEREAL_SCAPE,614,0.000635800,true,5,90,1130
A,ETHEREAL_SCAPE,615,0.000279300,true,1,12,1068
A,ETHEREAL_SCAPE,616,0.000256100,true,1,10,756
A,ETHEREAL_SCAPE,617,0.000243800,true,1,9,782
A,ETHEREAL_SCAPE,618,0.000237200,true,1,9,809
A,ETHEREAL_SCAPE,619,0.000285500,true,1,12,1002
A,ETHEREAL_SCAPE,620,0.000596900,true,3,41,971
A,ETHEREAL_SCAPE,621,0.000459700,true,1,14,1067
A,ETHEREAL_SCAPE,622,0.000228600,true,1,9,776
A,ETHEREAL_SCAPE,623,0.000247400,true,1,12,832
A,ETHEREAL_SCAPE,624,0.000363700,true,2,40,891
A,ETHEREAL_SCAPE,625,0.000219200,true,1,9,760
A,ETHEREAL_SCAPE,626,0.000209000,true,1,9,707
A,ETHEREAL_SCAPE,627,0.000220600,true,1,9,805
A,ETHEREAL_SCAPE,628,0.000217900,true,1,9,776
A,ETHEREAL_SCAPE,629,0.000229300,true,1,9,826
A,ETHEREAL_SCAPE,630,0.000217200,true,1,9,747
A,ETHEREAL_SCAPE,631,0.000232300,true,1,10,821
A,ETHEREAL_SCAPE,632,0.000214900,true,1,9,776
A,ETHEREAL_SCAPE,633,0.000205400,true,1,9,734
A,ETHEREAL_SCAPE,634,0.000232200,true,1,11,838
A,ETHEREAL_SCAPE,635,0.000225300,true,1,10,806
A,ETHEREAL_SCAPE,636,0.000280700,true,1,13,954
A,ETHEREAL_SCAPE,637,0.000220300,true,1,10,776
A,ETHEREAL_SCAPE,638,0.000268500,true,1,14,977
A,ETHEREAL_SCAPE,639,0.000221200,true,1,10,776
A,ETHEREAL_SCAPE,640,0.000264600,true,1,12,1004
A,ETHEREAL_SCAPE,641,0.000254100,true,1,13,743
A,ETHEREAL_SCAPE,642,0.000597200,true,4,78,1253
A,ETHEREAL_SCAPE,643,0.000274000,true,1,9,911
A,ETHEREAL_SCAPE,644,0.000232600,true,1,9,826
A,ETHEREAL_SCAPE,645,0.000246800,true,1,9,766
A,ETHEREAL_SCAPE,646,0.000257300,true,1,10,912
A,ETHEREAL_SCAPE,647,0.000373500,true,2,27,940
A,ETHEREAL_SCAPE,648,0.000270500,true,1,12,943
A,ETHEREAL_SCAPE,649,0.000250600,true,1,10,733
A,ETHEREAL_SCAPE,650,0.000250100,true,1,9,765
A,ETHEREAL_SCAPE,651,0.000440800,true,2,53,1114
A,ETHEREAL_SCAPE,652,0.000223300,true,1,9,672
A,ETHEREAL_SCAPE,653,0.000252300,true,1,10,820
A,ETHEREAL_SCAPE,654,0.000259800,true,1,11,829
A,ETHEREAL_SCAPE,655,0.000238000,true,1,9,760
A,ETHEREAL_SCAPE,656,0.000365100,true,2,38,820
A,ETHEREAL_SCAPE,657,0.000250200,true,1,9,826
A,ETHEREAL_SCAPE,658,0.000275900,true,1,11,770
A,ETHEREAL_SCAPE,659,0.000246000,true,1,9,773
A,ETHEREAL_SCAPE,660,0.000270500,true,1,11,855
A,ETHEREAL_SCAPE,661,0.000252400,true,1,11,782
A,ETHEREAL_SCAPE,662,0.000250300,true,1,10,748
A,ETHEREAL_SCAPE,663,0.000219200,true,1,9,772
A,ETHEREAL_SCAPE,664,0.000585000,true,2,29,955
A,ETHEREAL_SCAPE,665,0.000297400,true,1,10,768
A,ETHEREAL_SCAPE,666,0.000391400,true,2,26,995
A,ETHEREAL_SCAPE,667,0.000640800,true,4,81,1226
A,ETHEREAL_SCAPE,668,0.000211800,true,1,9,739
A,ETHEREAL_SCAPE,669,0.000244800,true,1,10,756
A,ETHEREAL_SCAPE,670,0.000999800,true,2,40,886
A,ETHEREAL_SCAPE,671,0.000366700,true,1,12,768
A,ETHEREAL_SCAPE,672,0.000564200,true,1,9,755
A,ETHEREAL_SCAPE,673,0.000728500,true,2,39,875
A,ETHEREAL_SCAPE,674,0.000496900,true,1,9,826
A,ETHEREAL_SCAPE,675,0.000246900,true,1,9,755
A,ETHEREAL_SCAPE,676,0.000423000,true,2,28,881
A,ETHEREAL_SCAPE,677,0.000244600,true,1,10,827
A,ETHEREAL_SCAPE,678,0.000266700,true,1,10,779
A,ETHEREAL_SCAPE,679,0.000748200,true,3,35,1022
A,ETHEREAL_SCAPE,680,0.000487700,true,2,23,850
A,ETHEREAL_SCAPE,681,0.000625200,true,2,28,812
A,ETHEREAL_SCAPE,682,0.000339100,true,1,9,776
A,ETHEREAL_SCAPE,683,0.000345700,true,1,12,900
A,ETHEREAL_SCAPE,684,0.000460500,true,2,49,1118
A,ETHEREAL_SCAPE,685,0.000277900,true,1,12,983
A,ETHEREAL_SCAPE,686,0.000390200,true,2,49,904
A,ETHEREAL_SCAPE,687,0.000237500,true,1,10,830
A,ETHEREAL_SCAPE,688,0.000266800,true,1,9,911
A,ETHEREAL_SCAPE,689,0.000338200,true,2,25,878
A,ETHEREAL_SCAPE,690,0.000221400,true,1,9,755
A,ETHEREAL_SCAPE,691,0.000226500,true,1,9,747
A,ETHEREAL_SCAPE,692,0.000245100,true,1,10,797
A,ETHEREAL_SCAPE,693,0.000256800,true,1,9,895
A,ETHEREAL_SCAPE,694,0.000366100,true,2,47,863
A,ETHEREAL_SCAPE,695,0.000358000,true,2,24,1053
A,ETHEREAL_SCAPE,696,0.000296300,true,1,12,934
A,ETHEREAL_SCAPE,697,0.000374800,true,2,33,937
A,ETHEREAL_SCAPE,698,0.000238500,true,1,10,828
A,ETHEREAL_SCAPE,699,0.000233900,true,1,11,780
A,ETHEREAL_SCAPE,700,0.000339600,true,1,14,870
A,ETHEREAL_SCAPE,701,0.000234300,true,1,10,829
A,ETHEREAL_SCAPE,702,0.000221900,true,1,9,751
A,ETHEREAL_SCAPE,703,0.000204000,true,1,9,680
A,ETHEREAL_SCAPE,704,0.000247200,true,1,10,841
A,ETHEREAL_SCAPE,705,0.000254400,true,1,9,826
A,ETHEREAL_SCAPE,706,0.000254000,true,1,10,770
A,ETHEREAL_SCAPE,707,0.000314900,true,1,13,910
A,ETHEREAL_SCAPE,708,0.000234400,true,1,10,758
A,ETHEREAL_SCAPE,709,0.000321700,true,2,28,791
A,ETHEREAL_SCAPE,710,0.000227400,true,1,9,776
A,ETHEREAL_SCAPE,711,0.000648900,true,5,106,1158
A,ETHEREAL_SCAPE,712,0.000231800,true,1,10,872
A,ETHEREAL_SCAPE,713,0.000217800,true,1,9,805
A,ETHEREAL_SCAPE,714,0.000319500,true,1,15,994
A,ETHEREAL_SCAPE,715,0.000320000,true,2,24,848
A,ETHEREAL_SCAPE,716,0.000220100,true,1,9,755
A,ETHEREAL_SCAPE,717,0.000231500,true,1,10,726
A,ETHEREAL_SCAPE,718,0.000348700,true,2,22,1030
A,ETHEREAL_SCAPE,719,0.000212400,true,1,9,755
A,ETHEREAL_SCAPE,720,0.000234000,true,1,10,860
A,ETHEREAL_SCAPE,721,0.000218500,true,1,9,805
A,ETHEREAL_SCAPE,722,0.000228000,true,1,10,806
A,ETHEREAL_SCAPE,723,0.000240200,true,1,9,807
A,ETHEREAL_SCAPE,724,0.000289200,true,1,16,1024
A,ETHEREAL_SCAPE,725,0.000227100,true,1,9,826
A,ETHEREAL_SCAPE,726,0.000366400,true,2,45,974
A,ETHEREAL_SCAPE,727,0.000326200,true,2,23,899
A,ETHEREAL_SCAPE,728,0.000332600,true,2,16,831
A,ETHEREAL_SCAPE,729,0.000269300,true,1,9,774
A,ETHEREAL_SCAPE,730,0.000281200,true,1,11,827
A,ETHEREAL_SCAPE,731,0.000232300,true,1,9,772
A,ETHEREAL_SCAPE,732,0.000225700,true,1,11,768
A,ETHEREAL_SCAPE,733,0.000239500,true,1,9,776
A,ETHEREAL_SCAPE,734,0.000257900,true,1,9,895
A,ETHEREAL_SCAPE,735,0.000225800,true,1,9,751
A,ETHEREAL_SCAPE,736,0.000225800,true,1,9,755
A,ETHEREAL_SCAPE,737,0.000238000,true,1,11,759
A,ETHEREAL_SCAPE,738,0.000230600,true,1,10,735
A,ETHEREAL_SCAPE,739,0.000295300,true,1,10,829
A,ETHEREAL_SCAPE,740,0.000270700,true,1,9,818
A,ETHEREAL_SCAPE,741,0.000346300,true,2,42,846
A,ETHEREAL_SCAPE,742,0.000291500,true,2,23,800
A,ETHEREAL_SCAPE,743,0.000297100,true,1,12,932
A,ETHEREAL_SCAPE,744,0.000244900,true,1,9,818
A,ETHEREAL_SCAPE,745,0.000223700,true,1,10,773
A,ETHEREAL_SCAPE,746,0.000247000,true,1,15,810
A,ETHEREAL_SCAPE,747,0.000211000,true,1,9,734
A,ETHEREAL_SCAPE,748,0.000212000,true,1,9,740
A,ETHEREAL_SCAPE,749,0.000218100,true,1,9,792
A,ETHEREAL_SCAPE,750,0.000197700,true,1,10,695
A,ETHEREAL_SCAPE,751,0.000230200,true,1,10,778
A,ETHEREAL_SCAPE,752,0.000341300,true,2,44,860
A,ETHEREAL_SCAPE,753,0.000215400,true,1,10,793
A,ETHEREAL_SCAPE,754,0.000219600,true,1,9,825
A,ETHEREAL_SCAPE,755,0.000313900,true,2,21,848
A,ETHEREAL_SCAPE,756,0.000259800,true,1,12,929
A,ETHEREAL_SCAPE,757,0.000252600,true,1,9,812
A,ETHEREAL_SCAPE,758,0.000282000,true,1,11,960
A,ETHEREAL_SCAPE,759,0.000224600,true,1,9,751
A,ETHEREAL_SCAPE,760,0.000245600,true,1,11,807
A,ETHEREAL_SCAPE,761,0.000249700,true,1,9,812
A,ETHEREAL_SCAPE,762,0.000280800,true,1,12,1019
A,ETHEREAL_SCAPE,763,0.000269400,true,1,11,845
A,ETHEREAL_SCAPE,764,0.000298900,true,1,9,766
A,ETHEREAL_SCAPE,765,0.000231600,true,1,11,782
A,ETHEREAL_SCAPE,766,0.000263500,true,1,9,814
A,ETHEREAL_SCAPE,767,0.000237400,true,1,9,747
A,ETHEREAL_SCAPE,768,0.000251500,true,1,11,770
A,ETHEREAL_SCAPE,769,0.000255600,true,1,10,779
A,ETHEREAL_SCAPE,770,0.000234600,true,1,11,923
A,ETHEREAL_SCAPE,771,0.000313900,true,2,27,868
A,ETHEREAL_SCAPE,772,0.000391100,true,1,9,751
A,ETHEREAL_SCAPE,773,0.000922900,true,4,85,1348
A,ETHEREAL_SCAPE,774,0.000254900,true,1,9,766
A,ETHEREAL_SCAPE,775,0.000229500,true,1,10,819
A,ETHEREAL_SCAPE,776,0.000562500,true,4,54,979
A,ETHEREAL_SCAPE,777,0.000259400,true,1,9,789
A,ETHEREAL_SCAPE,778,0.000236800,true,1,12,760
A,ETHEREAL_SCAPE,779,0.000471000,true,3,63,1156
A,ETHEREAL_SCAPE,780,0.000246800,true,1,10,798
A,ETHEREAL_SCAPE,781,0.000282200,true,1,9,812
A,ETHEREAL_SCAPE,782,0.000272900,true,1,9,849
A,ETHEREAL_SCAPE,783,0.000247400,true,1,14,747
A,ETHEREAL_SCAPE,784,0.000227700,true,1,9,755
A,ETHEREAL_SCAPE,785,0.000474100,true,2,28,780
A,ETHEREAL_SCAPE,786,0.000548800,true,2,30,896
A,ETHEREAL_SCAPE,787,0.000335800,true,1,9,775
A,ETHEREAL_SCAPE,788,0.000347800,true,1,10,798
A,ETHEREAL_SCAPE,789,0.000396400,true,1,13,898
A,ETHEREAL_SCAPE,790,0.000315800,true,1,10,860
A,ETHEREAL_SCAPE,791,0.000292700,true,1,13,747
A,ETHEREAL_SCAPE,792,0.000242600,true,1,11,773
A,ETHEREAL_SCAPE,793,0.000332900,true,2,47,771
A,ETHEREAL_SCAPE,794,0.000221000,true,1,9,788
A,ETHEREAL_SCAPE,795,0.000341500,true,1,15,1188
A,ETHEREAL_SCAPE,796,0.000243300,true,1,14,885
A,ETHEREAL_SCAPE,797,0.000222100,true,1,9,776
A,ETHEREAL_SCAPE,798,0.000256700,true,1,13,941
A,ETHEREAL_SCAPE,799,0.000226900,true,1,9,826
A,ETHEREAL_SCAPE,800,0.000262900,true,1,12,942
A,ETHEREAL_SCAPE,801,0.000233500,true,1,10,776
A,ETHEREAL_SCAPE,802,0.000229000,true,1,10,772
A,ETHEREAL_SCAPE,803,0.000216100,true,1,9,775
A,ETHEREAL_SCAPE,804,0.000316000,true,2,22,814
A,ETHEREAL_SCAPE,805,0.000224300,true,1,9,818
A,ETHEREAL_SCAPE,806,0.000362000,true,2,30,947
A,ETHEREAL_SCAPE,807,0.000305500,true,2,23,795
A,ETHEREAL_SCAPE,808,0.000218800,true,1,10,765
A,ETHEREAL_SCAPE,809,0.000410800,true,3,43,923
A,ETHEREAL_SCAPE,810,0.000228700,true,1,9,807
A,ETHEREAL_SCAPE,811,0.000220900,true,1,9,793
A,ETHEREAL_SCAPE,812,0.000500400,true,3,59,1061
A,ETHEREAL_SCAPE,813,0.000267300,true,1,12,792
A,ETHEREAL_SCAPE,814,0.000262200,true,1,10,767
A,ETHEREAL_SCAPE,815,0.000234600,true,1,10,795
A,ETHEREAL_SCAPE,816,0.000282900,true,2,15,763
A,ETHEREAL_SCAPE,817,0.000232200,true,1,9,826
A,ETHEREAL_SCAPE,818,0.000259200,true,1,12,921
A,ETHEREAL_SCAPE,819,0.000238100,true,1,10,797
A,ETHEREAL_SCAPE,820,0.000254300,true,1,12,932
A,ETHEREAL_SCAPE,821,0.000238100,true,1,11,828
A,ETHEREAL_SCAPE,822,0.000235400,true,1,9,826
A,ETHEREAL_SCAPE,823,0.000224300,true,1,11,768
A,ETHEREAL_SCAPE,824,0.000230500,true,1,10,809
A,ETHEREAL_SCAPE,825,0.000313500,true,2,22,850
A,ETHEREAL_SCAPE,826,0.000243500,true,1,10,758
A,ETHEREAL_SCAPE,827,0.000233600,true,1,9,830
A,ETHEREAL_SCAPE,828,0.000209100,true,1,11,692
A,ETHEREAL_SCAPE,829,0.000285500,true,1,15,933
A,ETHEREAL_SCAPE,830,0.000219300,true,1,9,764
A,ETHEREAL_SCAPE,831,0.000262000,true,1,13,976
A,ETHEREAL_SCAPE,832,0.000216600,true,1,9,730
A,ETHEREAL_SCAPE,833,0.000272200,true,1,17,954
A,ETHEREAL_SCAPE,834,0.000235200,true,1,9,812
A,ETHEREAL_SCAPE,835,0.000352100,true,2,31,907
A,ETHEREAL_SCAPE,836,0.000261600,true,1,11,829
A,ETHEREAL_SCAPE,837,0.000279900,true,1,13,882
A,ETHEREAL_SCAPE,838,0.000220100,true,1,9,715
A,ETHEREAL_SCAPE,839,0.000273600,true,1,14,977
A,ETHEREAL_SCAPE,840,0.000223000,true,1,11,779
A,ETHEREAL_SCAPE,841,0.000554300,true,4,80,1080
A,ETHEREAL_SCAPE,842,0.000220500,true,1,9,772
A,ETHEREAL_SCAPE,843,0.000217800,true,1,9,747
A,ETHEREAL_SCAPE,844,0.000221500,true,1,10,806
A,ETHEREAL_SCAPE,845,0.000233700,true,1,10,828
A,ETHEREAL_SCAPE,846,0.000212300,true,1,9,762
A,ETHEREAL_SCAPE,847,0.000209200,true,1,9,776
A,ETHEREAL_SCAPE,848,0.000300400,true,2,39,800
A,ETHEREAL_SCAPE,849,0.000214500,true,1,9,740
A,ETHEREAL_SCAPE,850,0.000377100,true,2,46,983
A,ETHEREAL_SCAPE,851,0.000207100,true,1,10,647
A,ETHEREAL_SCAPE,852,0.000222800,true,1,10,773
A,ETHEREAL_SCAPE,853,0.000288300,true,2,16,843
A,ETHEREAL_SCAPE,854,0.000233700,true,1,11,802
A,ETHEREAL_SCAPE,855,0.000325100,true,2,18,1005
A,ETHEREAL_SCAPE,856,0.000226700,true,1,11,814
A,ETHEREAL_SCAPE,857,0.000436100,true,2,53,1263
A,ETHEREAL_SCAPE,858,0.000224800,true,1,9,818
A,ETHEREAL_SCAPE,859,0.000308400,true,1,16,1122
A,ETHEREAL_SCAPE,860,0.000299400,true,2,19,792
A,ETHEREAL_SCAPE,861,0.000204500,true,1,10,757
A,ETHEREAL_SCAPE,862,0.000264300,true,1,15,955
A,ETHEREAL_SCAPE,863,0.000236000,true,1,10,808
A,ETHEREAL_SCAPE,864,0.000215700,true,1,9,773
A,ETHEREAL_SCAPE,865,0.000327100,true,2,28,909
A,ETHEREAL_SCAPE,866,0.000646300,true,5,85,1304
A,ETHEREAL_SCAPE,867,0.000228900,true,1,10,827
A,ETHEREAL_SCAPE,868,0.000338700,true,2,43,861
A,ETHEREAL_SCAPE,869,0.000201600,true,1,9,734
A,ETHEREAL_SCAPE,870,0.000241800,true,1,12,776
A,ETHEREAL_SCAPE,871,0.000248300,true,1,9,826
A,ETHEREAL_SCAPE,872,0.000250300,true,1,9,796
A,ETHEREAL_SCAPE,873,0.000658100,true,1,9,760
A,ETHEREAL_SCAPE,874,0.000313300,true,1,12,810
A,ETHEREAL_SCAPE,875,0.000272700,true,1,10,793
A,ETHEREAL_SCAPE,876,0.000288800,true,1,10,776
A,ETHEREAL_SCAPE,877,0.000271100,true,1,9,747
A,ETHEREAL_SCAPE,878,0.000382100,true,1,10,776
A,ETHEREAL_SCAPE,879,0.000326100,true,2,17,842
A,ETHEREAL_SCAPE,880,0.000418200,true,1,14,1225
A,ETHEREAL_SCAPE,881,0.000493000,true,2,55,1021
A,ETHEREAL_SCAPE,882,0.000259900,true,1,10,813
A,ETHEREAL_SCAPE,883,0.000220100,true,1,9,692
A,ETHEREAL_SCAPE,884,0.000223600,true,1,9,826
A,ETHEREAL_SCAPE,885,0.000249000,true,1,9,755
A,ETHEREAL_SCAPE,886,0.000260000,true,1,11,826
A,ETHEREAL_SCAPE,887,0.000241500,true,1,9,776
A,ETHEREAL_SCAPE,888,0.000233400,true,1,9,782
A,ETHEREAL_SCAPE,889,0.000270200,true,1,12,833
A,ETHEREAL_SCAPE,890,0.000239000,true,1,10,820
A,ETHEREAL_SCAPE,891,0.000361000,true,2,42,856
A,ETHEREAL_SCAPE,892,0.000256300,true,1,10,764
A,ETHEREAL_SCAPE,893,0.000246300,true,1,9,778
A,ETHEREAL_SCAPE,894,0.000236100,true,1,9,812
A,ETHEREAL_SCAPE,895,0.000313200,true,1,12,989
A,ETHEREAL_SCAPE,896,0.000257300,true,1,10,812
A,ETHEREAL_SCAPE,897,0.000306500,true,1,10,916
A,ETHEREAL_SCAPE,898,0.000280000,true,1,9,826
A,ETHEREAL_SCAPE,899,0.000285000,true,1,9,718
A,ETHEREAL_SCAPE,900,0.000348200,true,1,11,761
A,ETHEREAL_SCAPE,901,0.000322100,true,1,11,977
A,ETHEREAL_SCAPE,902,0.000407800,true,1,9,776
A,ETHEREAL_SCAPE,903,0.000369000,true,1,9,742
A,ETHEREAL_SCAPE,904,0.000330500,true,1,10,827
A,ETHEREAL_SCAPE,905,0.000334400,true,1,10,762
A,ETHEREAL_SCAPE,906,0.000405500,true,1,12,1004
A,ETHEREAL_SCAPE,907,0.000470700,true,2,40,801
A,ETHEREAL_SCAPE,908,0.000521600,true,3,42,1064
A,ETHEREAL_SCAPE,909,0.000213400,true,1,9,762
A,ETHEREAL_SCAPE,910,0.000417300,true,2,48,1100
A,ETHEREAL_SCAPE,911,0.000235300,true,1,10,820
A,ETHEREAL_SCAPE,912,0.000257000,true,1,13,942
A,ETHEREAL_SCAPE,913,0.000248900,true,1,12,873
A,ETHEREAL_SCAPE,914,0.000230700,true,1,9,792
A,ETHEREAL_SCAPE,915,0.000252400,true,1,14,765
A,ETHEREAL_SCAPE,916,0.000279700,true,2,15,825
A,ETHEREAL_SCAPE,917,0.000228900,true,1,9,796
A,ETHEREAL_SCAPE,918,0.000221100,true,1,9,826
A,ETHEREAL_SCAPE,919,0.000221800,true,1,10,778
A,ETHEREAL_SCAPE,920,0.000233000,true,1,12,782
A,ETHEREAL_SCAPE,921,0.000223200,true,1,9,796
A,ETHEREAL_SCAPE,922,0.000252400,true,1,14,989
A,ETHEREAL_SCAPE,923,0.000229300,true,1,10,764
A,ETHEREAL_SCAPE,924,0.000241400,true,1,10,797
A,ETHEREAL_SCAPE,925,0.000271500,true,1,13,971
A,ETHEREAL_SCAPE,926,0.000231400,true,1,10,801
A,ETHEREAL_SCAPE,927,0.000219800,true,1,10,785
A,ETHEREAL_SCAPE,928,0.000341900,true,2,27,879
A,ETHEREAL_SCAPE,929,0.000224900,true,1,10,797
A,ETHEREAL_SCAPE,930,0.000224300,true,1,9,799
A,ETHEREAL_SCAPE,931,0.000329000,true,2,23,987
A,ETHEREAL_SCAPE,932,0.000209200,true,1,9,782
A,ETHEREAL_SCAPE,933,0.000218300,true,1,9,755
A,ETHEREAL_SCAPE,934,0.000239500,true,1,10,822
A,ETHEREAL_SCAPE,935,0.000266900,true,1,13,930
A,ETHEREAL_SCAPE,936,0.000309400,true,2,15,834
A,ETHEREAL_SCAPE,937,0.000224500,true,1,10,828
A,ETHEREAL_SCAPE,938,0.000239800,true,1,12,900
A,ETHEREAL_SCAPE,939,0.000321000,true,2,25,858
A,ETHEREAL_SCAPE,940,0.000216100,true,1,9,762
A,ETHEREAL_SCAPE,941,0.000237000,true,1,9,805
A,ETHEREAL_SCAPE,942,0.000339700,true,2,31,906
A,ETHEREAL_SCAPE,943,0.000258000,true,1,14,933
A,ETHEREAL_SCAPE,944,0.000295800,true,2,18,840
A,ETHEREAL_SCAPE,945,0.000220600,true,1,10,778
A,ETHEREAL_SCAPE,946,0.000228700,true,1,10,829
A,ETHEREAL_SCAPE,947,0.000387900,true,3,37,889
A,ETHEREAL_SCAPE,948,0.000209000,true,1,9,755
A,ETHEREAL_SCAPE,949,0.000209600,true,1,9,755
A,ETHEREAL_SCAPE,950,0.000228000,true,1,10,814
A,ETHEREAL_SCAPE,951,0.000228000,true,1,10,827
A,ETHEREAL_SCAPE,952,0.000216300,true,1,9,776
A,ETHEREAL_SCAPE,953,0.000392300,true,2,42,1157
A,ETHEREAL_SCAPE,954,0.000305600,true,2,28,844
A,ETHEREAL_SCAPE,955,0.000309100,true,2,23,824
A,ETHEREAL_SCAPE,956,0.000217700,true,1,9,776
A,ETHEREAL_SCAPE,957,0.000344600,true,2,32,928
A,ETHEREAL_SCAPE,958,0.000257200,true,1,11,903
A,ETHEREAL_SCAPE,959,0.000215300,true,1,9,775
A,ETHEREAL_SCAPE,960,0.000245600,true,1,14,894
A,ETHEREAL_SCAPE,961,0.000231300,true,1,10,779
A,ETHEREAL_SCAPE,962,0.000221900,true,1,9,796
A,ETHEREAL_SCAPE,963,0.000309500,true,2,22,807
A,ETHEREAL_SCAPE,964,0.000224700,true,1,10,777
A,ETHEREAL_SCAPE,965,0.000239700,true,1,10,824
A,ETHEREAL_SCAPE,966,0.000292800,true,1,13,1067
A,ETHEREAL_SCAPE,967,0.000219900,true,1,9,758
A,ETHEREAL_SCAPE,968,0.000229300,true,1,10,808
A,ETHEREAL_SCAPE,969,0.000393700,true,2,29,1262
A,ETHEREAL_SCAPE,970,0.000331500,true,2,40,796
A,ETHEREAL_SCAPE,971,0.000222700,true,1,9,826
A,ETHEREAL_SCAPE,972,0.000257300,true,1,12,882
A,ETHEREAL_SCAPE,973,0.000244400,true,1,11,876
A,ETHEREAL_SCAPE,974,0.000225200,true,1,10,763
A,ETHEREAL_SCAPE,975,0.000220400,true,1,10,829
A,ETHEREAL_SCAPE,976,0.000221900,true,1,9,812
A,ETHEREAL_SCAPE,977,0.000207000,true,1,9,751
A,ETHEREAL_SCAPE,978,0.000210400,true,1,9,755
A,ETHEREAL_SCAPE,979,0.000347200,true,1,18,1394
A,ETHEREAL_SCAPE,980,0.000223600,true,1,10,777
A,ETHEREAL_SCAPE,981,0.000239800,true,1,13,855
A,ETHEREAL_SCAPE,982,0.000223400,true,1,9,826
A,ETHEREAL_SCAPE,983,0.000210000,true,1,11,740
A,ETHEREAL_SCAPE,984,0.000213900,true,1,9,776
A,ETHEREAL_SCAPE,985,0.000325200,true,2,27,897
A,ETHEREAL_SCAPE,986,0.000224300,true,1,9,812
A,ETHEREAL_SCAPE,987,0.000540900,true,1,9,793
A,ETHEREAL_SCAPE,988,0.000797700,true,1,11,840
A,ETHEREAL_SCAPE,989,0.000305300,true,1,11,808
A,ETHEREAL_SCAPE,990,0.000237900,true,1,9,751
A,ETHEREAL_SCAPE,991,0.000241600,true,1,9,763
A,ETHEREAL_SCAPE,992,0.000272000,true,1,10,829
A,ETHEREAL_SCAPE,993,0.000244900,true,1,9,789
A,ETHEREAL_SCAPE,994,0.000320800,true,1,9,769
A,ETHEREAL_SCAPE,995,0.000260000,true,1,9,831
A,ETHEREAL_SCAPE,996,0.000239600,true,1,10,735
A,ETHEREAL_SCAPE,997,0.000234800,true,1,9,764
A,ETHEREAL_SCAPE,998,0.000267300,true,1,14,831
A,ETHEREAL_SCAPE,999,0.000225700,true,1,9,826
A,ETHEREAL_SCAPE,1000,0.000244500,true,1,9,906
B,VERDANT_VALLEY,1,0.000086600,true,1,12,61
B,VERDANT_VALLEY,2,0.000089100,true,1,12,65
B,VERDANT_VALLEY,3,0.000089200,true,1,13,67
B,VERDANT_VALLEY,4,0.000120800,true,1,19,156
B,VERDANT_VALLEY,5,0.000422500,true,2,30,213
B,VERDANT_VALLEY,6,0.000165300,true,1,17,103
B,VERDANT_VALLEY,7,0.000118400,true,1,19,146
B,VERDANT_VALLEY,8,0.000102900,true,1,17,112
B,VERDANT_VALLEY,9,0.000225200,true,2,35,274
B,VERDANT_VALLEY,10,0.000101100,true,1,17,112
B,VERDANT_VALLEY,11,0.000129200,true,1,19,190
B,VERDANT_VALLEY,12,0.000077000,true,1,11,56
B,VERDANT_VALLEY,13,0.000104700,true,1,17,141
B,VERDANT_VALLEY,14,0.000072400,true,1,10,49
B,VERDANT_VALLEY,15,0.000343600,true,2,41,305
B,VERDANT_VALLEY,16,0.000102500,true,1,12,64
B,VERDANT_VALLEY,17,0.000115200,true,1,16,91
B,VERDANT_VALLEY,18,0.000087700,true,1,13,83
B,VERDANT_VALLEY,19,0.000102300,true,1,16,105
B,VERDANT_VALLEY,20,0.000200600,true,2,27,149
B,VERDANT_VALLEY,21,0.000123200,true,1,23,154
B,VERDANT_VALLEY,22,0.000078700,true,1,10,49
B,VERDANT_VALLEY,23,0.000094900,true,1,15,78
B,VERDANT_VALLEY,24,0.000111900,true,1,18,117
B,VERDANT_VALLEY,25,0.000128800,true,1,21,162
B,VERDANT_VALLEY,26,0.000118100,true,1,17,141
B,VERDANT_VALLEY,27,0.000081300,true,1,11,48
B,VERDANT_VALLEY,28,0.000123900,true,1,21,172
B,VERDANT_VALLEY,29,0.000110100,true,1,17,122
B,VERDANT_VALLEY,30,0.000155200,true,1,16,97
B,VERDANT_VALLEY,31,0.000086900,true,1,13,85
B,VERDANT_VALLEY,32,0.000475600,true,3,66,464
B,VERDANT_VALLEY,33,0.000130700,true,1,10,52
B,VERDANT_VALLEY,34,0.000284000,true,2,24,110
B,VERDANT_VALLEY,35,0.000131300,true,1,13,63
B,VERDANT_VALLEY,36,0.000154800,true,1,16,115
B,VERDANT_VALLEY,37,0.000149700,true,1,15,87
B,VERDANT_VALLEY,38,0.000231000,true,1,17,128
B,VERDANT_VALLEY,39,0.000150200,true,1,12,65
B,VERDANT_VALLEY,40,0.000125900,true,1,12,55
B,VERDANT_VALLEY,41,0.000174600,true,1,16,111
B,VERDANT_VALLEY,42,0.000177500,true,1,17,128
B,VERDANT_VALLEY,43,0.000205300,true,1,19,178
B,VERDANT_VALLEY,44,0.000105600,true,1,12,53
B,VERDANT_VALLEY,45,0.000094200,true,1,13,70
B,VERDANT_VALLEY,46,0.000151100,true,1,22,207
B,VERDANT_VALLEY,47,0.000128000,true,1,12,59
B,VERDANT_VALLEY,48,0.000095300,true,1,10,55
B,VERDANT_VALLEY,49,0.000166800,true,1,20,171
B,VERDANT_VALLEY,50,0.000238200,true,2,35,269
B,VERDANT_VALLEY,51,0.000092800,true,1,16,79
B,VERDANT_VALLEY,52,0.000081500,true,1,12,60
B,VERDANT_VALLEY,53,0.000134800,true,1,22,158
B,VERDANT_VALLEY,54,0.000077900,true,1,11,58
B,VERDANT_VALLEY,55,0.000093100,true,1,17,101
B,VERDANT_VALLEY,56,0.000078400,true,1,12,57
B,VERDANT_VALLEY,57,0.000105400,true,1,11,52
B,VERDANT_VALLEY,58,0.000127900,true,1,20,155
B,VERDANT_VALLEY,59,0.000128700,true,1,14,75
B,VERDANT_VALLEY,60,0.000146400,true,1,18,141
B,VERDANT_VALLEY,61,0.000092100,true,1,15,84
B,VERDANT_VALLEY,62,0.000344800,true,3,58,423
B,VERDANT_VALLEY,63,0.000089700,true,1,13,85
B,VERDANT_VALLEY,64,0.000086600,true,1,14,83
B,VERDANT_VALLEY,65,0.000095200,true,1,16,71
B,VERDANT_VALLEY,66,0.000245000,true,2,37,320
B,VERDANT_VALLEY,67,0.000104100,true,1,16,108
B,VERDANT_VALLEY,68,0.000097900,true,1,16,103
B,VERDANT_VALLEY,69,0.000083800,true,1,14,68
B,VERDANT_VALLEY,70,0.000292600,true,2,35,228
B,VERDANT_VALLEY,71,0.000102500,true,1,16,115
B,VERDANT_VALLEY,72,0.000078900,true,1,10,48
B,VERDANT_VALLEY,73,0.000121600,true,1,24,161
B,VERDANT_VALLEY,74,0.000109400,true,1,12,56
B,VERDANT_VALLEY,75,0.000102500,true,1,14,105
B,VERDANT_VALLEY,76,0.000123200,true,1,22,169
B,VERDANT_VALLEY,77,0.000081500,true,1,13,66
B,VERDANT_VALLEY,78,0.000086500,true,1,12,64
B,VERDANT_VALLEY,79,0.000148900,true,1,19,127
B,VERDANT_VALLEY,80,0.000090800,true,1,13,71
B,VERDANT_VALLEY,81,0.000084200,true,1,13,70
B,VERDANT_VALLEY,82,0.000163600,true,2,30,122
B,VERDANT_VALLEY,83,0.000084100,true,1,14,79
B,VERDANT_VALLEY,84,0.000080300,true,1,13,70
B,VERDANT_VALLEY,85,0.000193800,true,2,35,224
B,VERDANT_VALLEY,86,0.000089500,true,1,14,105
B,VERDANT_VALLEY,87,0.000101700,true,1,18,131
B,VERDANT_VALLEY,88,0.000110800,true,1,21,143
B,VERDANT_VALLEY,89,0.000074100,true,1,10,55
B,VERDANT_VALLEY,90,0.000089000,true,1,14,105
B,VERDANT_VALLEY,91,0.000099500,true,1,16,76
B,VERDANT_VALLEY,92,0.000130700,true,1,24,211
B,VERDANT_VALLEY,93,0.000095200,true,1,15,120
B,VERDANT_VALLEY,94,0.000100700,true,1,16,124
B,VERDANT_VALLEY,95,0.000226100,true,2,36,266
B,VERDANT_VALLEY,96,0.000086600,true,1,15,75
B,VERDANT_VALLEY,97,0.000201500,true,2,36,237
B,VERDANT_VALLEY,98,0.000077700,true,1,11,62
B,VERDANT_VALLEY,99,0.000162900,true,2,29,150
B,VERDANT_VALLEY,100,0.000088800,true,1,16,84
B,VERDANT_VALLEY,101,0.000083300,true,1,15,72
B,VERDANT_VALLEY,102,0.000079000,true,1,13,64
B,VERDANT_VALLEY,103,0.000206500,true,2,39,271
B,VERDANT_VALLEY,104,0.000109300,true,1,16,116
B,VERDANT_VALLEY,105,0.000251900,true,2,50,366
B,VERDANT_VALLEY,106,0.000116700,true,1,18,108
B,VERDANT_VALLEY,107,0.000084800,true,1,12,61
B,VERDANT_VALLEY,108,0.000088800,true,1,15,69
B,VERDANT_VALLEY,109,0.000205300,true,2,40,234
B,VERDANT_VALLEY,110,0.000090700,true,1,15,96
B,VERDANT_VALLEY,111,0.000076600,true,1,12,53
B,VERDANT_VALLEY,112,0.000093600,true,1,14,97
B,VERDANT_VALLEY,113,0.000216500,true,2,40,252
B,VERDANT_VALLEY,114,0.000077400,true,1,12,52
B,VERDANT_VALLEY,115,0.000091200,true,1,15,97
B,VERDANT_VALLEY,116,0.000125900,true,1,19,178
B,VERDANT_VALLEY,117,0.000106700,true,1,16,115
B,VERDANT_VALLEY,118,0.000101800,true,1,15,120
B,VERDANT_VALLEY,119,0.000090600,true,1,14,71
B,VERDANT_VALLEY,120,0.000079000,true,1,12,61
B,VERDANT_VALLEY,121,0.000077600,true,1,12,64
B,VERDANT_VALLEY,122,0.000155900,true,2,22,99
B,VERDANT_VALLEY,123,0.000105900,true,1,18,103
B,VERDANT_VALLEY,124,0.000123100,true,1,21,196
B,VERDANT_VALLEY,125,0.000221700,true,2,38,250
B,VERDANT_VALLEY,126,0.000105400,true,1,21,102
B,VERDANT_VALLEY,127,0.000098000,true,1,14,85
B,VERDANT_VALLEY,128,0.000265100,true,3,40,227
B,VERDANT_VALLEY,129,0.000088100,true,1,11,53
B,VERDANT_VALLEY,130,0.000085300,true,1,11,58
B,VERDANT_VALLEY,131,0.000128200,true,1,20,172
B,VERDANT_VALLEY,132,0.000079600,true,1,10,48
B,VERDANT_VALLEY,133,0.000089400,true,1,15,76
B,VERDANT_VALLEY,134,0.000085500,true,1,13,61
B,VERDANT_VALLEY,135,0.000215400,true,2,33,213
B,VERDANT_VALLEY,136,0.000095800,true,1,14,86
B,VERDANT_VALLEY,137,0.000089900,true,1,14,82
B,VERDANT_VALLEY,138,0.000084500,true,1,12,64
B,VERDANT_VALLEY,139,0.000115900,true,1,17,153
B,VERDANT_VALLEY,140,0.000225000,true,1,19,190
B,VERDANT_VALLEY,141,0.000193500,true,2,31,153
B,VERDANT_VALLEY,142,0.000094100,true,1,14,90
B,VERDANT_VALLEY,143,0.000087800,true,1,16,81
B,VERDANT_VALLEY,144,0.000092600,true,1,15,98
B,VERDANT_VALLEY,145,0.000163100,true,2,27,148
B,VERDANT_VALLEY,146,0.000081600,true,1,12,51
B,VERDANT_VALLEY,147,0.000079000,true,1,13,62
B,VERDANT_VALLEY,148,0.000076300,true,1,11,57
B,VERDANT_VALLEY,149,0.000078400,true,1,12,58
B,VERDANT_VALLEY,150,0.000097400,true,1,16,109
B,VERDANT_VALLEY,151,0.000082400,true,1,12,66
B,VERDANT_VALLEY,152,0.000075400,true,1,11,56
B,VERDANT_VALLEY,153,0.000101300,true,1,16,101
B,VERDANT_VALLEY,154,0.000093300,true,1,13,67
B,VERDANT_VALLEY,155,0.000144400,true,1,16,107
B,VERDANT_VALLEY,156,0.000103800,true,1,18,99
B,VERDANT_VALLEY,157,0.000092800,true,1,14,95
B,VERDANT_VALLEY,158,0.000197800,true,2,35,212
B,VERDANT_VALLEY,159,0.000093500,true,1,13,65
B,VERDANT_VALLEY,160,0.000102100,true,1,14,73
B,VERDANT_VALLEY,161,0.000080700,true,1,11,62
B,VERDANT_VALLEY,162,0.000096400,true,1,15,104
B,VERDANT_VALLEY,163,0.000252000,true,2,40,308
B,VERDANT_VALLEY,164,0.000119800,true,1,21,125
B,VERDANT_VALLEY,165,0.000080600,true,1,11,61
B,VERDANT_VALLEY,166,0.000094500,true,1,15,90
B,VERDANT_VALLEY,167,0.000094200,true,1,15,81
B,VERDANT_VALLEY,168,0.000076100,true,1,11,57
B,VERDANT_VALLEY,169,0.000141600,true,1,26,215
B,VERDANT_VALLEY,170,0.000202000,true,2,33,205
B,VERDANT_VALLEY,171,0.000202600,true,2,38,264
B,VERDANT_VALLEY,172,0.000088800,true,1,15,91
B,VERDANT_VALLEY,173,0.000094000,true,1,15,90
B,VERDANT_VALLEY,174,0.000092200,true,1,15,97
B,VERDANT_VALLEY,175,0.000082000,true,1,12,78
B,VERDANT_VALLEY,176,0.000072500,true,1,10,52
B,VERDANT_VALLEY,177,0.000097600,true,1,18,97
B,VERDANT_VALLEY,178,0.000080900,true,1,12,78
B,VERDANT_VALLEY,179,0.000095200,true,1,17,100
B,VERDANT_VALLEY,180,0.000211600,true,2,37,239
B,VERDANT_VALLEY,181,0.000099000,true,1,16,112
B,VERDANT_VALLEY,182,0.000111000,true,1,19,154
B,VERDANT_VALLEY,183,0.000174700,true,2,29,206
B,VERDANT_VALLEY,184,0.000090100,true,1,15,91
B,VERDANT_VALLEY,185,0.000076900,true,1,11,58
B,VERDANT_VALLEY,186,0.000188500,true,2,35,243
B,VERDANT_VALLEY,187,0.000094700,true,1,18,102
B,VERDANT_VALLEY,188,0.000080800,true,1,14,71
B,VERDANT_VALLEY,189,0.000080500,true,1,12,66
B,VERDANT_VALLEY,190,0.000115300,true,1,22,156
B,VERDANT_VALLEY,191,0.000093800,true,1,14,88
B,VERDANT_VALLEY,192,0.000101800,true,1,18,103
B,VERDANT_VALLEY,193,0.000163700,true,2,25,156
B,VERDANT_VALLEY,194,0.000078500,true,1,11,58
B,VERDANT_VALLEY,195,0.000101800,true,1,17,139
B,VERDANT_VALLEY,196,0.000090300,true,1,14,69
B,VERDANT_VALLEY,197,0.000093600,true,1,15,108
B,VERDANT_VALLEY,198,0.000081500,true,1,12,67
B,VERDANT_VALLEY,199,0.000246600,true,2,52,253
B,VERDANT_VALLEY,200,0.000119200,true,1,18,171
B,VERDANT_VALLEY,201,0.000094700,true,1,15,95
B,VERDANT_VALLEY,202,0.000125100,true,1,23,205
B,VERDANT_VALLEY,203,0.000099400,true,1,15,120
B,VERDANT_VALLEY,204,0.000101500,true,1,20,95
B,VERDANT_VALLEY,205,0.000097700,true,1,16,96
B,VERDANT_VALLEY,206,0.000102400,true,1,15,101
B,VERDANT_VALLEY,207,0.000097400,true,1,20,105
B,VERDANT_VALLEY,208,0.000188700,true,2,37,217
B,VERDANT_VALLEY,209,0.000076700,true,1,12,54
B,VERDANT_VALLEY,210,0.000082200,true,1,13,69
B,VERDANT_VALLEY,211,0.000106300,true,1,20,134
B,VERDANT_VALLEY,212,0.000093700,true,1,15,89
B,VERDANT_VALLEY,213,0.000085500,true,1,14,74
B,VERDANT_VALLEY,214,0.000090300,true,1,15,96
B,VERDANT_VALLEY,215,0.000091400,true,1,17,100
B,VERDANT_VALLEY,216,0.000098300,true,1,19,125
B,VERDANT_VALLEY,217,0.000082200,true,1,15,68
B,VERDANT_VALLEY,218,0.000083000,true,1,14,74
B,VERDANT_VALLEY,219,0.000090300,true,1,14,69
B,VERDANT_VALLEY,220,0.000104100,true,1,17,129
B,VERDANT_VALLEY,221,0.000084000,true,1,12,64
B,VERDANT_VALLEY,222,0.000083600,true,1,13,60
B,VERDANT_VALLEY,223,0.000253400,true,2,42,254
B,VERDANT_VALLEY,224,0.000276800,true,2,29,207
B,VERDANT_VALLEY,225,0.000111100,true,1,18,154
B,VERDANT_VALLEY,226,0.000245500,true,2,40,305
B,VERDANT_VALLEY,227,0.000116300,true,1,18,132
B,VERDANT_VALLEY,228,0.000247600,true,2,43,314
B,VERDANT_VALLEY,229,0.000132600,true,1,21,172
B,VERDANT_VALLEY,230,0.000104500,true,1,15,112
B,VERDANT_VALLEY,231,0.000104200,true,1,14,84
B,VERDANT_VALLEY,232,0.000093800,true,1,14,76
B,VERDANT_VALLEY,233,0.000085800,true,1,14,61
B,VERDANT_VALLEY,234,0.000103000,true,1,18,99
B,VERDANT_VALLEY,235,0.000085200,true,1,12,65
B,VERDANT_VALLEY,236,0.000208800,true,2,37,230
B,VERDANT_VALLEY,237,0.000084500,true,1,11,59
B,VERDANT_VALLEY,238,0.000127900,true,1,19,178
B,VERDANT_VALLEY,239,0.000101300,true,1,16,93
B,VERDANT_VALLEY,240,0.000098200,true,1,15,78
B,VERDANT_VALLEY,241,0.000123300,true,1,13,66
B,VERDANT_VALLEY,242,0.000119200,true,1,18,110
B,VERDANT_VALLEY,243,0.000142500,true,1,21,196
B,VERDANT_VALLEY,244,0.000097300,true,1,15,99
B,VERDANT_VALLEY,245,0.000095700,true,1,16,77
B,VERDANT_VALLEY,246,0.000104500,true,1,17,125
B,VERDANT_VALLEY,247,0.000148100,true,2,21,96
B,VERDANT_VALLEY,248,0.000083600,true,1,13,65
B,VERDANT_VALLEY,249,0.000098200,true,1,17,90
B,VERDANT_VALLEY,250,0.000235600,true,2,36,249
B,VERDANT_VALLEY,251,0.000124500,true,1,19,157
B,VERDANT_VALLEY,252,0.000116400,true,1,18,121
B,VERDANT_VALLEY,253,0.000077100,true,1,10,51
B,VERDANT_VALLEY,254,0.000081700,true,1,12,68
B,VERDANT_VALLEY,255,0.000078500,true,1,11,56
B,VERDANT_VALLEY,256,0.000127500,true,1,21,212
B,VERDANT_VALLEY,257,0.000122200,true,1,20,143
B,VERDANT_VALLEY,258,0.000092100,true,1,14,85
B,VERDANT_VALLEY,259,0.000114100,true,1,19,159
B,VERDANT_VALLEY,260,0.000115000,true,1,20,125
B,VERDANT_VALLEY,261,0.000075500,true,1,10,49
B,VERDANT_VALLEY,262,0.000118900,true,1,14,79
B,VERDANT_VALLEY,263,0.000153900,true,1,18,121
B,VERDANT_VALLEY,264,0.000100000,true,1,14,80
B,VERDANT_VALLEY,265,0.000110500,true,1,12,67
B,VERDANT_VALLEY,266,0.000098100,true,1,13,60
B,VERDANT_VALLEY,267,0.000134500,true,1,21,152
B,VERDANT_VALLEY,268,0.000240300,true,2,40,268
B,VERDANT_VALLEY,269,0.000140900,true,1,23,220
B,VERDANT_VALLEY,270,0.000097300,true,1,13,71
B,VERDANT_VALLEY,271,0.000096200,true,1,12,63
B,VERDANT_VALLEY,272,0.000152300,true,1,17,101
B,VERDANT_VALLEY,273,0.000261800,true,2,43,263
B,VERDANT_VALLEY,274,0.000121000,true,1,17,122
B,VERDANT_VALLEY,275,0.000116900,true,1,15,82
B,VERDANT_VALLEY,276,0.000134600,true,1,22,183
B,VERDANT_VALLEY,277,0.000099900,true,1,13,91
B,VERDANT_VALLEY,278,0.000105400,true,1,15,98
B,VERDANT_VALLEY,279,0.000129500,true,1,14,105
B,VERDANT_VALLEY,280,0.000167800,true,1,19,140
B,VERDANT_VALLEY,281,0.000169400,true,1,14,94
B,VERDANT_VALLEY,282,0.000161000,true,1,12,61
B,VERDANT_VALLEY,283,0.000185400,true,1,19,121
B,VERDANT_VALLEY,284,0.000149900,true,1,13,69
B,VERDANT_VALLEY,285,0.000104600,true,1,9,45
B,VERDANT_VALLEY,286,0.000130600,true,1,11,47
B,VERDANT_VALLEY,287,0.000167900,true,1,18,105
B,VERDANT_VALLEY,288,0.000180000,true,1,19,154
B,VERDANT_VALLEY,289,0.000140600,true,1,14,76
B,VERDANT_VALLEY,290,0.000140100,true,1,14,68
B,VERDANT_VALLEY,291,0.000165200,true,1,14,84
B,VERDANT_VALLEY,292,0.000235500,true,1,26,207
B,VERDANT_VALLEY,293,0.000099600,true,1,13,52
B,VERDANT_VALLEY,294,0.000100900,true,1,13,91
B,VERDANT_VALLEY,295,0.000094100,true,1,14,64
B,VERDANT_VALLEY,296,0.000112400,true,1,15,108
B,VERDANT_VALLEY,297,0.000120900,true,1,16,125
B,VERDANT_VALLEY,298,0.000119000,true,1,21,155
B,VERDANT_VALLEY,299,0.000197900,true,2,32,225
B,VERDANT_VALLEY,300,0.000099100,true,1,18,111
B,VERDANT_VALLEY,301,0.000071600,true,1,10,46
B,VERDANT_VALLEY,302,0.000078100,true,1,12,64
B,VERDANT_VALLEY,303,0.000077600,true,1,11,51
B,VERDANT_VALLEY,304,0.000087200,true,1,14,82
B,VERDANT_VALLEY,305,0.000088700,true,1,13,69
B,VERDANT_VALLEY,306,0.000079500,true,1,10,48
B,VERDANT_VALLEY,307,0.000125300,true,1,24,199
B,VERDANT_VALLEY,308,0.000087400,true,1,12,78
B,VERDANT_VALLEY,309,0.000071900,true,1,10,55
B,VERDANT_VALLEY,310,0.000195900,true,2,36,239
B,VERDANT_VALLEY,311,0.000078900,true,1,12,61
B,VERDANT_VALLEY,312,0.000104700,true,1,17,139
B,VERDANT_VALLEY,313,0.000078000,true,1,12,63
B,VERDANT_VALLEY,314,0.000185200,true,2,34,190
B,VERDANT_VALLEY,315,0.000165400,true,2,29,149
B,VERDANT_VALLEY,316,0.000078900,true,1,13,64
B,VERDANT_VALLEY,317,0.000110600,true,1,20,137
B,VERDANT_VALLEY,318,0.000080900,true,1,13,65
B,VERDANT_VALLEY,319,0.000092200,true,1,14,105
B,VERDANT_VALLEY,320,0.000222600,true,2,37,281
B,VERDANT_VALLEY,321,0.000104100,true,1,19,122
B,VERDANT_VALLEY,322,0.000078800,true,1,12,62
B,VERDANT_VALLEY,323,0.000075800,true,1,11,54
B,VERDANT_VALLEY,324,0.000079500,true,1,12,51
B,VERDANT_VALLEY,325,0.000096700,true,1,15,90
B,VERDANT_VALLEY,326,0.000101700,true,1,17,113
B,VERDANT_VALLEY,327,0.000100200,true,1,19,112
B,VERDANT_VALLEY,328,0.000443600,true,4,87,605
B,VERDANT_VALLEY,329,0.000133000,true,1,11,59
B,VERDANT_VALLEY,330,0.000140200,true,1,20,168
B,VERDANT_VALLEY,331,0.000110500,true,1,19,114
B,VERDANT_VALLEY,332,0.000118800,true,1,21,160
B,VERDANT_VALLEY,333,0.000104200,true,1,17,125
B,VERDANT_VALLEY,334,0.000124100,true,1,21,159
B,VERDANT_VALLEY,335,0.000097800,true,1,16,72
B,VERDANT_VALLEY,336,0.000227100,true,2,43,247
B,VERDANT_VALLEY,337,0.000318500,true,3,55,414
B,VERDANT_VALLEY,338,0.000096300,true,1,17,99
B,VERDANT_VALLEY,339,0.000209700,true,2,39,237
B,VERDANT_VALLEY,340,0.000081700,true,1,11,52
B,VERDANT_VALLEY,341,0.000087100,true,1,12,65
B,VERDANT_VALLEY,342,0.000237300,true,2,45,277
B,VERDANT_VALLEY,343,0.000087000,true,1,14,85
B,VERDANT_VALLEY,344,0.000111900,true,1,19,149
B,VERDANT_VALLEY,345,0.000100300,true,1,16,115
B,VERDANT_VALLEY,346,0.000077200,true,1,11,59
B,VERDANT_VALLEY,347,0.000080200,true,1,11,60
B,VERDANT_VALLEY,348,0.000110100,true,1,22,107
B,VERDANT_VALLEY,349,0.000077500,true,1,10,52
B,VERDANT_VALLEY,350,0.000074300,true,1,10,55
B,VERDANT_VALLEY,351,0.000212800,true,2,41,300
B,VERDANT_VALLEY,352,0.000123500,true,1,15,120
B,VERDANT_VALLEY,353,0.000102500,true,1,15,91
B,VERDANT_VALLEY,354,0.000082800,true,1,12,55
B,VERDANT_VALLEY,355,0.000089900,true,1,14,88
B,VERDANT_VALLEY,356,0.000107400,true,1,19,143
B,VERDANT_VALLEY,357,0.000104700,true,1,17,140
B,VERDANT_VALLEY,358,0.000096900,true,1,14,87
B,VERDANT_VALLEY,359,0.000118000,true,1,16,64
B,VERDANT_VALLEY,360,0.000100800,true,1,18,126
B,VERDANT_VALLEY,361,0.000092900,true,1,16,111
B,VERDANT_VALLEY,362,0.000098000,true,1,17,108
B,VERDANT_VALLEY,363,0.000078000,true,1,12,61
B,VERDANT_VALLEY,364,0.000215100,true,2,40,246
B,VERDANT_VALLEY,365,0.000086200,true,1,14,62
B,VERDANT_VALLEY,366,0.000091600,true,1,16,82
B,VERDANT_VALLEY,367,0.000113500,true,1,20,162
B,VERDANT_VALLEY,368,0.000212700,true,2,42,203
B,VERDANT_VALLEY,369,0.000318600,true,3,56,383
B,VERDANT_VALLEY,370,0.000201600,true,2,37,248
B,VERDANT_VALLEY,371,0.000084800,true,1,15,70
B,VERDANT_VALLEY,372,0.000071700,true,1,10,48
B,VERDANT_VALLEY,373,0.000080500,true,1,13,71
B,VERDANT_VALLEY,374,0.000106100,true,1,20,132
B,VERDANT_VALLEY,375,0.000093500,true,1,16,105
B,VERDANT_VALLEY,376,0.000199800,true,2,37,232
B,VERDANT_VALLEY,377,0.000090100,true,1,15,84
B,VERDANT_VALLEY,378,0.000079100,true,1,12,64
B,VERDANT_VALLEY,379,0.000076100,true,1,11,58
B,VERDANT_VALLEY,380,0.000104300,true,1,20,132
B,VERDANT_VALLEY,381,0.000103400,true,1,19,139
B,VERDANT_VALLEY,382,0.000073300,true,1,10,55
B,VERDANT_VALLEY,383,0.000086400,true,1,13,62
B,VERDANT_VALLEY,384,0.000084600,true,1,13,80
B,VERDANT_VALLEY,385,0.000107900,true,1,22,127
B,VERDANT_VALLEY,386,0.000087400,true,1,15,80
B,VERDANT_VALLEY,387,0.000072400,true,1,10,55
B,VERDANT_VALLEY,388,0.000083600,true,1,14,68
B,VERDANT_VALLEY,389,0.000227900,true,2,44,326
B,VERDANT_VALLEY,390,0.000095000,true,1,15,110
B,VERDANT_VALLEY,391,0.000085400,true,1,15,78
B,VERDANT_VALLEY,392,0.000089100,true,1,15,94
B,VERDANT_VALLEY,393,0.000096200,true,1,15,120
B,VERDANT_VALLEY,394,0.000158100,true,2,27,133
B,VERDANT_VALLEY,395,0.000094900,true,1,17,119
B,VERDANT_VALLEY,396,0.000079900,true,1,12,63
B,VERDANT_VALLEY,397,0.000076900,true,1,12,58
B,VERDANT_VALLEY,398,0.000113400,true,1,23,137
B,VERDANT_VALLEY,399,0.000086700,true,1,13,81
B,VERDANT_VALLEY,400,0.000115400,true,1,20,160
B,VERDANT_VALLEY,401,0.000204500,true,2,35,273
B,VERDANT_VALLEY,402,0.000194200,true,2,34,237
B,VERDANT_VALLEY,403,0.000109200,true,1,19,114
B,VERDANT_VALLEY,404,0.000082400,true,1,12,63
B,VERDANT_VALLEY,405,0.000197400,true,2,36,177
B,VERDANT_VALLEY,406,0.000112100,true,1,20,128
B,VERDANT_VALLEY,407,0.000107900,true,1,18,108
B,VERDANT_VALLEY,408,0.000095800,true,1,13,91
B,VERDANT_VALLEY,409,0.000226000,true,2,43,316
B,VERDANT_VALLEY,410,0.000111600,true,1,14,96
B,VERDANT_VALLEY,411,0.001340300,true,4,97,712
B,VERDANT_VALLEY,412,0.000104700,true,1,15,66
B,VERDANT_VALLEY,413,0.000217100,true,1,21,130
B,VERDANT_VALLEY,414,0.000101900,true,1,13,85
B,VERDANT_VALLEY,415,0.000106300,true,1,17,115
B,VERDANT_VALLEY,416,0.000312400,true,3,51,365
B,VERDANT_VALLEY,417,0.000110100,true,1,17,153
B,VERDANT_VALLEY,418,0.000078600,true,1,12,59
B,VERDANT_VALLEY,419,0.000094300,true,1,16,106
B,VERDANT_VALLEY,420,0.000151600,true,2,25,113
B,VERDANT_VALLEY,421,0.000181600,true,2,33,190
B,VERDANT_VALLEY,422,0.000081400,true,1,13,66
B,VERDANT_VALLEY,423,0.000104200,true,1,17,109
B,VERDANT_VALLEY,424,0.000099100,true,1,15,99
B,VERDANT_VALLEY,425,0.000120800,true,1,15,76
B,VERDANT_VALLEY,426,0.000104200,true,1,18,117
B,VERDANT_VALLEY,427,0.000111300,true,1,19,153
B,VERDANT_VALLEY,428,0.000098100,true,1,16,115
B,VERDANT_VALLEY,429,0.000103900,true,1,17,103
B,VERDANT_VALLEY,430,0.000264800,true,1,21,175
B,VERDANT_VALLEY,431,0.000195200,true,1,15,112
B,VERDANT_VALLEY,432,0.000122000,true,1,14,66
B,VERDANT_VALLEY,433,0.000131800,true,1,21,151
B,VERDANT_VALLEY,434,0.000122800,true,1,21,147
B,VERDANT_VALLEY,435,0.000081500,true,1,12,58
B,VERDANT_VALLEY,436,0.000155700,true,2,24,117
B,VERDANT_VALLEY,437,0.000092300,true,1,14,88
B,VERDANT_VALLEY,438,0.000077300,true,1,12,49
B,VERDANT_VALLEY,439,0.000093100,true,1,16,87
B,VERDANT_VALLEY,440,0.000090000,true,1,14,79
B,VERDANT_VALLEY,441,0.000089700,true,1,15,87
B,VERDANT_VALLEY,442,0.000192500,true,2,34,235
B,VERDANT_VALLEY,443,0.000192400,true,2,32,233
B,VERDANT_VALLEY,444,0.000104900,true,1,17,110
B,VERDANT_VALLEY,445,0.000098000,true,1,17,117
B,VERDANT_VALLEY,446,0.000081800,true,1,13,71
B,VERDANT_VALLEY,447,0.000127900,true,1,25,206
B,VERDANT_VALLEY,448,0.000083400,true,1,14,78
B,VERDANT_VALLEY,449,0.000078100,true,1,12,66
B,VERDANT_VALLEY,450,0.000080400,true,1,13,67
B,VERDANT_VALLEY,451,0.000111900,true,1,18,136
B,VERDANT_VALLEY,452,0.000084300,true,1,13,80
B,VERDANT_VALLEY,453,0.000109200,true,1,22,132
B,VERDANT_VALLEY,454,0.000080300,true,1,11,61
B,VERDANT_VALLEY,455,0.000077600,true,1,10,55
B,VERDANT_VALLEY,456,0.000099900,true,1,15,76
B,VERDANT_VALLEY,457,0.000089300,true,1,12,67
B,VERDANT_VALLEY,458,0.000090500,true,1,13,67
B,VERDANT_VALLEY,459,0.000088000,true,1,15,76
B,VERDANT_VALLEY,460,0.000083600,true,1,13,68
B,VERDANT_VALLEY,461,0.000085300,true,1,13,55
B,VERDANT_VALLEY,462,0.000105800,true,1,19,106
B,VERDANT_VALLEY,463,0.000091000,true,1,17,88
B,VERDANT_VALLEY,464,0.000093900,true,1,14,97
B,VERDANT_VALLEY,465,0.000223700,true,2,40,296
B,VERDANT_VALLEY,466,0.000102400,true,1,16,114
B,VERDANT_VALLEY,467,0.000122200,true,1,18,158
B,VERDANT_VALLEY,468,0.000114100,true,1,17,107
B,VERDANT_VALLEY,469,0.000226300,true,1,23,215
B,VERDANT_VALLEY,470,0.000090700,true,1,15,67
B,VERDANT_VALLEY,471,0.000248200,true,2,37,311
B,VERDANT_VALLEY,472,0.000130000,true,1,17,126
B,VERDANT_VALLEY,473,0.000101400,true,1,11,50
B,VERDANT_VALLEY,474,0.000107000,true,1,14,87
B,VERDANT_VALLEY,475,0.000174300,true,1,16,93
B,VERDANT_VALLEY,476,0.000101200,true,1,13,61
B,VERDANT_VALLEY,477,0.000133500,true,1,20,153
B,VERDANT_VALLEY,478,0.000112600,true,1,16,113
B,VERDANT_VALLEY,479,0.000101200,true,1,15,84
B,VERDANT_VALLEY,480,0.000098000,true,1,14,105
B,VERDANT_VALLEY,481,0.000082600,true,1,11,51
B,VERDANT_VALLEY,482,0.000105000,true,1,16,99
B,VERDANT_VALLEY,483,0.000232500,true,2,41,275
B,VERDANT_VALLEY,484,0.000097400,true,1,15,91
B,VERDANT_VALLEY,485,0.000110100,true,1,16,101
B,VERDANT_VALLEY,486,0.000080100,true,1,10,55
B,VERDANT_VALLEY,487,0.000105700,true,1,16,84
B,VERDANT_VALLEY,488,0.000103900,true,1,15,97
B,VERDANT_VALLEY,489,0.000087800,true,1,11,61
B,VERDANT_VALLEY,490,0.000102900,true,1,13,83
B,VERDANT_VALLEY,491,0.000210800,true,2,36,270
B,VERDANT_VALLEY,492,0.000087000,true,1,13,84
B,VERDANT_VALLEY,493,0.000103300,true,1,18,122
B,VERDANT_VALLEY,494,0.000110400,true,1,17,128
B,VERDANT_VALLEY,495,0.000228900,true,2,38,293
B,VERDANT_VALLEY,496,0.000096000,true,1,14,74
B,VERDANT_VALLEY,497,0.000101400,true,1,16,105
B,VERDANT_VALLEY,498,0.000115800,true,1,16,111
B,VERDANT_VALLEY,499,0.000102000,true,1,13,91
B,VERDANT_VALLEY,500,0.000099900,true,1,21,116
B,VERDANT_VALLEY,501,0.000086600,true,1,14,82
B,VERDANT_VALLEY,502,0.000077400,true,1,11,62
B,VERDANT_VALLEY,503,0.000082100,true,1,12,65
B,VERDANT_VALLEY,504,0.000121200,true,1,20,196
B,VERDANT_VALLEY,505,0.000118800,true,1,23,166
B,VERDANT_VALLEY,506,0.000104900,true,1,16,107
B,VERDANT_VALLEY,507,0.000141700,true,1,27,211
B,VERDANT_VALLEY,508,0.000103800,true,1,18,104
B,VERDANT_VALLEY,509,0.000102900,true,1,13,82
B,VERDANT_VALLEY,510,0.000096400,true,1,14,73
B,VERDANT_VALLEY,511,0.000117700,true,1,19,114
B,VERDANT_VALLEY,512,0.000103100,true,1,15,73
B,VERDANT_VALLEY,513,0.000135700,true,1,20,169
B,VERDANT_VALLEY,514,0.000075600,true,1,10,46
B,VERDANT_VALLEY,515,0.000102300,true,1,19,103
B,VERDANT_VALLEY,516,0.000097700,true,1,14,82
B,VERDANT_VALLEY,517,0.000149100,true,1,25,227
B,VERDANT_VALLEY,518,0.000086500,true,1,11,56
B,VERDANT_VALLEY,519,0.000083700,true,1,11,62
B,VERDANT_VALLEY,520,0.000137900,true,1,21,167
B,VERDANT_VALLEY,521,0.000086100,true,1,11,56
B,VERDANT_VALLEY,522,0.000126400,true,1,19,135
B,VERDANT_VALLEY,523,0.000090300,true,1,12,62
B,VERDANT_VALLEY,524,0.000082900,true,1,12,64
B,VERDANT_VALLEY,525,0.000096400,true,1,15,66
B,VERDANT_VALLEY,526,0.000321900,true,3,46,281
B,VERDANT_VALLEY,527,0.000105100,true,1,9,45
B,VERDANT_VALLEY,528,0.000171900,true,1,13,82
B,VERDANT_VALLEY,529,0.000136400,true,1,14,70
B,VERDANT_VALLEY,530,0.000138900,true,1,11,58
B,VERDANT_VALLEY,531,0.000143400,true,1,11,62
B,VERDANT_VALLEY,532,0.000190400,true,1,18,139
B,VERDANT_VALLEY,533,0.000125900,true,1,12,78
B,VERDANT_VALLEY,534,0.000171500,true,1,17,124
B,VERDANT_VALLEY,535,0.000443800,true,2,51,381
B,VERDANT_VALLEY,536,0.000257700,true,2,21,106
B,VERDANT_VALLEY,537,0.000184600,true,1,17,118
B,VERDANT_VALLEY,538,0.000309200,true,2,41,267
B,VERDANT_VALLEY,539,0.000124400,true,1,21,143
B,VERDANT_VALLEY,540,0.000100400,true,1,14,78
B,VERDANT_VALLEY,541,0.000099800,true,1,14,88
B,VERDANT_VALLEY,542,0.000247500,true,2,48,356
B,VERDANT_VALLEY,543,0.000106400,true,1,19,146
B,VERDANT_VALLEY,544,0.000122000,true,1,24,184
B,VERDANT_VALLEY,545,0.000143600,true,2,21,102
B,VERDANT_VALLEY,546,0.000088400,true,1,17,74
B,VERDANT_VALLEY,547,0.000076500,true,1,11,62
B,VERDANT_VALLEY,548,0.000173900,true,2,26,156
B,VERDANT_VALLEY,549,0.000087400,true,1,13,60
B,VERDANT_VALLEY,550,0.000084600,true,1,12,66
B,VERDANT_VALLEY,551,0.000097600,true,1,13,69
B,VERDANT_VALLEY,552,0.000147000,true,1,21,149
B,VERDANT_VALLEY,553,0.000103800,true,1,16,104
B,VERDANT_VALLEY,554,0.000094300,true,1,15,105
B,VERDANT_VALLEY,555,0.000087300,true,1,14,70
B,VERDANT_VALLEY,556,0.000083700,true,1,14,67
B,VERDANT_VALLEY,557,0.000201300,true,2,31,196
B,VERDANT_VALLEY,558,0.000078700,true,1,12,61
B,VERDANT_VALLEY,559,0.000081300,true,1,13,60
B,VERDANT_VALLEY,560,0.000095600,true,1,17,100
B,VERDANT_VALLEY,561,0.000078900,true,1,12,57
B,VERDANT_VALLEY,562,0.000209000,true,2,36,271
B,VERDANT_VALLEY,563,0.000119800,true,1,13,84
B,VERDANT_VALLEY,564,0.000118700,true,1,18,116
B,VERDANT_VALLEY,565,0.000090100,true,1,15,86
B,VERDANT_VALLEY,566,0.000100100,true,1,17,97
B,VERDANT_VALLEY,567,0.000254400,true,1,14,70
B,VERDANT_VALLEY,568,0.000185000,true,1,14,74
B,VERDANT_VALLEY,569,0.000210000,true,1,17,107
B,VERDANT_VALLEY,570,0.000351100,true,2,48,122
B,VERDANT_VALLEY,571,0.000156100,true,1,12,63
B,VERDANT_VALLEY,572,0.000142900,true,1,10,51
B,VERDANT_VALLEY,573,0.000179100,true,1,15,89
B,VERDANT_VALLEY,574,0.000155400,true,1,12,78
B,VERDANT_VALLEY,575,0.000097100,true,1,14,83
B,VERDANT_VALLEY,576,0.000099100,true,1,17,100
B,VERDANT_VALLEY,577,0.000078700,true,1,11,58
B,VERDANT_VALLEY,578,0.000103400,true,1,17,126
B,VERDANT_VALLEY,579,0.000079400,true,1,11,61
B,VERDANT_VALLEY,580,0.000121700,true,1,19,145
B,VERDANT_VALLEY,581,0.000121200,true,1,20,133
B,VERDANT_VALLEY,582,0.000256600,true,2,47,366
B,VERDANT_VALLEY,583,0.000198100,true,2,27,160
B,VERDANT_VALLEY,584,0.000089300,true,1,12,63
B,VERDANT_VALLEY,585,0.000145800,true,1,20,153
B,VERDANT_VALLEY,586,0.000095100,true,1,13,85
B,VERDANT_VALLEY,587,0.000097300,true,1,14,80
B,VERDANT_VALLEY,588,0.000092000,true,1,17,87
B,VERDANT_VALLEY,589,0.000108300,true,1,17,141
B,VERDANT_VALLEY,590,0.000080900,true,1,14,66
B,VERDANT_VALLEY,591,0.000095600,true,1,17,100
B,VERDANT_VALLEY,592,0.000079400,true,1,12,61
B,VERDANT_VALLEY,593,0.000089800,true,1,17,77
B,VERDANT_VALLEY,594,0.000093400,true,1,16,101
B,VERDANT_VALLEY,595,0.000103700,true,1,16,136
B,VERDANT_VALLEY,596,0.000096300,true,1,16,105
B,VERDANT_VALLEY,597,0.000089800,true,1,17,65
B,VERDANT_VALLEY,598,0.000105200,true,1,16,124
B,VERDANT_VALLEY,599,0.000211200,true,2,39,265
B,VERDANT_VALLEY,600,0.000083300,true,1,12,63
B,VERDANT_VALLEY,601,0.000121100,true,1,19,127
B,VERDANT_VALLEY,602,0.000122500,true,1,19,145
B,VERDANT_VALLEY,603,0.000243600,true,2,38,318
B,VERDANT_VALLEY,604,0.000190900,true,2,32,219
B,VERDANT_VALLEY,605,0.000082200,true,1,12,57
B,VERDANT_VALLEY,606,0.000126200,true,1,22,191
B,VERDANT_VALLEY,607,0.000079600,true,1,11,62
B,VERDANT_VALLEY,608,0.000102700,true,1,18,128
B,VERDANT_VALLEY,609,0.000095200,true,1,16,104
B,VERDANT_VALLEY,610,0.000089900,true,1,16,83
B,VERDANT_VALLEY,611,0.000092500,true,1,14,105
B,VERDANT_VALLEY,612,0.000087600,true,1,15,81
B,VERDANT_VALLEY,613,0.000082200,true,1,13,74
B,VERDANT_VALLEY,614,0.000094700,true,1,17,90
B,VERDANT_VALLEY,615,0.000084700,true,1,11,61
B,VERDANT_VALLEY,616,0.000069700,true,1,9,45
B,VERDANT_VALLEY,617,0.000103700,true,1,18,115
B,VERDANT_VALLEY,618,0.000115000,true,1,19,151
B,VERDANT_VALLEY,619,0.000090000,true,1,13,91
B,VERDANT_VALLEY,620,0.000082900,true,1,13,60
B,VERDANT_VALLEY,621,0.000082900,true,1,10,55
B,VERDANT_VALLEY,622,0.000084900,true,1,13,65
B,VERDANT_VALLEY,623,0.000100200,true,1,16,124
B,VERDANT_VALLEY,624,0.000087300,true,1,13,83
B,VERDANT_VALLEY,625,0.000101300,true,1,19,119
B,VERDANT_VALLEY,626,0.000208200,true,2,35,281
B,VERDANT_VALLEY,627,0.000116100,true,1,20,146
B,VERDANT_VALLEY,628,0.000125100,true,1,22,164
B,VERDANT_VALLEY,629,0.000101300,true,1,17,113
B,VERDANT_VALLEY,630,0.000085300,true,1,12,66
B,VERDANT_VALLEY,631,0.000107900,true,1,21,134
B,VERDANT_VALLEY,632,0.000089000,true,1,13,64
B,VERDANT_VALLEY,633,0.000113200,true,1,21,137
B,VERDANT_VALLEY,634,0.000078300,true,1,12,62
B,VERDANT_VALLEY,635,0.000262500,true,2,47,414
B,VERDANT_VALLEY,636,0.000096600,true,1,14,97
B,VERDANT_VALLEY,637,0.000097600,true,1,17,101
B,VERDANT_VALLEY,638,0.000103700,true,1,16,107
B,VERDANT_VALLEY,639,0.000076300,true,1,10,55
B,VERDANT_VALLEY,640,0.000086100,true,1,16,74
B,VERDANT_VALLEY,641,0.000096700,true,1,17,108
B,VERDANT_VALLEY,642,0.000109800,true,1,18,146
B,VERDANT_VALLEY,643,0.000078600,true,1,11,56
B,VERDANT_VALLEY,644,0.000083000,true,1,14,74
B,VERDANT_VALLEY,645,0.000193300,true,2,34,211
B,VERDANT_VALLEY,646,0.000087300,true,1,15,73
B,VERDANT_VALLEY,647,0.000077700,true,1,12,55
B,VERDANT_VALLEY,648,0.000097100,true,1,13,82
B,VERDANT_VALLEY,649,0.000101100,true,1,18,126
B,VERDANT_VALLEY,650,0.000091500,true,1,16,85
B,VERDANT_VALLEY,651,0.000076600,true,1,12,59
B,VERDANT_VALLEY,652,0.000086900,true,1,15,74
B,VERDANT_VALLEY,653,0.000080300,true,1,12,66
B,VERDANT_VALLEY,654,0.000085700,true,1,15,82
B,VERDANT_VALLEY,655,0.000118100,true,1,21,181
B,VERDANT_VALLEY,656,0.000134500,true,1,23,174
B,VERDANT_VALLEY,657,0.000228700,true,2,43,315
B,VERDANT_VALLEY,658,0.000083700,true,1,14,68
B,VERDANT_VALLEY,659,0.000111300,true,1,17,153
B,VERDANT_VALLEY,660,0.000083300,true,1,12,56
B,VERDANT_VALLEY,661,0.000244100,true,2,44,343
B,VERDANT_VALLEY,662,0.000082500,true,1,13,64
B,VERDANT_VALLEY,663,0.000098500,true,1,18,106
B,VERDANT_VALLEY,664,0.000072900,true,1,10,55
B,VERDANT_VALLEY,665,0.000078200,true,1,13,58
B,VERDANT_VALLEY,666,0.000077500,true,1,13,64
B,VERDANT_VALLEY,667,0.000076900,true,1,12,67
B,VERDANT_VALLEY,668,0.000188100,true,2,32,261
B,VERDANT_VALLEY,669,0.000078000,true,1,12,54
B,VERDANT_VALLEY,670,0.000090400,true,1,15,112
B,VERDANT_VALLEY,671,0.000196400,true,2,34,247
B,VERDANT_VALLEY,672,0.000097900,true,1,16,104
B,VERDANT_VALLEY,673,0.000372300,true,3,68,576
B,VERDANT_VALLEY,674,0.000090100,true,1,16,82
B,VERDANT_VALLEY,675,0.000095600,true,1,17,104
B,VERDANT_VALLEY,676,0.000102100,true,1,16,136
B,VERDANT_VALLEY,677,0.000094800,true,1,16,105
B,VERDANT_VALLEY,678,0.000081600,true,1,13,66
B,VERDANT_VALLEY,679,0.000072900,true,1,11,53
B,VERDANT_VALLEY,680,0.000078400,true,1,12,63
B,VERDANT_VALLEY,681,0.000077300,true,1,13,56
B,VERDANT_VALLEY,682,0.000092000,true,1,17,97
B,VERDANT_VALLEY,683,0.000076400,true,1,11,60
B,VERDANT_VALLEY,684,0.000075500,true,1,11,53
B,VERDANT_VALLEY,685,0.000079100,true,1,12,68
B,VERDANT_VALLEY,686,0.000106400,true,1,20,140
B,VERDANT_VALLEY,687,0.000081200,true,1,13,64
B,VERDANT_VALLEY,688,0.000101300,true,1,19,120
B,VERDANT_VALLEY,689,0.000103100,true,1,17,126
B,VERDANT_VALLEY,690,0.000084900,true,1,12,62
B,VERDANT_VALLEY,691,0.000078800,true,1,12,64
B,VERDANT_VALLEY,692,0.000086100,true,1,16,76
B,VERDANT_VALLEY,693,0.000093300,true,1,15,110
B,VERDANT_VALLEY,694,0.000074100,true,1,11,57
B,VERDANT_VALLEY,695,0.000131200,true,1,24,228
B,VERDANT_VALLEY,696,0.000134900,true,1,22,182
B,VERDANT_VALLEY,697,0.000090200,true,1,14,94
B,VERDANT_VALLEY,698,0.000094600,true,1,15,98
B,VERDANT_VALLEY,699,0.000085000,true,1,14,72
B,VERDANT_VALLEY,700,0.000096000,true,1,18,101
B,VERDANT_VALLEY,701,0.000219300,true,2,44,276
B,VERDANT_VALLEY,702,0.000070800,true,1,9,45
B,VERDANT_VALLEY,703,0.000076800,true,1,13,62
B,VERDANT_VALLEY,704,0.000103900,true,1,19,118
B,VERDANT_VALLEY,705,0.000085200,true,1,13,81
B,VERDANT_VALLEY,706,0.000089600,true,1,15,73
B,VERDANT_VALLEY,707,0.000089200,true,1,15,88
B,VERDANT_VALLEY,708,0.000089700,true,1,16,92
B,VERDANT_VALLEY,709,0.000077400,true,1,12,66
B,VERDANT_VALLEY,710,0.000087300,true,1,15,91
B,VERDANT_VALLEY,711,0.000106600,true,1,18,149
B,VERDANT_VALLEY,712,0.000087700,true,1,13,91
B,VERDANT_VALLEY,713,0.000201700,true,2,40,255
B,VERDANT_VALLEY,714,0.000086600,true,1,14,89
B,VERDANT_VALLEY,715,0.000082300,true,1,12,78
B,VERDANT_VALLEY,716,0.000205900,true,2,39,256
B,VERDANT_VALLEY,717,0.000098600,true,1,15,104
B,VERDANT_VALLEY,718,0.000090400,true,1,15,87
B,VERDANT_VALLEY,719,0.000103200,true,1,19,120
B,VERDANT_VALLEY,720,0.000090100,true,1,14,89
B,VERDANT_VALLEY,721,0.000205900,true,2,37,254
B,VERDANT_VALLEY,722,0.000081300,true,1,13,63
B,VERDANT_VALLEY,723,0.000179100,true,2,31,207
B,VERDANT_VALLEY,724,0.000081200,true,1,13,63
B,VERDANT_VALLEY,725,0.000125200,true,1,20,135
B,VERDANT_VALLEY,726,0.000101900,true,1,14,105
B,VERDANT_VALLEY,727,0.000091700,true,1,13,62
B,VERDANT_VALLEY,728,0.000081500,true,1,13,58
B,VERDANT_VALLEY,729,0.000075300,true,1,11,58
B,VERDANT_VALLEY,730,0.000088800,true,1,11,60
B,VERDANT_VALLEY,731,0.000120400,true,1,17,110
B,VERDANT_VALLEY,732,0.000215700,true,2,33,221
B,VERDANT_VALLEY,733,0.000083300,true,1,10,55
B,VERDANT_VALLEY,734,0.000090300,true,1,14,67
B,VERDANT_VALLEY,735,0.000217200,true,2,34,256
B,VERDANT_VALLEY,736,0.000094300,true,1,16,70
B,VERDANT_VALLEY,737,0.000088300,true,1,14,70
B,VERDANT_VALLEY,738,0.000122700,true,1,21,156
B,VERDANT_VALLEY,739,0.000218400,true,2,37,261
B,VERDANT_VALLEY,740,0.000209700,true,2,37,242
B,VERDANT_VALLEY,741,0.000099400,true,1,15,92
B,VERDANT_VALLEY,742,0.000095300,true,1,15,85
B,VERDANT_VALLEY,743,0.000113600,true,1,17,141
B,VERDANT_VALLEY,744,0.000126700,true,1,22,150
B,VERDANT_VALLEY,745,0.000093500,true,1,13,64
B,VERDANT_VALLEY,746,0.000124400,true,1,16,110
B,VERDANT_VALLEY,747,0.000113500,true,1,22,137
B,VERDANT_VALLEY,748,0.000162400,true,2,26,147
B,VERDANT_VALLEY,749,0.000084000,true,1,14,62
B,VERDANT_VALLEY,750,0.000080700,true,1,13,69
B,VERDANT_VALLEY,751,0.000081500,true,1,14,70
B,VERDANT_VALLEY,752,0.000082500,true,1,13,85
B,VERDANT_VALLEY,753,0.000248900,true,2,44,348
B,VERDANT_VALLEY,754,0.000217000,true,2,40,281
B,VERDANT_VALLEY,755,0.000129200,true,1,19,174
B,VERDANT_VALLEY,756,0.000382500,true,3,75,613
B,VERDANT_VALLEY,757,0.000097000,true,1,14,83
B,VERDANT_VALLEY,758,0.000072400,true,1,10,55
B,VERDANT_VALLEY,759,0.000114100,true,1,21,135
B,VERDANT_VALLEY,760,0.000091600,true,1,16,94
B,VERDANT_VALLEY,761,0.000092800,true,1,15,101
B,VERDANT_VALLEY,762,0.000075000,true,1,11,62
B,VERDANT_VALLEY,763,0.000229800,true,2,40,267
B,VERDANT_VALLEY,764,0.000096300,true,1,15,74
B,VERDANT_VALLEY,765,0.000176800,true,1,9,45
B,VERDANT_VALLEY,766,0.000218600,true,1,18,93
B,VERDANT_VALLEY,767,0.000162100,true,1,17,103
B,VERDANT_VALLEY,768,0.000140100,true,1,15,83
B,VERDANT_VALLEY,769,0.000128200,true,1,13,63
B,VERDANT_VALLEY,770,0.000193900,true,1,21,195
B,VERDANT_VALLEY,771,0.000198100,true,1,21,187
B,VERDANT_VALLEY,772,0.000284900,true,2,35,209
B,VERDANT_VALLEY,773,0.000124500,true,1,17,138
B,VERDANT_VALLEY,774,0.000101100,true,1,13,65
B,VERDANT_VALLEY,775,0.000100300,true,1,14,97
B,VERDANT_VALLEY,776,0.000083000,true,1,11,57
B,VERDANT_VALLEY,777,0.000117400,true,1,22,127
B,VERDANT_VALLEY,778,0.000109600,true,1,18,116
B,VERDANT_VALLEY,779,0.000102900,true,1,16,90
B,VERDANT_VALLEY,780,0.000116400,true,1,12,63
B,VERDANT_VALLEY,781,0.000151600,true,1,18,102
B,VERDANT_VALLEY,782,0.000162000,true,1,13,62
B,VERDANT_VALLEY,783,0.000453300,true,2,55,332
B,VERDANT_VALLEY,784,0.000156900,true,1,16,80
B,VERDANT_VALLEY,785,0.000137000,true,1,15,79
B,VERDANT_VALLEY,786,0.000134900,true,1,13,82
B,VERDANT_VALLEY,787,0.000134100,true,1,13,68
B,VERDANT_VALLEY,788,0.000129400,true,1,11,58
B,VERDANT_VALLEY,789,0.000137300,true,1,15,73
B,VERDANT_VALLEY,790,0.000163200,true,1,16,103
B,VERDANT_VALLEY,791,0.000139400,true,1,12,64
B,VERDANT_VALLEY,792,0.000164600,true,1,16,109
B,VERDANT_VALLEY,793,0.000185200,true,1,19,148
B,VERDANT_VALLEY,794,0.000108100,true,1,19,103
B,VERDANT_VALLEY,795,0.000124100,true,1,18,154
B,VERDANT_VALLEY,796,0.000090300,true,1,11,59
B,VERDANT_VALLEY,797,0.000084000,true,1,11,53
B,VERDANT_VALLEY,798,0.000125700,true,1,20,169
B,VERDANT_VALLEY,799,0.000095800,true,1,17,82
B,VERDANT_VALLEY,800,0.000088800,true,1,13,91
B,VERDANT_VALLEY,801,0.000375700,true,4,73,459
B,VERDANT_VALLEY,802,0.000121800,true,1,21,180
B,VERDANT_VALLEY,803,0.000158100,true,2,39,116
B,VERDANT_VALLEY,804,0.000076900,true,1,12,59
B,VERDANT_VALLEY,805,0.000106100,true,1,17,113
B,VERDANT_VALLEY,806,0.000091200,true,1,15,110
B,VERDANT_VALLEY,807,0.000082300,true,1,12,78
B,VERDANT_VALLEY,808,0.000089700,true,1,17,78
B,VERDANT_VALLEY,809,0.000253900,true,2,48,399
B,VERDANT_VALLEY,810,0.000127800,true,1,24,193
B,VERDANT_VALLEY,811,0.000090900,true,1,16,83
B,VERDANT_VALLEY,812,0.000088900,true,1,17,76
B,VERDANT_VALLEY,813,0.000089500,true,1,15,97
B,VERDANT_VALLEY,814,0.000076900,true,1,10,50
B,VERDANT_VALLEY,815,0.000103100,true,1,20,124
B,VERDANT_VALLEY,816,0.000072800,true,1,10,55
B,VERDANT_VALLEY,817,0.000104800,true,1,19,146
B,VERDANT_VALLEY,818,0.000111000,true,1,17,122
B,VERDANT_VALLEY,819,0.000096200,true,1,17,104
B,VERDANT_VALLEY,820,0.000086500,true,1,14,92
B,VERDANT_VALLEY,821,0.000082800,true,1,13,68
B,VERDANT_VALLEY,822,0.000083600,true,1,15,68
B,VERDANT_VALLEY,823,0.000096700,true,1,16,89
B,VERDANT_VALLEY,824,0.000085000,true,1,13,83
B,VERDANT_VALLEY,825,0.000078900,true,1,13,61
B,VERDANT_VALLEY,826,0.000096500,true,1,17,114
B,VERDANT_VALLEY,827,0.000083700,true,1,14,80
B,VERDANT_VALLEY,828,0.000126900,true,1,21,204
B,VERDANT_VALLEY,829,0.000087700,true,1,12,78
B,VERDANT_VALLEY,830,0.000099800,true,1,17,112
B,VERDANT_VALLEY,831,0.000102500,true,1,16,116
B,VERDANT_VALLEY,832,0.000133000,true,1,23,176
B,VERDANT_VALLEY,833,0.000079400,true,1,11,53
B,VERDANT_VALLEY,834,0.000091600,true,1,12,78
B,VERDANT_VALLEY,835,0.000102800,true,1,15,93
B,VERDANT_VALLEY,836,0.000083400,true,1,12,61
B,VERDANT_VALLEY,837,0.000083900,true,1,12,67
B,VERDANT_VALLEY,838,0.000265800,true,2,47,398
B,VERDANT_VALLEY,839,0.000085000,true,1,12,65
B,VERDANT_VALLEY,840,0.000083800,true,1,12,67
B,VERDANT_VALLEY,841,0.000103300,true,1,15,103
B,VERDANT_VALLEY,842,0.000089700,true,1,11,56
B,VERDANT_VALLEY,843,0.000117100,true,1,21,112
B,VERDANT_VALLEY,844,0.000233000,true,2,46,246
B,VERDANT_VALLEY,845,0.000207100,true,2,37,214
B,VERDANT_VALLEY,846,0.000089100,true,1,14,70
B,VERDANT_VALLEY,847,0.000214500,true,2,35,252
B,VERDANT_VALLEY,848,0.000102900,true,1,16,109
B,VERDANT_VALLEY,849,0.000105200,true,1,17,110
B,VERDANT_VALLEY,850,0.000175200,true,2,29,142
B,VERDANT_VALLEY,851,0.000081600,true,1,13,73
B,VERDANT_VALLEY,852,0.000103400,true,1,18,129
B,VERDANT_VALLEY,853,0.000102900,true,1,18,138
B,VERDANT_VALLEY,854,0.000089800,true,1,14,84
B,VERDANT_VALLEY,855,0.000113400,true,1,20,143
B,VERDANT_VALLEY,856,0.000169300,true,2,30,166
B,VERDANT_VALLEY,857,0.000099200,true,1,17,119
B,VERDANT_VALLEY,858,0.000082900,true,1,14,77
B,VERDANT_VALLEY,859,0.000092300,true,1,15,99
B,VERDANT_VALLEY,860,0.000205400,true,2,34,255
B,VERDANT_VALLEY,861,0.000106400,true,1,18,145
B,VERDANT_VALLEY,862,0.000113300,true,1,21,144
B,VERDANT_VALLEY,863,0.000085200,true,1,14,84
B,VERDANT_VALLEY,864,0.000076400,true,1,12,63
B,VERDANT_VALLEY,865,0.000287900,true,2,42,282
B,VERDANT_VALLEY,866,0.000084800,true,1,10,55
B,VERDANT_VALLEY,867,0.000120900,true,1,19,146
B,VERDANT_VALLEY,868,0.000106600,true,1,17,133
B,VERDANT_VALLEY,869,0.000111400,true,1,20,145
B,VERDANT_VALLEY,870,0.000125200,true,1,19,106
B,VERDANT_VALLEY,871,0.000089100,true,1,14,65
B,VERDANT_VALLEY,872,0.000088000,true,1,15,75
B,VERDANT_VALLEY,873,0.000379400,true,1,28,246
B,VERDANT_VALLEY,874,0.000210900,true,1,17,128
B,VERDANT_VALLEY,875,0.000229100,true,1,21,149
B,VERDANT_VALLEY,876,0.000211100,true,1,20,105
B,VERDANT_VALLEY,877,0.000233500,true,1,20,193
B,VERDANT_VALLEY,878,0.000163200,true,1,12,69
B,VERDANT_VALLEY,879,0.000113900,true,1,12,61
B,VERDANT_VALLEY,880,0.000253900,true,2,44,322
B,VERDANT_VALLEY,881,0.000076700,true,1,10,55
B,VERDANT_VALLEY,882,0.000092700,true,1,14,92
B,VERDANT_VALLEY,883,0.000093400,true,1,14,94
B,VERDANT_VALLEY,884,0.000089500,true,1,14,87
B,VERDANT_VALLEY,885,0.000107500,true,1,19,153
B,VERDANT_VALLEY,886,0.000156600,true,2,27,103
B,VERDANT_VALLEY,887,0.000115300,true,1,19,161
B,VERDANT_VALLEY,888,0.000310300,true,3,57,393
B,VERDANT_VALLEY,889,0.000093800,true,1,12,78
B,VERDANT_VALLEY,890,0.000095100,true,1,16,106
B,VERDANT_VALLEY,891,0.000111200,true,1,22,136
B,VERDANT_VALLEY,892,0.000109800,true,1,15,120
B,VERDANT_VALLEY,893,0.000209200,true,2,39,271
B,VERDANT_VALLEY,894,0.000081700,true,1,13,60
B,VERDANT_VALLEY,895,0.000090600,true,1,15,99
B,VERDANT_VALLEY,896,0.000085900,true,1,14,75
B,VERDANT_VALLEY,897,0.000100100,true,1,18,115
B,VERDANT_VALLEY,898,0.000079800,true,1,12,59
B,VERDANT_VALLEY,899,0.000076600,true,1,12,59
B,VERDANT_VALLEY,900,0.000106300,true,1,21,108
B,VERDANT_VALLEY,901,0.000113300,true,1,19,177
B,VERDANT_VALLEY,902,0.000099300,true,1,17,129
B,VERDANT_VALLEY,903,0.000088900,true,1,15,93
B,VERDANT_VALLEY,904,0.000086000,true,1,14,76
B,VERDANT_VALLEY,905,0.000081600,true,1,13,73
B,VERDANT_VALLEY,906,0.000089800,true,1,17,85
B,VERDANT_VALLEY,907,0.000104900,true,1,20,128
B,VERDANT_VALLEY,908,0.000235700,true,2,50,225
B,VERDANT_VALLEY,909,0.000085400,true,1,15,72
B,VERDANT_VALLEY,910,0.000115600,true,1,19,162
B,VERDANT_VALLEY,911,0.000092100,true,1,14,61
B,VERDANT_VALLEY,912,0.000243600,true,2,42,375
B,VERDANT_VALLEY,913,0.000088500,true,1,13,83
B,VERDANT_VALLEY,914,0.000127400,true,1,20,175
B,VERDANT_VALLEY,915,0.000093100,true,1,14,88
B,VERDANT_VALLEY,916,0.000101700,true,1,18,116
B,VERDANT_VALLEY,917,0.000100300,true,1,16,87
B,VERDANT_VALLEY,918,0.000099400,true,1,17,87
B,VERDANT_VALLEY,919,0.000089800,true,1,12,78
B,VERDANT_VALLEY,920,0.000082900,true,1,12,54
B,VERDANT_VALLEY,921,0.000094200,true,1,17,72
B,VERDANT_VALLEY,922,0.000082900,true,1,13,76
B,VERDANT_VALLEY,923,0.000085100,true,1,14,72
B,VERDANT_VALLEY,924,0.000100700,true,1,19,119
B,VERDANT_VALLEY,925,0.000102700,true,1,17,132
B,VERDANT_VALLEY,926,0.000087600,true,1,14,69
B,VERDANT_VALLEY,927,0.000174200,true,2,29,183
B,VERDANT_VALLEY,928,0.000089200,true,1,14,68
B,VERDANT_VALLEY,929,0.000077200,true,1,11,51
B,VERDANT_VALLEY,930,0.000086400,true,1,13,71
B,VERDANT_VALLEY,931,0.000118000,true,1,19,161
B,VERDANT_VALLEY,932,0.000085200,true,1,13,79
B,VERDANT_VALLEY,933,0.000079900,true,1,12,66
B,VERDANT_VALLEY,934,0.000083800,true,1,13,71
B,VERDANT_VALLEY,935,0.000104100,true,1,18,122
B,VERDANT_VALLEY,936,0.000082400,true,1,13,68
B,VERDANT_VALLEY,937,0.000185800,true,2,31,203
B,VERDANT_VALLEY,938,0.000325000,true,3,58,426
B,VERDANT_VALLEY,939,0.000085100,true,1,14,67
B,VERDANT_VALLEY,940,0.000235900,true,2,37,355
B,VERDANT_VALLEY,941,0.000108100,true,1,18,154
B,VERDANT_VALLEY,942,0.000080300,true,1,11,60
B,VERDANT_VALLEY,943,0.000103200,true,1,18,113
B,VERDANT_VALLEY,944,0.000084900,true,1,12,78
B,VERDANT_VALLEY,945,0.000091200,true,1,16,96
B,VERDANT_VALLEY,946,0.000100500,true,1,18,127
B,VERDANT_VALLEY,947,0.000259200,true,2,44,370
B,VERDANT_VALLEY,948,0.000093500,true,1,16,89
B,VERDANT_VALLEY,949,0.000208100,true,2,37,245
B,VERDANT_VALLEY,950,0.000107700,true,1,19,116
B,VERDANT_VALLEY,951,0.000084100,true,1,12,66
B,VERDANT_VALLEY,952,0.000091100,true,1,16,78
B,VERDANT_VALLEY,953,0.000113000,true,1,21,140
B,VERDANT_VALLEY,954,0.000094200,true,1,17,67
B,VERDANT_VALLEY,955,0.000098200,true,1,18,114
B,VERDANT_VALLEY,956,0.000095300,true,1,16,74
B,VERDANT_VALLEY,957,0.000073900,true,1,10,47
B,VERDANT_VALLEY,958,0.000104400,true,1,19,107
B,VERDANT_VALLEY,959,0.000135500,true,1,22,235
B,VERDANT_VALLEY,960,0.000075600,true,1,11,53
B,VERDANT_VALLEY,961,0.000085800,true,1,12,63
B,VERDANT_VALLEY,962,0.000089300,true,1,15,84
B,VERDANT_VALLEY,963,0.000128900,true,1,20,193
B,VERDANT_VALLEY,964,0.000106100,true,1,19,118
B,VERDANT_VALLEY,965,0.000109700,true,1,20,140
B,VERDANT_VALLEY,966,0.000311400,true,3,60,411
B,VERDANT_VALLEY,967,0.000098000,true,1,16,101
B,VERDANT_VALLEY,968,0.000084900,true,1,14,73
B,VERDANT_VALLEY,969,0.000424000,true,3,45,274
B,VERDANT_VALLEY,970,0.000095700,true,1,12,57
B,VERDANT_VALLEY,971,0.000106700,true,1,20,134
B,VERDANT_VALLEY,972,0.000093700,true,1,12,63
B,VERDANT_VALLEY,973,0.000105100,true,1,14,85
B,VERDANT_VALLEY,974,0.000132600,true,1,19,150
B,VERDANT_VALLEY,975,0.000122900,true,1,16,136
B,VERDANT_VALLEY,976,0.000174500,true,1,15,95
B,VERDANT_VALLEY,977,0.000123400,true,1,20,117
B,VERDANT_VALLEY,978,0.000200400,true,2,30,190
B,VERDANT_VALLEY,979,0.000120300,true,1,20,147
B,VERDANT_VALLEY,980,0.000105600,true,1,16,96
B,VERDANT_VALLEY,981,0.000086600,true,1,12,67
B,VERDANT_VALLEY,982,0.000088700,true,1,13,67
B,VERDANT_VALLEY,983,0.000212800,true,2,35,211
B,VERDANT_VALLEY,984,0.000111200,true,1,22,110
B,VERDANT_VALLEY,985,0.000085600,true,1,14,73
B,VERDANT_VALLEY,986,0.000220900,true,2,32,259
B,VERDANT_VALLEY,987,0.000134200,true,1,20,163
B,VERDANT_VALLEY,988,0.000104400,true,1,14,95
B,VERDANT_VALLEY,989,0.000271400,true,2,40,328
B,VERDANT_VALLEY,990,0.000290400,true,3,51,293
B,VERDANT_VALLEY,991,0.000069100,true,1,9,45
B,VERDANT_VALLEY,992,0.000089600,true,1,15,69
B,VERDANT_VALLEY,993,0.000101900,true,1,16,85
B,VERDANT_VALLEY,994,0.000188700,true,2,28,173
B,VERDANT_VALLEY,995,0.000086700,true,1,12,60
B,VERDANT_VALLEY,996,0.000110100,true,1,16,104
B,VERDANT_VALLEY,997,0.000507900,true,4,103,639
B,VERDANT_VALLEY,998,0.000132300,true,1,16,96
B,VERDANT_VALLEY,999,0.000113900,true,1,16,126
B,VERDANT_VALLEY,1000,0.000100300,true,1,15,88
B,SKY_CITADEL,1,0.000109100,true,1,13,91
B,SKY_CITADEL,2,0.000087500,true,1,10,46
B,SKY_CITADEL,3,0.000242300,true,2,35,266
B,SKY_CITADEL,4,0.000105800,true,1,12,78
B,SKY_CITADEL,5,0.000096600,true,1,11,58
B,SKY_CITADEL,6,0.000116300,true,1,14,96
B,SKY_CITADEL,7,0.000125800,true,1,13,91
B,SKY_CITADEL,8,0.000166800,true,1,21,231
B,SKY_CITADEL,9,0.001060400,true,2,45,198
B,SKY_CITADEL,10,0.000369500,true,1,11,62
B,SKY_CITADEL,11,0.000185800,true,1,12,78
B,SKY_CITADEL,12,0.000407000,true,1,14,105
B,SKY_CITADEL,13,0.000120800,true,1,10,47
B,SKY_CITADEL,14,0.000123700,true,1,13,91
B,SKY_CITADEL,15,0.000123600,true,1,9,45
B,SKY_CITADEL,16,0.000135500,true,1,17,139
B,SKY_CITADEL,17,0.000099800,true,1,10,55
B,SKY_CITADEL,18,0.000126800,true,1,15,120
B,SKY_CITADEL,19,0.000096500,true,1,11,61
B,SKY_CITADEL,20,0.000100800,true,1,12,63
B,SKY_CITADEL,21,0.000123000,true,1,9,45
B,SKY_CITADEL,22,0.000142900,true,1,13,84
B,SKY_CITADEL,23,0.000209700,true,1,15,111
B,SKY_CITADEL,24,0.000198500,true,1,13,91
B,SKY_CITADEL,25,0.000150400,true,1,11,59
B,SKY_CITADEL,26,0.000136700,true,1,10,47
B,SKY_CITADEL,27,0.000126900,true,1,10,50
B,SKY_CITADEL,28,0.000308400,true,2,40,88
B,SKY_CITADEL,29,0.000159300,true,1,12,78
B,SKY_CITADEL,30,0.000168500,true,1,16,124
B,SKY_CITADEL,31,0.000155500,true,1,13,91
B,SKY_CITADEL,32,0.000160700,true,1,13,91
B,SKY_CITADEL,33,0.000132300,true,1,9,45
B,SKY_CITADEL,34,0.000147900,true,1,13,91
B,SKY_CITADEL,35,0.000106400,true,1,13,91
B,SKY_CITADEL,36,0.000090800,true,1,9,45
B,SKY_CITADEL,37,0.000098600,true,1,10,47
B,SKY_CITADEL,38,0.000098700,true,1,9,45
B,SKY_CITADEL,39,0.000117500,true,1,15,106
B,SKY_CITADEL,40,0.000197000,true,2,40,172
B,SKY_CITADEL,41,0.000079100,true,1,9,45
B,SKY_CITADEL,42,0.000075400,true,1,9,45
B,SKY_CITADEL,43,0.000086300,true,1,11,56
B,SKY_CITADEL,44,0.000087700,true,1,12,78
B,SKY_CITADEL,45,0.000082100,true,1,10,51
B,SKY_CITADEL,46,0.000092100,true,1,12,78
B,SKY_CITADEL,47,0.000094900,true,1,14,74
B,SKY_CITADEL,48,0.000087700,true,1,12,57
B,SKY_CITADEL,49,0.000079000,true,1,10,50
B,SKY_CITADEL,50,0.000083400,true,1,12,54
B,SKY_CITADEL,51,0.000093600,true,1,13,91
B,SKY_CITADEL,52,0.000081900,true,1,9,45
B,SKY_CITADEL,53,0.000083000,true,1,10,55
B,SKY_CITADEL,54,0.000115000,true,1,16,136
B,SKY_CITADEL,55,0.000079700,true,1,9,45
B,SKY_CITADEL,56,0.000099500,true,1,13,91
B,SKY_CITADEL,57,0.000107700,true,1,15,120
B,SKY_CITADEL,58,0.000081900,true,1,9,45
B,SKY_CITADEL,59,0.000124800,true,1,18,171
B,SKY_CITADEL,60,0.000096700,true,1,12,78
B,SKY_CITADEL,61,0.000085800,true,1,10,55
B,SKY_CITADEL,62,0.000077600,true,1,9,45
B,SKY_CITADEL,63,0.000104700,true,1,12,78
B,SKY_CITADEL,64,0.000095000,true,1,9,45
B,SKY_CITADEL,65,0.000082900,true,1,10,48
B,SKY_CITADEL,66,0.000080700,true,1,9,45
B,SKY_CITADEL,67,0.000116200,true,1,16,136
B,SKY_CITADEL,68,0.000086400,true,1,10,55
B,SKY_CITADEL,69,0.000116200,true,1,18,157
B,SKY_CITADEL,70,0.000085300,true,1,10,50
B,SKY_CITADEL,71,0.000093400,true,1,12,65
B,SKY_CITADEL,72,0.000104700,true,1,14,97
B,SKY_CITADEL,73,0.000089000,true,1,10,51
B,SKY_CITADEL,74,0.000079100,true,1,10,47
B,SKY_CITADEL,75,0.000082900,true,1,10,52
B,SKY_CITADEL,76,0.000296400,true,2,48,311
B,SKY_CITADEL,77,0.000082200,true,1,9,45
B,SKY_CITADEL,78,0.000083100,true,1,10,52
B,SKY_CITADEL,79,0.000086800,true,1,9,45
B,SKY_CITADEL,80,0.000085300,true,1,11,51
B,SKY_CITADEL,81,0.000080300,true,1,9,45
B,SKY_CITADEL,82,0.000081500,true,1,10,55
B,SKY_CITADEL,83,0.000224800,true,2,35,208
B,SKY_CITADEL,84,0.000234200,true,2,37,262
B,SKY_CITADEL,85,0.000129700,true,1,14,93
B,SKY_CITADEL,86,0.000090300,true,1,9,45
B,SKY_CITADEL,87,0.000082500,true,1,9,45
B,SKY_CITADEL,88,0.000084500,true,1,10,46
B,SKY_CITADEL,89,0.000081800,true,1,9,45
B,SKY_CITADEL,90,0.000076800,true,1,9,45
B,SKY_CITADEL,91,0.000078800,true,1,10,50
B,SKY_CITADEL,92,0.000080100,true,1,10,46
B,SKY_CITADEL,93,0.000095600,true,1,13,91
B,SKY_CITADEL,94,0.000206600,true,2,27,166
B,SKY_CITADEL,95,0.000081600,true,1,10,48
B,SKY_CITADEL,96,0.000085500,true,1,11,57
B,SKY_CITADEL,97,0.000078800,true,1,10,48
B,SKY_CITADEL,98,0.000082200,true,1,11,57
B,SKY_CITADEL,99,0.000087500,true,1,12,78
B,SKY_CITADEL,100,0.000184000,true,2,25,151
B,SKY_CITADEL,101,0.000086300,true,1,12,66
B,SKY_CITADEL,102,0.000111500,true,1,17,143
B,SKY_CITADEL,103,0.000085500,true,1,12,64
B,SKY_CITADEL,104,0.000203700,true,2,35,209
B,SKY_CITADEL,105,0.000076800,true,1,9,45
B,SKY_CITADEL,106,0.000079500,true,1,10,55
B,SKY_CITADEL,107,0.000109600,true,1,16,136
B,SKY_CITADEL,108,0.000191100,true,2,27,180
B,SKY_CITADEL,109,0.000097000,true,1,14,93
B,SKY_CITADEL,110,0.000096500,true,1,13,91
B,SKY_CITADEL,111,0.000079100,true,1,9,45
B,SKY_CITADEL,112,0.000135600,true,1,23,190
B,SKY_CITADEL,113,0.000106400,true,1,16,125
B,SKY_CITADEL,114,0.000196600,true,2,26,153
B,SKY_CITADEL,115,0.000247300,true,2,41,249
B,SKY_CITADEL,116,0.000083100,true,1,9,45
B,SKY_CITADEL,117,0.000097900,true,1,14,98
B,SKY_CITADEL,118,0.000075900,true,1,9,45
B,SKY_CITADEL,119,0.000075700,true,1,9,45
B,SKY_CITADEL,120,0.000088600,true,1,12,78
B,SKY_CITADEL,121,0.000076900,true,1,9,45
B,SKY_CITADEL,122,0.000081500,true,1,11,57
B,SKY_CITADEL,123,0.000076400,true,1,9,45
B,SKY_CITADEL,124,0.000075100,true,1,9,45
B,SKY_CITADEL,125,0.000083000,true,1,10,52
B,SKY_CITADEL,126,0.000083700,true,1,10,55
B,SKY_CITADEL,127,0.000081100,true,1,10,48
B,SKY_CITADEL,128,0.000095600,true,1,10,52
B,SKY_CITADEL,129,0.000107300,true,1,15,96
B,SKY_CITADEL,130,0.000082600,true,1,9,45
B,SKY_CITADEL,131,0.000100100,true,1,13,84
B,SKY_CITADEL,132,0.000086100,true,1,12,66
B,SKY_CITADEL,133,0.000099300,true,1,13,70
B,SKY_CITADEL,134,0.000081700,true,1,10,50
B,SKY_CITADEL,135,0.000088500,true,1,11,54
B,SKY_CITADEL,136,0.000089200,true,1,12,78
B,SKY_CITADEL,137,0.000091400,true,1,13,79
B,SKY_CITADEL,138,0.000096200,true,1,12,78
B,SKY_CITADEL,139,0.000076100,true,1,9,45
B,SKY_CITADEL,140,0.000097300,true,1,12,78
B,SKY_CITADEL,141,0.000090000,true,1,12,78
B,SKY_CITADEL,142,0.000078400,true,1,10,48
B,SKY_CITADEL,143,0.000076100,true,1,9,45
B,SKY_CITADEL,144,0.000092200,true,1,13,81
B,SKY_CITADEL,145,0.000082300,true,1,9,45
B,SKY_CITADEL,146,0.000129800,true,1,19,173
B,SKY_CITADEL,147,0.000088800,true,1,11,62
B,SKY_CITADEL,148,0.000083500,true,1,9,45
B,SKY_CITADEL,149,0.000192100,true,2,40,117
B,SKY_CITADEL,150,0.000085000,true,1,9,45
B,SKY_CITADEL,151,0.000084400,true,1,10,55
B,SKY_CITADEL,152,0.000077200,true,1,9,45
B,SKY_CITADEL,153,0.000336900,true,3,55,229
B,SKY_CITADEL,154,0.000090900,true,1,11,55
B,SKY_CITADEL,155,0.000101900,true,1,14,95
B,SKY_CITADEL,156,0.000087600,true,1,11,61
B,SKY_CITADEL,157,0.000090700,true,1,12,78
B,SKY_CITADEL,158,0.000076600,true,1,9,45
B,SKY_CITADEL,159,0.000081100,true,1,10,47
B,SKY_CITADEL,160,0.000082200,true,1,10,51
B,SKY_CITADEL,161,0.000122000,true,1,18,171
B,SKY_CITADEL,162,0.000114400,true,1,13,91
B,SKY_CITADEL,163,0.000081800,true,1,9,45
B,SKY_CITADEL,164,0.000094700,true,1,9,45
B,SKY_CITADEL,165,0.000219600,true,2,30,199
B,SKY_CITADEL,166,0.000112400,true,1,15,120
B,SKY_CITADEL,167,0.000089300,true,1,12,66
B,SKY_CITADEL,168,0.000096200,true,1,13,91
B,SKY_CITADEL,169,0.000101800,true,1,14,105
B,SKY_CITADEL,170,0.000087300,true,1,10,47
B,SKY_CITADEL,171,0.000085100,true,1,9,45
B,SKY_CITADEL,172,0.000099900,true,1,15,108
B,SKY_CITADEL,173,0.000079700,true,1,9,45
B,SKY_CITADEL,174,0.000078600,true,1,10,46
B,SKY_CITADEL,175,0.000082600,true,1,10,55
B,SKY_CITADEL,176,0.000124300,true,1,19,175
B,SKY_CITADEL,177,0.000075900,true,1,9,45
B,SKY_CITADEL,178,0.000101800,true,1,16,102
B,SKY_CITADEL,179,0.000252600,true,3,49,183
B,SKY_CITADEL,180,0.000079100,true,1,9,45
B,SKY_CITADEL,181,0.000180600,true,2,27,153
B,SKY_CITADEL,182,0.000082900,true,1,11,51
B,SKY_CITADEL,183,0.000080900,true,1,10,47
B,SKY_CITADEL,184,0.000076800,true,1,9,45
B,SKY_CITADEL,185,0.000081700,true,1,11,54
B,SKY_CITADEL,186,0.000074900,true,1,9,45
B,SKY_CITADEL,187,0.000076200,true,1,10,48
B,SKY_CITADEL,188,0.000075700,true,1,9,45
B,SKY_CITADEL,189,0.000081900,true,1,9,45
B,SKY_CITADEL,190,0.000250900,true,2,49,237
B,SKY_CITADEL,191,0.000199500,true,2,28,181
B,SKY_CITADEL,192,0.000083600,true,1,10,55
B,SKY_CITADEL,193,0.000074800,true,1,9,45
B,SKY_CITADEL,194,0.000114100,true,1,17,153
B,SKY_CITADEL,195,0.000080800,true,1,9,45
B,SKY_CITADEL,196,0.000081500,true,1,10,55
B,SKY_CITADEL,197,0.000078200,true,1,10,50
B,SKY_CITADEL,198,0.000098900,true,1,14,95
B,SKY_CITADEL,199,0.000099600,true,1,13,91
B,SKY_CITADEL,200,0.000095700,true,1,13,91
B,SKY_CITADEL,201,0.000078800,true,1,9,45
B,SKY_CITADEL,202,0.000078600,true,1,10,48
B,SKY_CITADEL,203,0.000083000,true,1,9,45
B,SKY_CITADEL,204,0.000266400,true,2,37,148
B,SKY_CITADEL,205,0.000209700,true,1,10,55
B,SKY_CITADEL,206,0.000246600,true,1,14,91
B,SKY_CITADEL,207,0.000186000,true,1,17,138
B,SKY_CITADEL,208,0.000134500,true,1,11,56
B,SKY_CITADEL,209,0.000324500,true,2,37,145
B,SKY_CITADEL,210,0.000117200,true,1,10,51
B,SKY_CITADEL,211,0.000103200,true,1,10,55
B,SKY_CITADEL,212,0.000095200,true,1,9,45
B,SKY_CITADEL,213,0.000253400,true,2,36,266
B,SKY_CITADEL,214,0.000108800,true,1,9,45
B,SKY_CITADEL,215,0.000112700,true,1,14,92
B,SKY_CITADEL,216,0.000098000,true,1,12,78
B,SKY_CITADEL,217,0.000095100,true,1,11,58
B,SKY_CITADEL,218,0.000103800,true,1,14,84
B,SKY_CITADEL,219,0.000162300,true,1,17,102
B,SKY_CITADEL,220,0.000089800,true,1,9,45
B,SKY_CITADEL,221,0.000102500,true,1,13,91
B,SKY_CITADEL,222,0.000239900,true,2,37,332
B,SKY_CITADEL,223,0.000084300,true,1,10,46
B,SKY_CITADEL,224,0.000091200,true,1,9,45
B,SKY_CITADEL,225,0.000087100,true,1,9,45
B,SKY_CITADEL,226,0.000089900,true,1,9,45
B,SKY_CITADEL,227,0.000176500,true,1,10,46
B,SKY_CITADEL,228,0.000124700,true,1,10,55
B,SKY_CITADEL,229,0.000094600,true,1,10,55
B,SKY_CITADEL,230,0.000095500,true,1,9,45
B,SKY_CITADEL,231,0.000092600,true,1,9,45
B,SKY_CITADEL,232,0.000333600,true,3,65,217
B,SKY_CITADEL,233,0.000084800,true,1,9,45
B,SKY_CITADEL,234,0.000086800,true,1,11,54
B,SKY_CITADEL,235,0.000210300,true,2,40,193
B,SKY_CITADEL,236,0.000231200,true,2,35,246
B,SKY_CITADEL,237,0.000121500,true,1,15,120
B,SKY_CITADEL,238,0.000099300,true,1,11,60
B,SKY_CITADEL,239,0.000249100,true,2,39,275
B,SKY_CITADEL,240,0.000258900,true,2,38,256
B,SKY_CITADEL,241,0.000092500,true,1,10,51
B,SKY_CITADEL,242,0.000111300,true,1,14,93
B,SKY_CITADEL,243,0.000130400,true,1,17,153
B,SKY_CITADEL,244,0.000089200,true,1,9,45
B,SKY_CITADEL,245,0.000108700,true,1,12,78
B,SKY_CITADEL,246,0.000075400,true,1,9,45
B,SKY_CITADEL,247,0.000087500,true,1,12,78
B,SKY_CITADEL,248,0.000077600,true,1,9,45
B,SKY_CITADEL,249,0.000082600,true,1,11,51
B,SKY_CITADEL,250,0.000086300,true,1,12,78
B,SKY_CITADEL,251,0.000091100,true,1,12,78
B,SKY_CITADEL,252,0.000087100,true,1,10,55
B,SKY_CITADEL,253,0.000216800,true,2,28,223
B,SKY_CITADEL,254,0.000099100,true,1,13,85
B,SKY_CITADEL,255,0.000086600,true,1,11,54
B,SKY_CITADEL,256,0.000082300,true,1,9,45
B,SKY_CITADEL,257,0.000085400,true,1,10,55
B,SKY_CITADEL,258,0.000078300,true,1,9,45
B,SKY_CITADEL,259,0.000081500,true,1,10,52
B,SKY_CITADEL,260,0.000082500,true,1,11,56
B,SKY_CITADEL,261,0.000089700,true,1,10,50
B,SKY_CITADEL,262,0.000080400,true,1,10,52
B,SKY_CITADEL,263,0.000096300,true,1,13,91
B,SKY_CITADEL,264,0.000122600,true,1,20,191
B,SKY_CITADEL,265,0.000086000,true,1,9,45
B,SKY_CITADEL,266,0.000234100,true,2,45,157
B,SKY_CITADEL,267,0.000094700,true,1,9,45
B,SKY_CITADEL,268,0.000129100,true,1,18,154
B,SKY_CITADEL,269,0.000102300,true,1,10,51
B,SKY_CITADEL,270,0.000112800,true,1,11,62
B,SKY_CITADEL,271,0.000102800,true,1,12,78
B,SKY_CITADEL,272,0.000089900,true,1,11,49
B,SKY_CITADEL,273,0.000095300,true,1,9,45
B,SKY_CITADEL,274,0.000085000,true,1,10,55
B,SKY_CITADEL,275,0.000239600,true,2,41,183
B,SKY_CITADEL,276,0.000102100,true,1,10,55
B,SKY_CITADEL,277,0.000215800,true,2,24,138
B,SKY_CITADEL,278,0.000115400,true,1,13,91
B,SKY_CITADEL,279,0.000104800,true,1,12,56
B,SKY_CITADEL,280,0.000112900,true,1,13,91
B,SKY_CITADEL,281,0.000092500,true,1,9,45
B,SKY_CITADEL,282,0.000130800,true,1,18,157
B,SKY_CITADEL,283,0.000139700,true,1,19,175
B,SKY_CITADEL,284,0.000291600,true,2,29,228
B,SKY_CITADEL,285,0.000344400,true,2,42,210
B,SKY_CITADEL,286,0.000203700,true,1,14,105
B,SKY_CITADEL,287,0.000152300,true,1,10,52
B,SKY_CITADEL,288,0.000167400,true,1,12,78
B,SKY_CITADEL,289,0.000121900,true,1,10,55
B,SKY_CITADEL,290,0.000138800,true,1,10,49
B,SKY_CITADEL,291,0.000139300,true,1,11,61
B,SKY_CITADEL,292,0.000129200,true,1,10,47
B,SKY_CITADEL,293,0.000167800,true,1,13,91
B,SKY_CITADEL,294,0.000140200,true,1,11,53
B,SKY_CITADEL,295,0.000128200,true,1,9,45
B,SKY_CITADEL,296,0.000351800,true,2,34,179
B,SKY_CITADEL,297,0.000094100,true,1,10,55
B,SKY_CITADEL,298,0.000119900,true,1,14,105
B,SKY_CITADEL,299,0.000095100,true,1,9,45
B,SKY_CITADEL,300,0.000090600,true,1,9,45
B,SKY_CITADEL,301,0.000112200,true,1,13,91
B,SKY_CITADEL,302,0.000083000,true,1,10,55
B,SKY_CITADEL,303,0.000095600,true,1,14,84
B,SKY_CITADEL,304,0.000082300,true,1,11,53
B,SKY_CITADEL,305,0.000078400,true,1,10,46
B,SKY_CITADEL,306,0.000096200,true,1,14,105
B,SKY_CITADEL,307,0.000077700,true,1,9,45
B,SKY_CITADEL,308,0.000075600,true,1,9,45
B,SKY_CITADEL,309,0.000095100,true,1,14,81
B,SKY_CITADEL,310,0.000076400,true,1,9,45
B,SKY_CITADEL,311,0.000076700,true,1,9,45
B,SKY_CITADEL,312,0.000090700,true,1,13,84
B,SKY_CITADEL,313,0.000087600,true,1,13,64
B,SKY_CITADEL,314,0.000117600,true,1,18,171
B,SKY_CITADEL,315,0.000085300,true,1,10,52
B,SKY_CITADEL,316,0.000083200,true,1,11,54
B,SKY_CITADEL,317,0.000075800,true,1,9,45
B,SKY_CITADEL,318,0.000093000,true,1,13,91
B,SKY_CITADEL,319,0.000078400,true,1,10,51
B,SKY_CITADEL,320,0.000081400,true,1,10,55
B,SKY_CITADEL,321,0.000092400,true,1,12,78
B,SKY_CITADEL,322,0.000082600,true,1,11,54
B,SKY_CITADEL,323,0.000077700,true,1,9,45
B,SKY_CITADEL,324,0.000109700,true,1,17,127
B,SKY_CITADEL,325,0.000101700,true,1,15,109
B,SKY_CITADEL,326,0.000083100,true,1,10,48
B,SKY_CITADEL,327,0.000101900,true,1,15,120
B,SKY_CITADEL,328,0.000211700,true,2,33,257
B,SKY_CITADEL,329,0.000116400,true,1,18,171
B,SKY_CITADEL,330,0.000077000,true,1,9,45
B,SKY_CITADEL,331,0.000098300,true,1,13,85
B,SKY_CITADEL,332,0.000075800,true,1,9,45
B,SKY_CITADEL,333,0.000178400,true,2,25,161
B,SKY_CITADEL,334,0.000080800,true,1,10,55
B,SKY_CITADEL,335,0.000076400,true,1,9,45
B,SKY_CITADEL,336,0.000077500,true,1,10,49
B,SKY_CITADEL,337,0.000083900,true,1,11,61
B,SKY_CITADEL,338,0.000078800,true,1,9,45
B,SKY_CITADEL,339,0.000078400,true,1,10,48
B,SKY_CITADEL,340,0.000081700,true,1,11,53
B,SKY_CITADEL,341,0.000098100,true,1,13,81
B,SKY_CITADEL,342,0.000077900,true,1,9,45
B,SKY_CITADEL,343,0.000087700,true,1,12,78
B,SKY_CITADEL,344,0.000082000,true,1,10,55
B,SKY_CITADEL,345,0.000103700,true,1,16,124
B,SKY_CITADEL,346,0.000090500,true,1,13,83
B,SKY_CITADEL,347,0.000075900,true,1,9,45
B,SKY_CITADEL,348,0.000093000,true,1,13,91
B,SKY_CITADEL,349,0.000118600,true,1,17,153
B,SKY_CITADEL,350,0.000100600,true,1,15,96
B,SKY_CITADEL,351,0.000082300,true,1,10,47
B,SKY_CITADEL,352,0.000078700,true,1,9,45
B,SKY_CITADEL,353,0.000076200,true,1,9,45
B,SKY_CITADEL,354,0.000082900,true,1,11,49
B,SKY_CITADEL,355,0.000076700,true,1,9,45
B,SKY_CITADEL,356,0.000093900,true,1,13,81
B,SKY_CITADEL,357,0.000078200,true,1,9,45
B,SKY_CITADEL,358,0.000218300,true,2,48,187
B,SKY_CITADEL,359,0.000211500,true,2,38,84
B,SKY_CITADEL,360,0.000076900,true,1,9,45
B,SKY_CITADEL,361,0.000074900,true,1,9,45
B,SKY_CITADEL,362,0.000082600,true,1,11,54
B,SKY_CITADEL,363,0.000077100,true,1,9,45
B,SKY_CITADEL,364,0.000080700,true,1,10,47
B,SKY_CITADEL,365,0.000080000,true,1,10,52
B,SKY_CITADEL,366,0.000091400,true,1,10,55
B,SKY_CITADEL,367,0.000082600,true,1,10,50
B,SKY_CITADEL,368,0.000118800,true,1,18,147
B,SKY_CITADEL,369,0.000094500,true,1,13,91
B,SKY_CITADEL,370,0.000118100,true,1,18,171
B,SKY_CITADEL,371,0.000080700,true,1,10,48
B,SKY_CITADEL,372,0.000080100,true,1,10,55
B,SKY_CITADEL,373,0.000090900,true,1,13,91
B,SKY_CITADEL,374,0.000109900,true,1,17,153
B,SKY_CITADEL,375,0.000125400,true,1,20,177
B,SKY_CITADEL,376,0.000101300,true,1,9,45
B,SKY_CITADEL,377,0.000114100,true,1,17,140
B,SKY_CITADEL,378,0.000094400,true,1,13,83
B,SKY_CITADEL,379,0.000084300,true,1,9,45
B,SKY_CITADEL,380,0.000075700,true,1,9,45
B,SKY_CITADEL,381,0.000080000,true,1,10,55
B,SKY_CITADEL,382,0.000089800,true,1,12,78
B,SKY_CITADEL,383,0.000075300,true,1,9,45
B,SKY_CITADEL,384,0.000088800,true,1,12,78
B,SKY_CITADEL,385,0.000076900,true,1,9,45
B,SKY_CITADEL,386,0.000094500,true,1,14,88
B,SKY_CITADEL,387,0.000095200,true,1,13,91
B,SKY_CITADEL,388,0.000081600,true,1,11,51
B,SKY_CITADEL,389,0.000079100,true,1,10,50
B,SKY_CITADEL,390,0.000094500,true,1,13,84
B,SKY_CITADEL,391,0.000208100,true,2,33,246
B,SKY_CITADEL,392,0.000075500,true,1,9,45
B,SKY_CITADEL,393,0.000080100,true,1,10,52
B,SKY_CITADEL,394,0.000171600,true,2,20,104
B,SKY_CITADEL,395,0.000079100,true,1,10,46
B,SKY_CITADEL,396,0.000080100,true,1,9,45
B,SKY_CITADEL,397,0.000089100,true,1,12,78
B,SKY_CITADEL,398,0.000226700,true,2,36,265
B,SKY_CITADEL,399,0.000100000,true,1,15,99
B,SKY_CITADEL,400,0.000078300,true,1,9,45
B,SKY_CITADEL,401,0.000086200,true,1,11,58
B,SKY_CITADEL,402,0.000088900,true,1,12,78
B,SKY_CITADEL,403,0.000081300,true,1,11,51
B,SKY_CITADEL,404,0.000081500,true,1,10,55
B,SKY_CITADEL,405,0.000091200,true,1,13,91
B,SKY_CITADEL,406,0.000174600,true,2,25,132
B,SKY_CITADEL,407,0.000079300,true,1,10,55
B,SKY_CITADEL,408,0.000076200,true,1,9,45
B,SKY_CITADEL,409,0.000082600,true,1,11,53
B,SKY_CITADEL,410,0.000103800,true,1,14,95
B,SKY_CITADEL,411,0.000080400,true,1,9,45
B,SKY_CITADEL,412,0.000212900,true,2,29,161
B,SKY_CITADEL,413,0.000077200,true,1,9,45
B,SKY_CITADEL,414,0.000205800,true,2,34,251
B,SKY_CITADEL,415,0.000115300,true,1,18,171
B,SKY_CITADEL,416,0.000083700,true,1,11,58
B,SKY_CITADEL,417,0.000078700,true,1,10,55
B,SKY_CITADEL,418,0.000080400,true,1,10,52
B,SKY_CITADEL,419,0.000089600,true,1,12,78
B,SKY_CITADEL,420,0.000088000,true,1,12,78
B,SKY_CITADEL,421,0.000108900,true,1,17,142
B,SKY_CITADEL,422,0.000077500,true,1,9,45
B,SKY_CITADEL,423,0.000147500,true,1,23,258
B,SKY_CITADEL,424,0.000174700,true,2,41,155
B,SKY_CITADEL,425,0.000078600,true,1,10,47
B,SKY_CITADEL,426,0.000079900,true,1,10,55
B,SKY_CITADEL,427,0.000098400,true,1,13,91
B,SKY_CITADEL,428,0.000081000,true,1,10,51
B,SKY_CITADEL,429,0.000080100,true,1,10,55
B,SKY_CITADEL,430,0.000077100,true,1,9,45
B,SKY_CITADEL,431,0.000084800,true,1,12,56
B,SKY_CITADEL,432,0.000080100,true,1,10,50
B,SKY_CITADEL,433,0.000167900,true,2,41,107
B,SKY_CITADEL,434,0.000120600,true,1,19,190
B,SKY_CITADEL,435,0.000088300,true,1,12,78
B,SKY_CITADEL,436,0.000095800,true,1,14,93
B,SKY_CITADEL,437,0.000087200,true,1,12,78
B,SKY_CITADEL,438,0.000077200,true,1,9,45
B,SKY_CITADEL,439,0.000079900,true,1,10,55
B,SKY_CITADEL,440,0.000096300,true,1,14,92
B,SKY_CITADEL,441,0.000099000,true,1,15,109
B,SKY_CITADEL,442,0.000077300,true,1,9,45
B,SKY_CITADEL,443,0.000078100,true,1,10,52
B,SKY_CITADEL,444,0.000079300,true,1,10,46
B,SKY_CITADEL,445,0.000103700,true,1,14,105
B,SKY_CITADEL,446,0.000187700,true,2,28,163
B,SKY_CITADEL,447,0.000078600,true,1,9,45
B,SKY_CITADEL,448,0.000080100,true,1,11,48
B,SKY_CITADEL,449,0.000078200,true,1,10,47
B,SKY_CITADEL,450,0.000093400,true,1,13,91
B,SKY_CITADEL,451,0.000081100,true,1,10,55
B,SKY_CITADEL,452,0.000091600,true,1,13,83
B,SKY_CITADEL,453,0.000172500,true,2,42,107
B,SKY_CITADEL,454,0.000126300,true,1,20,197
B,SKY_CITADEL,455,0.000109300,true,1,17,153
B,SKY_CITADEL,456,0.000080400,true,1,10,51
B,SKY_CITADEL,457,0.000076800,true,1,9,45
B,SKY_CITADEL,458,0.000087600,true,1,12,78
B,SKY_CITADEL,459,0.000090500,true,1,12,61
B,SKY_CITADEL,460,0.000088200,true,1,12,78
B,SKY_CITADEL,461,0.000077000,true,1,9,45
B,SKY_CITADEL,462,0.000082300,true,1,10,55
B,SKY_CITADEL,463,0.000077300,true,1,10,48
B,SKY_CITADEL,464,0.000108800,true,1,17,153
B,SKY_CITADEL,465,0.000101300,true,1,15,120
B,SKY_CITADEL,466,0.000078700,true,1,10,55
B,SKY_CITADEL,467,0.000075400,true,1,9,45
B,SKY_CITADEL,468,0.000116800,true,1,18,171
B,SKY_CITADEL,469,0.000078000,true,1,9,45
B,SKY_CITADEL,470,0.000079700,true,1,10,55
B,SKY_CITADEL,471,0.000079900,true,1,10,52
B,SKY_CITADEL,472,0.000076800,true,1,9,45
B,SKY_CITADEL,473,0.000082300,true,1,12,53
B,SKY_CITADEL,474,0.000081500,true,1,11,56
B,SKY_CITADEL,475,0.000075200,true,1,9,45
B,SKY_CITADEL,476,0.000093100,true,1,13,91
B,SKY_CITADEL,477,0.000079600,true,1,9,45
B,SKY_CITADEL,478,0.000098400,true,1,14,94
B,SKY_CITADEL,479,0.000077300,true,1,9,45
B,SKY_CITADEL,480,0.000220700,true,2,38,207
B,SKY_CITADEL,481,0.000080900,true,1,10,55
B,SKY_CITADEL,482,0.000216100,true,2,39,288
B,SKY_CITADEL,483,0.000102500,true,1,15,120
B,SKY_CITADEL,484,0.000084900,true,1,12,58
B,SKY_CITADEL,485,0.000080500,true,1,10,46
B,SKY_CITADEL,486,0.000076300,true,1,9,45
B,SKY_CITADEL,487,0.000103000,true,1,15,110
B,SKY_CITADEL,488,0.000077400,true,1,9,45
B,SKY_CITADEL,489,0.000078100,true,1,10,46
B,SKY_CITADEL,490,0.000077400,true,1,9,45
B,SKY_CITADEL,491,0.000078800,true,1,10,49
B,SKY_CITADEL,492,0.000075700,true,1,9,45
B,SKY_CITADEL,493,0.000117300,true,1,19,146
B,SKY_CITADEL,494,0.000087300,true,1,11,59
B,SKY_CITADEL,495,0.000082600,true,1,11,52
B,SKY_CITADEL,496,0.000096500,true,1,14,96
B,SKY_CITADEL,497,0.000094300,true,1,12,78
B,SKY_CITADEL,498,0.000114900,true,1,17,153
B,SKY_CITADEL,499,0.000091800,true,1,11,59
B,SKY_CITADEL,500,0.000082000,true,1,9,45
B,SKY_CITADEL,501,0.000075200,true,1,9,45
B,SKY_CITADEL,502,0.000075300,true,1,9,45
B,SKY_CITADEL,503,0.000085300,true,1,10,55
B,SKY_CITADEL,504,0.000090300,true,1,9,45
B,SKY_CITADEL,505,0.000116500,true,1,17,153
B,SKY_CITADEL,506,0.000094500,true,1,13,91
B,SKY_CITADEL,507,0.000091000,true,1,10,55
B,SKY_CITADEL,508,0.000470400,true,3,71,285
B,SKY_CITADEL,509,0.000092800,true,1,12,78
B,SKY_CITADEL,510,0.000096900,true,1,12,78
B,SKY_CITADEL,511,0.000096000,true,1,9,45
B,SKY_CITADEL,512,0.000118400,true,1,13,83
B,SKY_CITADEL,513,0.000142200,true,1,18,171
B,SKY_CITADEL,514,0.000089300,true,1,10,49
B,SKY_CITADEL,515,0.000091800,true,1,11,58
B,SKY_CITADEL,516,0.000091900,true,1,10,50
B,SKY_CITADEL,517,0.000084000,true,1,9,45
B,SKY_CITADEL,518,0.000113400,true,1,15,120
B,SKY_CITADEL,519,0.000295400,true,3,68,125
B,SKY_CITADEL,520,0.000082000,true,1,9,45
B,SKY_CITADEL,521,0.000197100,true,2,25,128
B,SKY_CITADEL,522,0.000086600,true,1,9,45
B,SKY_CITADEL,523,0.000094000,true,1,12,61
B,SKY_CITADEL,524,0.000102700,true,1,13,91
B,SKY_CITADEL,525,0.000084100,true,1,9,45
B,SKY_CITADEL,526,0.000091100,true,1,10,55
B,SKY_CITADEL,527,0.000103400,true,1,12,78
B,SKY_CITADEL,528,0.000088700,true,1,9,45
B,SKY_CITADEL,529,0.000092400,true,1,10,55
B,SKY_CITADEL,530,0.000123100,true,1,17,127
B,SKY_CITADEL,531,0.000078800,true,1,9,45
B,SKY_CITADEL,532,0.000077600,true,1,9,45
B,SKY_CITADEL,533,0.000087900,true,1,12,78
B,SKY_CITADEL,534,0.000080900,true,1,10,46
B,SKY_CITADEL,535,0.000080400,true,1,10,55
B,SKY_CITADEL,536,0.000077000,true,1,9,45
B,SKY_CITADEL,537,0.000081400,true,1,10,51
B,SKY_CITADEL,538,0.000092800,true,1,12,51
B,SKY_CITADEL,539,0.000082100,true,1,9,45
B,SKY_CITADEL,540,0.000108100,true,1,13,91
B,SKY_CITADEL,541,0.000084300,true,1,10,55
B,SKY_CITADEL,542,0.000202600,true,2,28,196
B,SKY_CITADEL,543,0.000094000,true,1,13,91
B,SKY_CITADEL,544,0.000100300,true,1,14,105
B,SKY_CITADEL,545,0.000088400,true,1,13,68
B,SKY_CITADEL,546,0.000091600,true,1,10,49
B,SKY_CITADEL,547,0.000083600,true,1,10,55
B,SKY_CITADEL,548,0.000078600,true,1,10,55
B,SKY_CITADEL,549,0.000091600,true,1,12,78
B,SKY_CITADEL,550,0.000089200,true,1,12,78
B,SKY_CITADEL,551,0.000092100,true,1,12,78
B,SKY_CITADEL,552,0.000082000,true,1,11,61
B,SKY_CITADEL,553,0.000092500,true,1,10,48
B,SKY_CITADEL,554,0.000099700,true,1,13,91
B,SKY_CITADEL,555,0.000093500,true,1,9,45
B,SKY_CITADEL,556,0.000084200,true,1,9,45
B,SKY_CITADEL,557,0.000113200,true,1,15,120
B,SKY_CITADEL,558,0.000173400,true,2,38,89
B,SKY_CITADEL,559,0.000098500,true,1,14,96
B,SKY_CITADEL,560,0.000203400,true,2,36,175
B,SKY_CITADEL,561,0.000274400,true,2,40,332
B,SKY_CITADEL,562,0.000089400,true,1,9,45
B,SKY_CITADEL,563,0.000087100,true,1,9,45
B,SKY_CITADEL,564,0.000095800,true,1,10,49
B,SKY_CITADEL,565,0.000078200,true,1,10,51
B,SKY_CITADEL,566,0.000080200,true,1,9,45
B,SKY_CITADEL,567,0.000484000,true,4,89,423
B,SKY_CITADEL,568,0.000114400,true,1,11,53
B,SKY_CITADEL,569,0.000124200,true,1,10,47
B,SKY_CITADEL,570,0.000154800,true,1,10,48
B,SKY_CITADEL,571,0.000158100,true,1,10,55
B,SKY_CITADEL,572,0.000182200,true,1,12,78
B,SKY_CITADEL,573,0.000301700,true,2,39,114
B,SKY_CITADEL,574,0.000147700,true,1,13,91
B,SKY_CITADEL,575,0.000146900,true,1,11,56
B,SKY_CITADEL,576,0.000146200,true,1,11,62
B,SKY_CITADEL,577,0.000161000,true,1,13,91
B,SKY_CITADEL,578,0.000165300,true,1,14,94
B,SKY_CITADEL,579,0.000155000,true,1,12,63
B,SKY_CITADEL,580,0.000133700,true,1,10,50
B,SKY_CITADEL,581,0.000127700,true,1,9,45
B,SKY_CITADEL,582,0.000111200,true,1,13,80
B,SKY_CITADEL,583,0.000279700,true,2,39,362
B,SKY_CITADEL,584,0.000090300,true,1,9,45
B,SKY_CITADEL,585,0.000093900,true,1,11,58
B,SKY_CITADEL,586,0.000096800,true,1,12,78
B,SKY_CITADEL,587,0.000090100,true,1,12,78
B,SKY_CITADEL,588,0.000079900,true,1,10,55
B,SKY_CITADEL,589,0.000074400,true,1,9,45
B,SKY_CITADEL,590,0.000080700,true,1,9,45
B,SKY_CITADEL,591,0.000098100,true,1,14,98
B,SKY_CITADEL,592,0.000094100,true,1,13,91
B,SKY_CITADEL,593,0.000083600,true,1,11,60
B,SKY_CITADEL,594,0.000076400,true,1,9,45
B,SKY_CITADEL,595,0.000092700,true,1,13,91
B,SKY_CITADEL,596,0.000083800,true,1,11,54
B,SKY_CITADEL,597,0.000079500,true,1,10,55
B,SKY_CITADEL,598,0.000076000,true,1,9,45
B,SKY_CITADEL,599,0.000093300,true,1,13,91
B,SKY_CITADEL,600,0.000107900,true,1,16,123
B,SKY_CITADEL,601,0.000076400,true,1,9,45
B,SKY_CITADEL,602,0.000115400,true,1,18,171
B,SKY_CITADEL,603,0.000107200,true,1,16,136
B,SKY_CITADEL,604,0.000089300,true,1,12,78
B,SKY_CITADEL,605,0.000087900,true,1,12,78
B,SKY_CITADEL,606,0.000080200,true,1,10,47
B,SKY_CITADEL,607,0.000075200,true,1,9,45
B,SKY_CITADEL,608,0.000085400,true,1,10,55
B,SKY_CITADEL,609,0.000091800,true,1,9,45
B,SKY_CITADEL,610,0.000080500,true,1,10,49
B,SKY_CITADEL,611,0.000096200,true,1,13,91
B,SKY_CITADEL,612,0.000075900,true,1,9,45
B,SKY_CITADEL,613,0.000076300,true,1,9,45
B,SKY_CITADEL,614,0.000097300,true,1,14,105
B,SKY_CITADEL,615,0.000092700,true,1,13,91
B,SKY_CITADEL,616,0.000076600,true,1,9,45
B,SKY_CITADEL,617,0.000079200,true,1,10,47
B,SKY_CITADEL,618,0.000078600,true,1,9,45
B,SKY_CITADEL,619,0.000212200,true,2,36,255
B,SKY_CITADEL,620,0.000090600,true,1,13,79
B,SKY_CITADEL,621,0.000080600,true,1,10,51
B,SKY_CITADEL,622,0.000082000,true,1,11,57
B,SKY_CITADEL,623,0.000077600,true,1,10,50
B,SKY_CITADEL,624,0.000101200,true,1,15,96
B,SKY_CITADEL,625,0.000093200,true,1,12,78
B,SKY_CITADEL,626,0.000076900,true,1,9,45
B,SKY_CITADEL,627,0.000075500,true,1,9,45
B,SKY_CITADEL,628,0.000083000,true,1,11,49
B,SKY_CITADEL,629,0.000075600,true,1,9,45
B,SKY_CITADEL,630,0.000108600,true,1,18,140
B,SKY_CITADEL,631,0.000078200,true,1,9,45
B,SKY_CITADEL,632,0.000078300,true,1,9,45
B,SKY_CITADEL,633,0.000107800,true,1,15,120
B,SKY_CITADEL,634,0.000095300,true,1,13,91
B,SKY_CITADEL,635,0.000098900,true,1,14,105
B,SKY_CITADEL,636,0.000122800,true,1,19,190
B,SKY_CITADEL,637,0.000080100,true,1,9,45
B,SKY_CITADEL,638,0.000080500,true,1,10,55
B,SKY_CITADEL,639,0.000264000,true,2,33,280
B,SKY_CITADEL,640,0.000091300,true,1,12,78
B,SKY_CITADEL,641,0.000086200,true,1,10,47
B,SKY_CITADEL,642,0.000080700,true,1,10,55
B,SKY_CITADEL,643,0.000083900,true,1,11,60
B,SKY_CITADEL,644,0.000094800,true,1,14,89
B,SKY_CITADEL,645,0.000080400,true,1,10,48
B,SKY_CITADEL,646,0.000088700,true,1,12,78
B,SKY_CITADEL,647,0.000173300,true,2,24,138
B,SKY_CITADEL,648,0.000193400,true,2,40,124
B,SKY_CITADEL,649,0.000104400,true,1,14,96
B,SKY_CITADEL,650,0.000075200,true,1,9,45
B,SKY_CITADEL,651,0.000094500,true,1,14,95
B,SKY_CITADEL,652,0.000101800,true,1,16,108
B,SKY_CITADEL,653,0.000078200,true,1,9,45
B,SKY_CITADEL,654,0.000078500,true,1,10,47
B,SKY_CITADEL,655,0.000079800,true,1,9,45
B,SKY_CITADEL,656,0.000092700,true,1,13,91
B,SKY_CITADEL,657,0.000075700,true,1,9,45
B,SKY_CITADEL,658,0.000179400,true,2,41,200
B,SKY_CITADEL,659,0.000077900,true,1,9,45
B,SKY_CITADEL,660,0.000096000,true,1,14,84
B,SKY_CITADEL,661,0.000095100,true,1,14,92
B,SKY_CITADEL,662,0.000078300,true,1,9,45
B,SKY_CITADEL,663,0.000089900,true,1,12,78
B,SKY_CITADEL,664,0.000108400,true,1,16,136
B,SKY_CITADEL,665,0.000089700,true,1,12,57
B,SKY_CITADEL,666,0.000077900,true,1,9,45
B,SKY_CITADEL,667,0.000093400,true,1,13,91
B,SKY_CITADEL,668,0.000100400,true,1,14,98
B,SKY_CITADEL,669,0.000084900,true,1,11,56
B,SKY_CITADEL,670,0.000081300,true,1,9,45
B,SKY_CITADEL,671,0.000076800,true,1,9,45
B,SKY_CITADEL,672,0.000172400,true,2,43,115
B,SKY_CITADEL,673,0.000078800,true,1,10,46
B,SKY_CITADEL,674,0.000079500,true,1,10,51
B,SKY_CITADEL,675,0.000227700,true,2,42,120
B,SKY_CITADEL,676,0.000089600,true,1,12,78
B,SKY_CITADEL,677,0.000082200,true,1,10,51
B,SKY_CITADEL,678,0.000124000,true,1,20,180
B,SKY_CITADEL,679,0.000090200,true,1,12,78
B,SKY_CITADEL,680,0.000076200,true,1,9,45
B,SKY_CITADEL,681,0.000181500,true,2,40,98
B,SKY_CITADEL,682,0.000078700,true,1,9,45
B,SKY_CITADEL,683,0.000208400,true,2,35,234
B,SKY_CITADEL,684,0.000081900,true,1,9,45
B,SKY_CITADEL,685,0.000092400,true,1,13,91
B,SKY_CITADEL,686,0.000296200,true,3,70,193
B,SKY_CITADEL,687,0.000282900,true,2,38,198
B,SKY_CITADEL,688,0.000094100,true,1,13,91
B,SKY_CITADEL,689,0.000212700,true,2,35,258
B,SKY_CITADEL,690,0.000079600,true,1,10,48
B,SKY_CITADEL,691,0.000082100,true,1,10,47
B,SKY_CITADEL,692,0.000207400,true,2,29,196
B,SKY_CITADEL,693,0.000077300,true,1,9,45
B,SKY_CITADEL,694,0.000087800,true,1,12,78
B,SKY_CITADEL,695,0.000080100,true,1,10,55
B,SKY_CITADEL,696,0.000077100,true,1,9,45
B,SKY_CITADEL,697,0.000211000,true,2,33,182
B,SKY_CITADEL,698,0.000076500,true,1,9,45
B,SKY_CITADEL,699,0.000085400,true,1,11,62
B,SKY_CITADEL,700,0.000201600,true,2,29,195
B,SKY_CITADEL,701,0.000077400,true,1,9,45
B,SKY_CITADEL,702,0.000084000,true,1,11,52
B,SKY_CITADEL,703,0.000076500,true,1,9,45
B,SKY_CITADEL,704,0.000077000,true,1,9,45
B,SKY_CITADEL,705,0.000079000,true,1,10,51
B,SKY_CITADEL,706,0.000080400,true,1,10,46
B,SKY_CITADEL,707,0.000099000,true,1,15,98
B,SKY_CITADEL,708,0.000081200,true,1,10,50
B,SKY_CITADEL,709,0.000093700,true,1,13,91
B,SKY_CITADEL,710,0.000190200,true,2,34,125
B,SKY_CITADEL,711,0.000219100,true,2,29,219
B,SKY_CITADEL,712,0.000079200,true,1,9,45
B,SKY_CITADEL,713,0.000081300,true,1,10,55
B,SKY_CITADEL,714,0.000094700,true,1,14,85
B,SKY_CITADEL,715,0.000083500,true,1,11,50
B,SKY_CITADEL,716,0.000075500,true,1,9,45
B,SKY_CITADEL,717,0.000087300,true,1,12,78
B,SKY_CITADEL,718,0.000079800,true,1,10,46
B,SKY_CITADEL,719,0.000078500,true,1,9,45
B,SKY_CITADEL,720,0.000233500,true,2,34,277
B,SKY_CITADEL,721,0.000078000,true,1,9,45
B,SKY_CITADEL,722,0.000078200,true,1,10,48
B,SKY_CITADEL,723,0.000077100,true,1,9,45
B,SKY_CITADEL,724,0.000092800,true,1,13,81
B,SKY_CITADEL,725,0.000078700,true,1,10,55
B,SKY_CITADEL,726,0.000102500,true,1,13,91
B,SKY_CITADEL,727,0.000080600,true,1,9,45
B,SKY_CITADEL,728,0.000082700,true,1,11,59
B,SKY_CITADEL,729,0.000158000,true,2,20,95
B,SKY_CITADEL,730,0.000100700,true,1,15,120
B,SKY_CITADEL,731,0.000103700,true,1,15,120
B,SKY_CITADEL,732,0.000075500,true,1,9,45
B,SKY_CITADEL,733,0.000094700,true,1,14,90
B,SKY_CITADEL,734,0.000090300,true,1,12,78
B,SKY_CITADEL,735,0.000076100,true,1,9,45
B,SKY_CITADEL,736,0.000081800,true,1,11,61
B,SKY_CITADEL,737,0.000075300,true,1,9,45
B,SKY_CITADEL,738,0.000076100,true,1,9,45
B,SKY_CITADEL,739,0.000092600,true,1,13,80
B,SKY_CITADEL,740,0.000079000,true,1,10,55
B,SKY_CITADEL,741,0.000214100,true,2,41,135
B,SKY_CITADEL,742,0.000110700,true,1,14,105
B,SKY_CITADEL,743,0.000084200,true,1,9,45
B,SKY_CITADEL,744,0.000075900,true,1,9,45
B,SKY_CITADEL,745,0.000187000,true,2,44,134
B,SKY_CITADEL,746,0.000079300,true,1,9,45
B,SKY_CITADEL,747,0.000080900,true,1,10,49
B,SKY_CITADEL,748,0.000097600,true,1,14,105
B,SKY_CITADEL,749,0.000082700,true,1,10,55
B,SKY_CITADEL,750,0.000083100,true,1,11,51
B,SKY_CITADEL,751,0.000084900,true,1,11,56
B,SKY_CITADEL,752,0.000092700,true,1,13,81
B,SKY_CITADEL,753,0.000075500,true,1,9,45
B,SKY_CITADEL,754,0.000074400,true,1,9,45
B,SKY_CITADEL,755,0.000083400,true,1,11,56
B,SKY_CITADEL,756,0.000153500,true,2,19,89
B,SKY_CITADEL,757,0.000076000,true,1,9,45
B,SKY_CITADEL,758,0.000092900,true,1,13,84
B,SKY_CITADEL,759,0.000230100,true,2,47,192
B,SKY_CITADEL,760,0.000085500,true,1,11,62
B,SKY_CITADEL,761,0.000105500,true,1,15,101
B,SKY_CITADEL,762,0.000080000,true,1,10,55
B,SKY_CITADEL,763,0.000075900,true,1,9,45
B,SKY_CITADEL,764,0.000078700,true,1,10,52
B,SKY_CITADEL,765,0.000078700,true,1,10,49
B,SKY_CITADEL,766,0.000073700,true,1,9,45
B,SKY_CITADEL,767,0.000121400,true,1,20,193
B,SKY_CITADEL,768,0.000078200,true,1,9,45
B,SKY_CITADEL,769,0.000075000,true,1,9,45
B,SKY_CITADEL,770,0.000219100,true,2,31,220
B,SKY_CITADEL,771,0.000096000,true,1,14,95
B,SKY_CITADEL,772,0.000089600,true,1,12,78
B,SKY_CITADEL,773,0.000214800,true,2,22,129
B,SKY_CITADEL,774,0.000089100,true,1,12,78
B,SKY_CITADEL,775,0.000091300,true,1,13,85
B,SKY_CITADEL,776,0.000086000,true,1,9,45
B,SKY_CITADEL,777,0.000262500,true,2,41,107
B,SKY_CITADEL,778,0.000076100,true,1,9,45
B,SKY_CITADEL,779,0.000105500,true,1,13,81
B,SKY_CITADEL,780,0.000090500,true,1,9,45
B,SKY_CITADEL,781,0.000086000,true,1,9,45
B,SKY_CITADEL,782,0.000090000,true,1,10,48
B,SKY_CITADEL,783,0.000087200,true,1,10,51
B,SKY_CITADEL,784,0.000257300,true,2,43,283
B,SKY_CITADEL,785,0.000106400,true,1,13,91
B,SKY_CITADEL,786,0.000116000,true,1,17,130
B,SKY_CITADEL,787,0.000086300,true,1,10,47
B,SKY_CITADEL,788,0.000085400,true,1,10,49
B,SKY_CITADEL,789,0.000112400,true,1,14,98
B,SKY_CITADEL,790,0.000085600,true,1,9,45
B,SKY_CITADEL,791,0.000082800,true,1,9,45
B,SKY_CITADEL,792,0.000090000,true,1,11,56
B,SKY_CITADEL,793,0.000102400,true,1,12,78
B,SKY_CITADEL,794,0.000081500,true,1,9,45
B,SKY_CITADEL,795,0.000102900,true,1,13,91
B,SKY_CITADEL,796,0.000123300,true,1,17,137
B,SKY_CITADEL,797,0.000090700,true,1,11,51
B,SKY_CITADEL,798,0.000108300,true,1,13,91
B,SKY_CITADEL,799,0.000088900,true,1,10,48
B,SKY_CITADEL,800,0.000089400,true,1,10,46
B,SKY_CITADEL,801,0.000110900,true,1,13,91
B,SKY_CITADEL,802,0.000122100,true,1,10,55
B,SKY_CITADEL,803,0.000093200,true,1,9,45
B,SKY_CITADEL,804,0.000109200,true,1,14,92
B,SKY_CITADEL,805,0.000086000,true,1,9,45
B,SKY_CITADEL,806,0.000120300,true,1,17,143
B,SKY_CITADEL,807,0.000079600,true,1,9,45
B,SKY_CITADEL,808,0.000089300,true,1,10,55
B,SKY_CITADEL,809,0.000229900,true,2,33,235
B,SKY_CITADEL,810,0.000094400,true,1,10,55
B,SKY_CITADEL,811,0.000095800,true,1,12,59
B,SKY_CITADEL,812,0.000283200,true,3,50,170
B,SKY_CITADEL,813,0.000108900,true,1,10,50
B,SKY_CITADEL,814,0.000091200,true,1,13,60
B,SKY_CITADEL,815,0.000081600,true,1,9,45
B,SKY_CITADEL,816,0.000111800,true,1,17,153
B,SKY_CITADEL,817,0.000085500,true,1,11,61
B,SKY_CITADEL,818,0.000078900,true,1,10,55
B,SKY_CITADEL,819,0.000075500,true,1,9,45
B,SKY_CITADEL,820,0.000125400,true,1,20,193
B,SKY_CITADEL,821,0.000078300,true,1,9,45
B,SKY_CITADEL,822,0.000089400,true,1,9,45
B,SKY_CITADEL,823,0.000098500,true,1,13,91
B,SKY_CITADEL,824,0.000129700,true,1,13,91
B,SKY_CITADEL,825,0.000197900,true,1,12,78
B,SKY_CITADEL,826,0.000085200,true,1,10,55
B,SKY_CITADEL,827,0.000141000,true,1,9,45
B,SKY_CITADEL,828,0.000088800,true,1,9,45
B,SKY_CITADEL,829,0.000089000,true,1,11,51
B,SKY_CITADEL,830,0.000079900,true,1,9,45
B,SKY_CITADEL,831,0.000091300,true,1,12,78
B,SKY_CITADEL,832,0.000080400,true,1,10,55
B,SKY_CITADEL,833,0.000104000,true,1,12,78
B,SKY_CITADEL,834,0.000116000,true,1,15,120
B,SKY_CITADEL,835,0.000108800,true,1,14,84
B,SKY_CITADEL,836,0.000095700,true,1,9,45
B,SKY_CITADEL,837,0.000112500,true,1,13,91
B,SKY_CITADEL,838,0.000099700,true,1,13,91
B,SKY_CITADEL,839,0.000101400,true,1,11,57
B,SKY_CITADEL,840,0.000258700,true,2,45,239
B,SKY_CITADEL,841,0.000116600,true,1,10,46
B,SKY_CITADEL,842,0.000146400,true,1,11,57
B,SKY_CITADEL,843,0.000125600,true,1,9,45
B,SKY_CITADEL,844,0.000240300,true,1,12,78
B,SKY_CITADEL,845,0.000202700,true,1,12,61
B,SKY_CITADEL,846,0.000162200,true,1,10,48
B,SKY_CITADEL,847,0.000142400,true,1,9,45
B,SKY_CITADEL,848,0.000347800,true,2,36,284
B,SKY_CITADEL,849,0.000136000,true,1,10,46
B,SKY_CITADEL,850,0.000184600,true,1,15,120
B,SKY_CITADEL,851,0.000173000,true,1,12,78
B,SKY_CITADEL,852,0.000149200,true,1,11,56
B,SKY_CITADEL,853,0.000139400,true,1,9,45
B,SKY_CITADEL,854,0.000134600,true,1,9,45
B,SKY_CITADEL,855,0.000133900,true,1,9,45
B,SKY_CITADEL,856,0.000108700,true,1,10,50
B,SKY_CITADEL,857,0.000110100,true,1,14,95
B,SKY_CITADEL,858,0.000117800,true,1,13,91
B,SKY_CITADEL,859,0.000128600,true,1,16,109
B,SKY_CITADEL,860,0.000089100,true,1,9,45
B,SKY_CITADEL,861,0.000107900,true,1,13,91
B,SKY_CITADEL,862,0.000081200,true,1,9,45
B,SKY_CITADEL,863,0.000204200,true,2,32,226
B,SKY_CITADEL,864,0.000080100,true,1,10,52
B,SKY_CITADEL,865,0.000113100,true,1,15,120
B,SKY_CITADEL,866,0.000101900,true,1,13,91
B,SKY_CITADEL,867,0.000100800,true,1,12,63
B,SKY_CITADEL,868,0.000184600,true,1,9,45
B,SKY_CITADEL,869,0.000184100,true,1,12,78
B,SKY_CITADEL,870,0.000176700,true,1,12,67
B,SKY_CITADEL,871,0.000147900,true,1,9,45
B,SKY_CITADEL,872,0.000151900,true,1,10,47
B,SKY_CITADEL,873,0.000154700,true,1,10,52
B,SKY_CITADEL,874,0.000154400,true,1,10,48
B,SKY_CITADEL,875,0.000144900,true,1,9,45
B,SKY_CITADEL,876,0.000110900,true,1,13,91
B,SKY_CITADEL,877,0.000086100,true,1,10,50
B,SKY_CITADEL,878,0.000105400,true,1,15,109
B,SKY_CITADEL,879,0.000103300,true,1,15,120
B,SKY_CITADEL,880,0.000201900,true,2,30,231
B,SKY_CITADEL,881,0.000118500,true,1,18,171
B,SKY_CITADEL,882,0.000087100,true,1,11,62
B,SKY_CITADEL,883,0.000080200,true,1,10,47
B,SKY_CITADEL,884,0.000079500,true,1,10,49
B,SKY_CITADEL,885,0.000075900,true,1,9,45
B,SKY_CITADEL,886,0.000078300,true,1,10,46
B,SKY_CITADEL,887,0.000080800,true,1,10,55
B,SKY_CITADEL,888,0.000076500,true,1,9,45
B,SKY_CITADEL,889,0.000111800,true,1,14,94
B,SKY_CITADEL,890,0.000170400,true,2,41,98
B,SKY_CITADEL,891,0.000253800,true,3,50,241
B,SKY_CITADEL,892,0.000084500,true,1,11,61
B,SKY_CITADEL,893,0.000169500,true,2,37,81
B,SKY_CITADEL,894,0.000079500,true,1,10,46
B,SKY_CITADEL,895,0.000084700,true,1,11,57
B,SKY_CITADEL,896,0.000221900,true,2,45,190
B,SKY_CITADEL,897,0.000077000,true,1,9,45
B,SKY_CITADEL,898,0.000095400,true,1,13,83
B,SKY_CITADEL,899,0.000079000,true,1,10,50
B,SKY_CITADEL,900,0.000077200,true,1,9,45
B,SKY_CITADEL,901,0.000088600,true,1,12,78
B,SKY_CITADEL,902,0.000082400,true,1,10,49
B,SKY_CITADEL,903,0.000097900,true,1,9,45
B,SKY_CITADEL,904,0.000145300,true,1,19,174
B,SKY_CITADEL,905,0.000098900,true,1,12,78
B,SKY_CITADEL,906,0.000126300,true,1,12,78
B,SKY_CITADEL,907,0.000099100,true,1,12,78
B,SKY_CITADEL,908,0.000111100,true,1,15,120
B,SKY_CITADEL,909,0.000080300,true,1,9,45
B,SKY_CITADEL,910,0.000098900,true,1,13,91
B,SKY_CITADEL,911,0.000080200,true,1,9,45
B,SKY_CITADEL,912,0.000076900,true,1,9,45
B,SKY_CITADEL,913,0.000076100,true,1,9,45
B,SKY_CITADEL,914,0.000100600,true,1,13,91
B,SKY_CITADEL,915,0.000082900,true,1,10,55
B,SKY_CITADEL,916,0.000079100,true,1,10,49
B,SKY_CITADEL,917,0.000079400,true,1,10,52
B,SKY_CITADEL,918,0.000215900,true,2,36,273
B,SKY_CITADEL,919,0.000084700,true,1,11,58
B,SKY_CITADEL,920,0.000088500,true,1,13,59
B,SKY_CITADEL,921,0.000101500,true,1,14,94
B,SKY_CITADEL,922,0.000094800,true,1,12,78
B,SKY_CITADEL,923,0.000183500,true,2,26,168
B,SKY_CITADEL,924,0.000081200,true,1,10,55
B,SKY_CITADEL,925,0.000079500,true,1,10,49
B,SKY_CITADEL,926,0.000092000,true,1,13,85
B,SKY_CITADEL,927,0.000075600,true,1,9,45
B,SKY_CITADEL,928,0.000076600,true,1,9,45
B,SKY_CITADEL,929,0.000111000,true,1,17,153
B,SKY_CITADEL,930,0.000284100,true,2,38,184
B,SKY_CITADEL,931,0.000080000,true,1,10,46
B,SKY_CITADEL,932,0.000094200,true,1,13,91
B,SKY_CITADEL,933,0.000088400,true,1,10,55
B,SKY_CITADEL,934,0.000168000,true,1,10,49
B,SKY_CITADEL,935,0.000090500,true,1,10,46
B,SKY_CITADEL,936,0.000083200,true,1,10,48
B,SKY_CITADEL,937,0.000079300,true,1,9,45
B,SKY_CITADEL,938,0.000090000,true,1,12,78
B,SKY_CITADEL,939,0.000188500,true,1,15,106
B,SKY_CITADEL,940,0.000087100,true,1,9,45
B,SKY_CITADEL,941,0.000086400,true,1,10,50
B,SKY_CITADEL,942,0.000121000,true,1,18,157
B,SKY_CITADEL,943,0.000220800,true,2,37,260
B,SKY_CITADEL,944,0.000098900,true,1,15,92
B,SKY_CITADEL,945,0.000135600,true,1,10,52
B,SKY_CITADEL,946,0.000121600,true,1,9,45
B,SKY_CITADEL,947,0.000108100,true,1,9,45
B,SKY_CITADEL,948,0.000357300,true,1,11,57
B,SKY_CITADEL,949,0.000160300,true,1,10,55
B,SKY_CITADEL,950,0.000094800,true,1,9,45
B,SKY_CITADEL,951,0.000102700,true,1,14,84
B,SKY_CITADEL,952,0.000082600,true,1,9,45
B,SKY_CITADEL,953,0.000305700,true,2,38,171
B,SKY_CITADEL,954,0.000107500,true,1,14,105
B,SKY_CITADEL,955,0.000212000,true,2,32,234
B,SKY_CITADEL,956,0.000080200,true,1,9,45
B,SKY_CITADEL,957,0.000244800,true,2,39,240
B,SKY_CITADEL,958,0.000079800,true,1,9,45
B,SKY_CITADEL,959,0.000102100,true,1,14,98
B,SKY_CITADEL,960,0.000097300,true,1,12,78
B,SKY_CITADEL,961,0.000086500,true,1,9,45
B,SKY_CITADEL,962,0.000093000,true,1,12,78
B,SKY_CITADEL,963,0.000084100,true,1,10,50
B,SKY_CITADEL,964,0.000087400,true,1,9,45
B,SKY_CITADEL,965,0.000112600,true,1,15,120
B,SKY_CITADEL,966,0.000098900,true,1,13,81
B,SKY_CITADEL,967,0.000078700,true,1,9,45
B,SKY_CITADEL,968,0.000089700,true,1,10,47
B,SKY_CITADEL,969,0.000082400,true,1,10,55
B,SKY_CITADEL,970,0.000099300,true,1,14,91
B,SKY_CITADEL,971,0.000082700,true,1,10,55
B,SKY_CITADEL,972,0.000081500,true,1,9,45
B,SKY_CITADEL,973,0.000084100,true,1,10,52
B,SKY_CITADEL,974,0.000080200,true,1,9,45
B,SKY_CITADEL,975,0.000083300,true,1,9,45
B,SKY_CITADEL,976,0.000087400,true,1,11,51
B,SKY_CITADEL,977,0.000226600,true,2,42,140
B,SKY_CITADEL,978,0.000077600,true,1,9,45
B,SKY_CITADEL,979,0.000095200,true,1,13,84
B,SKY_CITADEL,980,0.000097400,true,1,10,46
B,SKY_CITADEL,981,0.000089100,true,1,11,49
B,SKY_CITADEL,982,0.000092800,true,1,12,78
B,SKY_CITADEL,983,0.000080000,true,1,9,45
B,SKY_CITADEL,984,0.000087300,true,1,11,50
B,SKY_CITADEL,985,0.000113000,true,1,17,153
B,SKY_CITADEL,986,0.000208600,true,2,40,105
B,SKY_CITADEL,987,0.000081800,true,1,10,55
B,SKY_CITADEL,988,0.000108600,true,1,13,91
B,SKY_CITADEL,989,0.000089500,true,1,11,56
B,SKY_CITADEL,990,0.000606400,true,1,14,98
B,SKY_CITADEL,991,0.000200300,true,1,10,55
B,SKY_CITADEL,992,0.000178400,true,1,10,47
B,SKY_CITADEL,993,0.000105900,true,1,9,45
B,SKY_CITADEL,994,0.000203300,true,1,17,153
B,SKY_CITADEL,995,0.000101600,true,1,9,45
B,SKY_CITADEL,996,0.000200700,true,2,25,137
B,SKY_CITADEL,997,0.000091400,true,1,10,55
B,SKY_CITADEL,998,0.000145900,true,1,11,61
B,SKY_CITADEL,999,0.000087700,true,1,10,55
B,SKY_CITADEL,1000,0.000206500,true,1,12,78
B,ETHEREAL_SCAPE,1,0.000230900,true,1,10,672
B,ETHEREAL_SCAPE,2,0.000218100,true,1,10,738
B,ETHEREAL_SCAPE,3,0.000302400,true,1,15,1101
B,ETHEREAL_SCAPE,4,0.000220300,true,1,10,758
B,ETHEREAL_SCAPE,5,0.000401600,true,1,9,768
B,ETHEREAL_SCAPE,6,0.000335400,true,2,21,819
B,ETHEREAL_SCAPE,7,0.000278900,true,1,14,999
B,ETHEREAL_SCAPE,8,0.000367300,true,2,29,951
B,ETHEREAL_SCAPE,9,0.000221700,true,1,9,804
B,ETHEREAL_SCAPE,10,0.000377800,true,1,9,721
B,ETHEREAL_SCAPE,11,0.000386600,true,2,29,1007
B,ETHEREAL_SCAPE,12,0.000315400,true,2,19,805
B,ETHEREAL_SCAPE,13,0.000232600,true,1,9,802
B,ETHEREAL_SCAPE,14,0.000266400,true,1,13,1019
B,ETHEREAL_SCAPE,15,0.000401800,true,2,26,1214
B,ETHEREAL_SCAPE,16,0.000224400,true,1,10,820
B,ETHEREAL_SCAPE,17,0.000297400,true,1,13,989
B,ETHEREAL_SCAPE,18,0.000357900,true,2,22,933
B,ETHEREAL_SCAPE,19,0.000222400,true,1,9,755
B,ETHEREAL_SCAPE,20,0.000234600,true,1,9,776
B,ETHEREAL_SCAPE,21,0.000305600,true,2,22,835
B,ETHEREAL_SCAPE,22,0.000353600,true,2,41,904
B,ETHEREAL_SCAPE,23,0.000259200,true,1,11,778
B,ETHEREAL_SCAPE,24,0.000268500,true,1,12,929
B,ETHEREAL_SCAPE,25,0.000227000,true,1,11,671
B,ETHEREAL_SCAPE,26,0.000312000,true,1,12,1049
B,ETHEREAL_SCAPE,27,0.000266800,true,1,10,648
B,ETHEREAL_SCAPE,28,0.000256100,true,1,10,779
B,ETHEREAL_SCAPE,29,0.000264800,true,1,9,915
B,ETHEREAL_SCAPE,30,0.000357900,true,1,14,914
B,ETHEREAL_SCAPE,31,0.000481100,true,3,40,977
B,ETHEREAL_SCAPE,32,0.000241900,true,1,9,760
B,ETHEREAL_SCAPE,33,0.000260600,true,1,9,806
B,ETHEREAL_SCAPE,34,0.000242800,true,1,10,901
B,ETHEREAL_SCAPE,35,0.000353900,true,2,30,934
B,ETHEREAL_SCAPE,36,0.000258500,true,1,9,826
B,ETHEREAL_SCAPE,37,0.000240700,true,1,9,798
B,ETHEREAL_SCAPE,38,0.000344500,true,2,27,856
B,ETHEREAL_SCAPE,39,0.000211800,true,1,10,691
B,ETHEREAL_SCAPE,40,0.000311100,true,2,23,780
B,ETHEREAL_SCAPE,41,0.000222600,true,1,10,769
B,ETHEREAL_SCAPE,42,0.000239900,true,1,11,837
B,ETHEREAL_SCAPE,43,0.000239500,true,1,10,774
B,ETHEREAL_SCAPE,44,0.000473200,true,3,59,1017
B,ETHEREAL_SCAPE,45,0.000245000,true,1,10,756
B,ETHEREAL_SCAPE,46,0.000260100,true,1,11,810
B,ETHEREAL_SCAPE,47,0.000246000,true,1,10,778
B,ETHEREAL_SCAPE,48,0.000365200,true,2,28,852
B,ETHEREAL_SCAPE,49,0.000240000,true,1,9,826
B,ETHEREAL_SCAPE,50,0.000297700,true,1,9,805
B,ETHEREAL_SCAPE,51,0.000469900,true,2,15,792
B,ETHEREAL_SCAPE,52,0.000357900,true,1,9,766
B,ETHEREAL_SCAPE,53,0.000391800,true,1,10,836
B,ETHEREAL_SCAPE,54,0.000475800,true,2,37,781
B,ETHEREAL_SCAPE,55,0.000370400,true,1,12,793
B,ETHEREAL_SCAPE,56,0.000475100,true,2,44,1188
B,ETHEREAL_SCAPE,57,0.000374900,true,2,15,778
B,ETHEREAL_SCAPE,58,0.000244300,true,1,9,817
B,ETHEREAL_SCAPE,59,0.000283900,true,1,14,1032
B,ETHEREAL_SCAPE,60,0.000220200,true,1,9,747
B,ETHEREAL_SCAPE,61,0.000272200,true,1,10,777
B,ETHEREAL_SCAPE,62,0.000357200,true,2,24,828
B,ETHEREAL_SCAPE,63,0.000231500,true,1,11,868
B,ETHEREAL_SCAPE,64,0.000236100,true,1,10,757
B,ETHEREAL_SCAPE,65,0.000234400,true,1,10,779
B,ETHEREAL_SCAPE,66,0.000246200,true,1,9,870
B,ETHEREAL_SCAPE,67,0.000301700,true,1,12,1105
B,ETHEREAL_SCAPE,68,0.000232100,true,1,11,757
B,ETHEREAL_SCAPE,69,0.000237000,true,1,10,827
B,ETHEREAL_SCAPE,70,0.000297500,true,2,40,774
B,ETHEREAL_SCAPE,71,0.000268100,true,1,12,975
B,ETHEREAL_SCAPE,72,0.000267700,true,1,14,893
B,ETHEREAL_SCAPE,73,0.000232100,true,1,9,826
B,ETHEREAL_SCAPE,74,0.000323400,true,2,23,877
B,ETHEREAL_SCAPE,75,0.000221400,true,1,10,780
B,ETHEREAL_SCAPE,76,0.000245200,true,1,13,793
B,ETHEREAL_SCAPE,77,0.000218500,true,1,9,764
B,ETHEREAL_SCAPE,78,0.000224200,true,1,11,830
B,ETHEREAL_SCAPE,79,0.000211400,true,1,9,674
B,ETHEREAL_SCAPE,80,0.000244100,true,1,12,834
B,ETHEREAL_SCAPE,81,0.000214200,true,1,9,702
B,ETHEREAL_SCAPE,82,0.000220300,true,1,9,755
B,ETHEREAL_SCAPE,83,0.000300100,true,2,23,818
B,ETHEREAL_SCAPE,84,0.000421100,true,3,45,983
B,ETHEREAL_SCAPE,85,0.000224200,true,1,9,826
B,ETHEREAL_SCAPE,86,0.000259800,true,1,12,985
B,ETHEREAL_SCAPE,87,0.000366700,true,2,45,907
B,ETHEREAL_SCAPE,88,0.000244200,true,1,10,848
B,ETHEREAL_SCAPE,89,0.000228600,true,1,9,776
B,ETHEREAL_SCAPE,90,0.000220900,true,1,9,789
B,ETHEREAL_SCAPE,91,0.000354700,true,2,33,877
B,ETHEREAL_SCAPE,92,0.000228000,true,1,10,794
B,ETHEREAL_SCAPE,93,0.000556600,true,4,73,1215
B,ETHEREAL_SCAPE,94,0.000220900,true,1,9,751
B,ETHEREAL_SCAPE,95,0.000236900,true,1,9,871
B,ETHEREAL_SCAPE,96,0.000302900,true,2,19,857
B,ETHEREAL_SCAPE,97,0.000225400,true,1,9,807
B,ETHEREAL_SCAPE,98,0.000222800,true,1,9,768
B,ETHEREAL_SCAPE,99,0.000234900,true,1,10,830
B,ETHEREAL_SCAPE,100,0.000299100,true,1,13,1090
B,ETHEREAL_SCAPE,101,0.000223300,true,1,9,762
B,ETHEREAL_SCAPE,102,0.000315500,true,1,13,988
B,ETHEREAL_SCAPE,103,0.000309900,true,1,12,994
B,ETHEREAL_SCAPE,104,0.000273900,true,1,13,861
B,ETHEREAL_SCAPE,105,0.000242400,true,1,9,826
B,ETHEREAL_SCAPE,106,0.000252400,true,1,11,830
B,ETHEREAL_SCAPE,107,0.000244400,true,1,12,825
B,ETHEREAL_SCAPE,108,0.000446800,true,3,60,944
B,ETHEREAL_SCAPE,109,0.000229000,true,1,10,729
B,ETHEREAL_SCAPE,110,0.000436600,true,1,9,755
B,ETHEREAL_SCAPE,111,0.000451300,true,1,9,876
B,ETHEREAL_SCAPE,112,0.000516400,true,1,13,951
B,ETHEREAL_SCAPE,113,0.000254600,true,1,9,818
B,ETHEREAL_SCAPE,114,0.000478800,true,2,77,1211
B,ETHEREAL_SCAPE,115,0.000375300,true,2,34,998
B,ETHEREAL_SCAPE,116,0.000215700,true,1,10,762
B,ETHEREAL_SCAPE,117,0.000252400,true,1,13,854
B,ETHEREAL_SCAPE,118,0.000313500,true,2,27,809
B,ETHEREAL_SCAPE,119,0.000228800,true,1,9,820
B,ETHEREAL_SCAPE,120,0.000235300,true,1,9,826
B,ETHEREAL_SCAPE,121,0.000685000,true,5,77,1274
B,ETHEREAL_SCAPE,122,0.000240800,true,1,11,767
B,ETHEREAL_SCAPE,123,0.000241200,true,1,9,812
B,ETHEREAL_SCAPE,124,0.000229000,true,1,10,726
B,ETHEREAL_SCAPE,125,0.000234400,true,1,10,794
B,ETHEREAL_SCAPE,126,0.000219200,true,1,9,755
B,ETHEREAL_SCAPE,127,0.000231400,true,1,9,769
B,ETHEREAL_SCAPE,128,0.000227400,true,1,9,805
B,ETHEREAL_SCAPE,129,0.000374100,true,2,39,937
B,ETHEREAL_SCAPE,130,0.000235800,true,1,10,820
B,ETHEREAL_SCAPE,131,0.000395700,true,2,42,1150
B,ETHEREAL_SCAPE,132,0.000231700,true,1,9,823
B,ETHEREAL_SCAPE,133,0.000230200,true,1,11,778
B,ETHEREAL_SCAPE,134,0.000216000,true,1,9,776
B,ETHEREAL_SCAPE,135,0.000214500,true,1,9,755
B,ETHEREAL_SCAPE,136,0.000395000,true,2,53,1042
B,ETHEREAL_SCAPE,137,0.000319300,true,2,24,811
B,ETHEREAL_SCAPE,138,0.000304600,true,2,25,819
B,ETHEREAL_SCAPE,139,0.000327000,true,2,45,815
B,ETHEREAL_SCAPE,140,0.000241100,true,1,9,769
B,ETHEREAL_SCAPE,141,0.000236400,true,1,9,760
B,ETHEREAL_SCAPE,142,0.000227000,true,1,9,751
B,ETHEREAL_SCAPE,143,0.000236800,true,1,9,807
B,ETHEREAL_SCAPE,144,0.000313700,true,1,13,1020
B,ETHEREAL_SCAPE,145,0.000451800,true,2,48,1082
B,ETHEREAL_SCAPE,146,0.000498100,true,2,49,954
B,ETHEREAL_SCAPE,147,0.000225800,true,1,9,790
B,ETHEREAL_SCAPE,148,0.000268400,true,1,10,795
B,ETHEREAL_SCAPE,149,0.000452300,true,2,53,1209
B,ETHEREAL_SCAPE,150,0.000249600,true,1,9,826
B,ETHEREAL_SCAPE,151,0.000214600,true,1,9,747
B,ETHEREAL_SCAPE,152,0.000335900,true,1,10,752
B,ETHEREAL_SCAPE,153,0.000244300,true,1,11,768
B,ETHEREAL_SCAPE,154,0.000224500,true,1,9,781
B,ETHEREAL_SCAPE,155,0.000226700,true,1,9,772
B,ETHEREAL_SCAPE,156,0.000234600,true,1,9,876
B,ETHEREAL_SCAPE,157,0.000223900,true,1,9,775
B,ETHEREAL_SCAPE,158,0.000225600,true,1,9,684
B,ETHEREAL_SCAPE,159,0.000236600,true,1,11,754
B,ETHEREAL_SCAPE,160,0.000246200,true,1,10,816
B,ETHEREAL_SCAPE,161,0.000518000,true,3,37,938
B,ETHEREAL_SCAPE,162,0.000222800,true,1,11,730
B,ETHEREAL_SCAPE,163,0.000446100,true,2,51,1111
B,ETHEREAL_SCAPE,164,0.000256800,true,1,9,820
B,ETHEREAL_SCAPE,165,0.000376700,true,2,25,970
B,ETHEREAL_SCAPE,166,0.000749700,true,3,63,1030
B,ETHEREAL_SCAPE,167,0.000366100,true,1,10,756
B,ETHEREAL_SCAPE,168,0.000403000,true,1,9,793
B,ETHEREAL_SCAPE,169,0.000917900,true,1,9,826
B,ETHEREAL_SCAPE,170,0.000382100,true,1,9,776
B,ETHEREAL_SCAPE,171,0.000535700,true,2,20,879
B,ETHEREAL_SCAPE,172,0.000490800,true,1,13,990
B,ETHEREAL_SCAPE,173,0.000272900,true,1,9,819
B,ETHEREAL_SCAPE,174,0.000379800,true,2,21,851
B,ETHEREAL_SCAPE,175,0.000369100,true,1,15,905
B,ETHEREAL_SCAPE,176,0.000251000,true,1,10,775
B,ETHEREAL_SCAPE,177,0.000230700,true,1,9,826
B,ETHEREAL_SCAPE,178,0.000288600,true,1,12,977
B,ETHEREAL_SCAPE,179,0.000221200,true,1,9,751
B,ETHEREAL_SCAPE,180,0.000221500,true,1,9,755
B,ETHEREAL_SCAPE,181,0.000260900,true,1,10,781
B,ETHEREAL_SCAPE,182,0.000248100,true,1,10,827
B,ETHEREAL_SCAPE,183,0.000411800,true,3,51,848
B,ETHEREAL_SCAPE,184,0.000219100,true,1,9,755
B,ETHEREAL_SCAPE,185,0.000247200,true,1,11,782
B,ETHEREAL_SCAPE,186,0.000436400,true,2,29,1213
B,ETHEREAL_SCAPE,187,0.000231600,true,1,9,755
B,ETHEREAL_SCAPE,188,0.000213600,true,1,9,755
B,ETHEREAL_SCAPE,189,0.000239700,true,1,10,749
B,ETHEREAL_SCAPE,190,0.000277500,true,1,13,983
B,ETHEREAL_SCAPE,191,0.000451100,true,2,28,873
B,ETHEREAL_SCAPE,192,0.000357400,true,2,36,783
B,ETHEREAL_SCAPE,193,0.000264900,true,1,12,977
B,ETHEREAL_SCAPE,194,0.000263000,true,1,13,890
B,ETHEREAL_SCAPE,195,0.000268400,true,1,12,964
B,ETHEREAL_SCAPE,196,0.000246600,true,1,11,788
B,ETHEREAL_SCAPE,197,0.000255200,true,1,10,900
B,ETHEREAL_SCAPE,198,0.000238300,true,1,13,770
B,ETHEREAL_SCAPE,199,0.000219600,true,1,9,774
B,ETHEREAL_SCAPE,200,0.000226500,true,1,12,780
B,ETHEREAL_SCAPE,201,0.000227700,true,1,9,818
B,ETHEREAL_SCAPE,202,0.000241800,true,1,9,832
B,ETHEREAL_SCAPE,203,0.000209300,true,1,10,675
B,ETHEREAL_SCAPE,204,0.000245800,true,1,9,755
B,ETHEREAL_SCAPE,205,0.000239500,true,1,11,793
B,ETHEREAL_SCAPE,206,0.000312000,true,2,24,798
B,ETHEREAL_SCAPE,207,0.000336700,true,2,27,851
B,ETHEREAL_SCAPE,208,0.000262900,true,1,12,900
B,ETHEREAL_SCAPE,209,0.000356100,true,2,30,913
B,ETHEREAL_SCAPE,210,0.000241500,true,1,9,826
B,ETHEREAL_SCAPE,211,0.000230200,true,1,10,778
B,ETHEREAL_SCAPE,212,0.000223500,true,1,9,732
B,ETHEREAL_SCAPE,213,0.000255900,true,1,13,930
B,ETHEREAL_SCAPE,214,0.000237200,true,1,9,784
B,ETHEREAL_SCAPE,215,0.000215800,true,1,10,765
B,ETHEREAL_SCAPE,216,0.000240900,true,1,12,814
B,ETHEREAL_SCAPE,217,0.000227400,true,1,9,776
B,ETHEREAL_SCAPE,218,0.000339600,true,2,28,996
B,ETHEREAL_SCAPE,219,0.000237900,true,1,10,784
B,ETHEREAL_SCAPE,220,0.000234800,true,1,11,778
B,ETHEREAL_SCAPE,221,0.000249500,true,1,10,866
B,ETHEREAL_SCAPE,222,0.000228000,true,1,10,851
B,ETHEREAL_SCAPE,223,0.000247700,true,1,12,915
B,ETHEREAL_SCAPE,224,0.000349600,true,2,30,1044
B,ETHEREAL_SCAPE,225,0.000261700,true,1,12,929
B,ETHEREAL_SCAPE,226,0.000221000,true,1,10,808
B,ETHEREAL_SCAPE,227,0.000348400,true,2,41,970
B,ETHEREAL_SCAPE,228,0.000426300,true,3,45,995
B,ETHEREAL_SCAPE,229,0.000225500,true,1,9,789
B,ETHEREAL_SCAPE,230,0.000563800,true,4,94,1073
B,ETHEREAL_SCAPE,231,0.000220300,true,1,10,779
B,ETHEREAL_SCAPE,232,0.000286700,true,2,19,864
B,ETHEREAL_SCAPE,233,0.000213400,true,1,10,758
B,ETHEREAL_SCAPE,234,0.000219100,true,1,9,792
B,ETHEREAL_SCAPE,235,0.000257300,true,1,15,956
B,ETHEREAL_SCAPE,236,0.000267900,true,1,15,937
B,ETHEREAL_SCAPE,237,0.000336100,true,2,33,818
B,ETHEREAL_SCAPE,238,0.000229900,true,1,10,810
B,ETHEREAL_SCAPE,239,0.000228700,true,1,13,831
B,ETHEREAL_SCAPE,240,0.000283000,true,1,14,1076
B,ETHEREAL_SCAPE,241,0.000222900,true,1,9,811
B,ETHEREAL_SCAPE,242,0.000225900,true,1,9,817
B,ETHEREAL_SCAPE,243,0.000423100,true,3,45,984
B,ETHEREAL_SCAPE,244,0.000252100,true,1,12,814
B,ETHEREAL_SCAPE,245,0.000219300,true,1,9,755
B,ETHEREAL_SCAPE,246,0.000212400,true,1,10,754
B,ETHEREAL_SCAPE,247,0.000219000,true,1,9,826
B,ETHEREAL_SCAPE,248,0.000207700,true,1,9,680
B,ETHEREAL_SCAPE,249,0.000215500,true,1,9,776
B,ETHEREAL_SCAPE,250,0.000326300,true,2,38,848
B,ETHEREAL_SCAPE,251,0.000392200,true,2,37,825
B,ETHEREAL_SCAPE,252,0.000217400,true,1,9,747
B,ETHEREAL_SCAPE,253,0.000398700,true,2,72,987
B,ETHEREAL_SCAPE,254,0.000226400,true,1,9,823
B,ETHEREAL_SCAPE,255,0.000221100,true,1,9,825
B,ETHEREAL_SCAPE,256,0.000321000,true,2,24,868
B,ETHEREAL_SCAPE,257,0.000213600,true,1,10,687
B,ETHEREAL_SCAPE,258,0.000262700,true,1,11,952
B,ETHEREAL_SCAPE,259,0.000302300,true,2,18,827
B,ETHEREAL_SCAPE,260,0.000235000,true,1,12,815
B,ETHEREAL_SCAPE,261,0.000324100,true,2,29,830
B,ETHEREAL_SCAPE,262,0.000302900,true,2,18,958
B,ETHEREAL_SCAPE,263,0.000227000,true,1,9,805
B,ETHEREAL_SCAPE,264,0.000334400,true,2,31,959
B,ETHEREAL_SCAPE,265,0.000227000,true,1,9,818
B,ETHEREAL_SCAPE,266,0.000237200,true,1,11,837
B,ETHEREAL_SCAPE,267,0.000218200,true,1,10,777
B,ETHEREAL_SCAPE,268,0.000364300,true,2,21,960
B,ETHEREAL_SCAPE,269,0.000267600,true,1,11,861
B,ETHEREAL_SCAPE,270,0.000316400,true,2,21,805
B,ETHEREAL_SCAPE,271,0.000249800,true,1,12,819
B,ETHEREAL_SCAPE,272,0.000236600,true,1,9,755
B,ETHEREAL_SCAPE,273,0.000276000,true,1,12,827
B,ETHEREAL_SCAPE,274,0.000228700,true,1,10,681
B,ETHEREAL_SCAPE,275,0.000211900,true,1,10,672
B,ETHEREAL_SCAPE,276,0.000250500,true,1,11,767
B,ETHEREAL_SCAPE,277,0.000459400,true,3,48,911
B,ETHEREAL_SCAPE,278,0.000255100,true,1,9,812
B,ETHEREAL_SCAPE,279,0.000246100,true,1,9,911
B,ETHEREAL_SCAPE,280,0.000257400,true,1,12,950
B,ETHEREAL_SCAPE,281,0.000549500,true,2,45,1013
B,ETHEREAL_SCAPE,282,0.000969200,true,4,83,1063
B,ETHEREAL_SCAPE,283,0.000316600,true,1,12,943
B,ETHEREAL_SCAPE,284,0.000216800,true,1,9,689
B,ETHEREAL_SCAPE,285,0.000266800,true,1,12,900
B,ETHEREAL_SCAPE,286,0.000251700,true,1,9,826
B,ETHEREAL_SCAPE,287,0.000254400,true,1,9,825
B,ETHEREAL_SCAPE,288,0.000238300,true,1,10,756
B,ETHEREAL_SCAPE,289,0.000252900,true,1,13,811
B,ETHEREAL_SCAPE,290,0.000235300,true,1,9,776
B,ETHEREAL_SCAPE,291,0.000253400,true,1,9,741
B,ETHEREAL_SCAPE,292,0.000270400,true,1,10,795
B,ETHEREAL_SCAPE,293,0.000351300,true,2,25,823
B,ETHEREAL_SCAPE,294,0.000242200,true,1,10,758
B,ETHEREAL_SCAPE,295,0.000306900,true,1,9,773
B,ETHEREAL_SCAPE,296,0.000380400,true,1,11,726
B,ETHEREAL_SCAPE,297,0.000411100,true,1,11,809
B,ETHEREAL_SCAPE,298,0.000603100,true,2,48,978
B,ETHEREAL_SCAPE,299,0.000423300,true,1,10,814
B,ETHEREAL_SCAPE,300,0.000412900,true,1,9,805
B,ETHEREAL_SCAPE,301,0.000436200,true,1,14,1015
B,ETHEREAL_SCAPE,302,0.000495400,true,2,20,880
B,ETHEREAL_SCAPE,303,0.000256700,true,1,9,768
B,ETHEREAL_SCAPE,304,0.000294500,true,1,10,777
B,ETHEREAL_SCAPE,305,0.000290200,true,1,10,682
B,ETHEREAL_SCAPE,306,0.000255600,true,1,9,734
B,ETHEREAL_SCAPE,307,0.000262400,true,1,14,901
B,ETHEREAL_SCAPE,308,0.000245100,true,1,11,787
B,ETHEREAL_SCAPE,309,0.000374000,true,2,42,952
B,ETHEREAL_SCAPE,310,0.000228200,true,1,9,826
B,ETHEREAL_SCAPE,311,0.000325900,true,2,24,835
B,ETHEREAL_SCAPE,312,0.000235900,true,1,11,779
B,ETHEREAL_SCAPE,313,0.000239000,true,1,10,793
B,ETHEREAL_SCAPE,314,0.000215300,true,1,10,766
B,ETHEREAL_SCAPE,315,0.000267800,true,1,12,929
B,ETHEREAL_SCAPE,316,0.000217900,true,1,9,686
B,ETHEREAL_SCAPE,317,0.000354900,true,2,24,896
B,ETHEREAL_SCAPE,318,0.000254000,true,1,9,760
B,ETHEREAL_SCAPE,319,0.000248100,true,1,10,860
B,ETHEREAL_SCAPE,320,0.000222900,true,1,10,777
B,ETHEREAL_SCAPE,321,0.000271000,true,1,13,1028
B,ETHEREAL_SCAPE,322,0.000257300,true,1,13,798
B,ETHEREAL_SCAPE,323,0.000219500,true,1,9,757
B,ETHEREAL_SCAPE,324,0.000260400,true,1,9,894
B,ETHEREAL_SCAPE,325,0.000244500,true,1,12,866
B,ETHEREAL_SCAPE,326,0.000227400,true,1,9,768
B,ETHEREAL_SCAPE,327,0.000230700,true,1,10,770
B,ETHEREAL_SCAPE,328,0.000317000,true,2,26,834
B,ETHEREAL_SCAPE,329,0.000242400,true,1,10,865
B,ETHEREAL_SCAPE,330,0.000252500,true,1,10,740
B,ETHEREAL_SCAPE,331,0.000246000,true,1,10,685
B,ETHEREAL_SCAPE,332,0.000349100,true,2,25,864
B,ETHEREAL_SCAPE,333,0.000245400,true,1,10,836
B,ETHEREAL_SCAPE,334,0.000260600,true,1,11,828
B,ETHEREAL_SCAPE,335,0.000261700,true,1,12,814
B,ETHEREAL_SCAPE,336,0.000362800,true,2,44,844
B,ETHEREAL_SCAPE,337,0.000537200,true,3,85,1188
B,ETHEREAL_SCAPE,338,0.000232800,true,1,9,764
B,ETHEREAL_SCAPE,339,0.000216000,true,1,9,776
B,ETHEREAL_SCAPE,340,0.000230900,true,1,9,773
B,ETHEREAL_SCAPE,341,0.000250900,true,1,12,911
B,ETHEREAL_SCAPE,342,0.000448400,true,2,35,1016
B,ETHEREAL_SCAPE,343,0.000335900,true,2,29,928
B,ETHEREAL_SCAPE,344,0.000524400,true,1,12,834
B,ETHEREAL_SCAPE,345,0.000635100,true,1,14,1092
B,ETHEREAL_SCAPE,346,0.000396900,true,1,13,902
B,ETHEREAL_SCAPE,347,0.000306400,true,2,38,745
B,ETHEREAL_SCAPE,348,0.000254500,true,1,9,899
B,ETHEREAL_SCAPE,349,0.000223800,true,1,11,763
B,ETHEREAL_SCAPE,350,0.000244300,true,1,11,793
B,ETHEREAL_SCAPE,351,0.000242500,true,1,9,826
B,ETHEREAL_SCAPE,352,0.000235600,true,1,10,721
B,ETHEREAL_SCAPE,353,0.000509100,true,1,9,755
B,ETHEREAL_SCAPE,354,0.000631400,true,1,10,798
B,ETHEREAL_SCAPE,355,0.000337900,true,1,9,789
B,ETHEREAL_SCAPE,356,0.000259200,true,1,9,816
B,ETHEREAL_SCAPE,357,0.000257100,true,1,11,758
B,ETHEREAL_SCAPE,358,0.000339800,true,2,24,799
B,ETHEREAL_SCAPE,359,0.000267800,true,1,9,749
B,ETHEREAL_SCAPE,360,0.000255500,true,1,10,832
B,ETHEREAL_SCAPE,361,0.000223800,true,1,9,717
B,ETHEREAL_SCAPE,362,0.000298600,true,1,14,1074
B,ETHEREAL_SCAPE,363,0.000226900,true,1,9,776
B,ETHEREAL_SCAPE,364,0.000354200,true,2,24,830
B,ETHEREAL_SCAPE,365,0.000470900,true,3,43,878
B,ETHEREAL_SCAPE,366,0.000251400,true,1,9,755
B,ETHEREAL_SCAPE,367,0.000251900,true,1,11,768
B,ETHEREAL_SCAPE,368,0.000253100,true,1,11,823
B,ETHEREAL_SCAPE,369,0.000530400,true,1,9,911
B,ETHEREAL_SCAPE,370,0.000273400,true,1,12,1016
B,ETHEREAL_SCAPE,371,0.000213200,true,1,9,772
B,ETHEREAL_SCAPE,372,0.000242800,true,1,10,770
B,ETHEREAL_SCAPE,373,0.000239900,true,1,10,826
B,ETHEREAL_SCAPE,374,0.000368400,true,2,28,897
B,ETHEREAL_SCAPE,375,0.000278300,true,1,12,883
B,ETHEREAL_SCAPE,376,0.000253400,true,1,9,776
B,ETHEREAL_SCAPE,377,0.000427800,true,2,34,1148
B,ETHEREAL_SCAPE,378,0.000378400,true,2,42,907
B,ETHEREAL_SCAPE,379,0.000234800,true,1,9,812
B,ETHEREAL_SCAPE,380,0.000230900,true,1,11,766
B,ETHEREAL_SCAPE,381,0.000258200,true,1,11,961
B,ETHEREAL_SCAPE,382,0.000198900,true,1,10,657
B,ETHEREAL_SCAPE,383,0.000219100,true,1,10,701
B,ETHEREAL_SCAPE,384,0.000434400,true,3,33,1235
B,ETHEREAL_SCAPE,385,0.000219300,true,1,9,773
B,ETHEREAL_SCAPE,386,0.000222500,true,1,10,830
B,ETHEREAL_SCAPE,387,0.000303800,true,2,21,786
B,ETHEREAL_SCAPE,388,0.000285300,true,2,17,794
B,ETHEREAL_SCAPE,389,0.000246200,true,1,9,933
B,ETHEREAL_SCAPE,390,0.000210700,true,1,11,761
B,ETHEREAL_SCAPE,391,0.000269000,true,1,11,905
B,ETHEREAL_SCAPE,392,0.000228700,true,1,10,692
B,ETHEREAL_SCAPE,393,0.000244100,true,1,9,826
B,ETHEREAL_SCAPE,394,0.000251100,true,1,11,898
B,ETHEREAL_SCAPE,395,0.000260000,true,1,10,898
B,ETHEREAL_SCAPE,396,0.000279800,true,1,13,933
B,ETHEREAL_SCAPE,397,0.000234400,true,1,9,772
B,ETHEREAL_SCAPE,398,0.000312500,true,1,9,727
B,ETHEREAL_SCAPE,399,0.000220800,true,1,10,684
B,ETHEREAL_SCAPE,400,0.000237300,true,1,9,755
B,ETHEREAL_SCAPE,401,0.000229900,true,1,9,755
B,ETHEREAL_SCAPE,402,0.000634800,true,4,100,1042
B,ETHEREAL_SCAPE,403,0.000410500,true,3,42,912
B,ETHEREAL_SCAPE,404,0.000222400,true,1,9,765
B,ETHEREAL_SCAPE,405,0.000239000,true,1,11,838
B,ETHEREAL_SCAPE,406,0.000319500,true,2,26,875
B,ETHEREAL_SCAPE,407,0.000259500,true,1,12,897
B,ETHEREAL_SCAPE,408,0.000220200,true,1,9,791
B,ETHEREAL_SCAPE,409,0.000218900,true,1,9,755
B,ETHEREAL_SCAPE,410,0.000338200,true,2,25,883
B,ETHEREAL_SCAPE,411,0.000245800,true,1,10,756
B,ETHEREAL_SCAPE,412,0.000244600,true,1,10,829
B,ETHEREAL_SCAPE,413,0.000215100,true,1,9,732
B,ETHEREAL_SCAPE,414,0.000233000,true,1,11,770
B,ETHEREAL_SCAPE,415,0.000373000,true,2,25,872
B,ETHEREAL_SCAPE,416,0.000231200,true,1,9,755
B,ETHEREAL_SCAPE,417,0.000237300,true,1,9,782
B,ETHEREAL_SCAPE,418,0.000271300,true,1,10,770
B,ETHEREAL_SCAPE,419,0.000751400,true,3,63,1026
B,ETHEREAL_SCAPE,420,0.000396500,true,1,9,761
B,ETHEREAL_SCAPE,421,0.000378800,true,1,10,816
B,ETHEREAL_SCAPE,422,0.000492300,true,1,13,1172
B,ETHEREAL_SCAPE,423,0.000618700,true,2,47,946
B,ETHEREAL_SCAPE,424,0.000250700,true,1,9,764
B,ETHEREAL_SCAPE,425,0.000273700,true,1,12,823
B,ETHEREAL_SCAPE,426,0.000248700,true,1,10,900
B,ETHEREAL_SCAPE,427,0.000223600,true,1,10,778
B,ETHEREAL_SCAPE,428,0.000229700,true,1,9,724
B,ETHEREAL_SCAPE,429,0.000251700,true,1,11,782
B,ETHEREAL_SCAPE,430,0.000236900,true,1,9,785
B,ETHEREAL_SCAPE,431,0.000237500,true,1,9,775
B,ETHEREAL_SCAPE,432,0.000246700,true,1,10,828
B,ETHEREAL_SCAPE,433,0.000253700,true,1,10,827
B,ETHEREAL_SCAPE,434,0.000359800,true,1,16,1335
B,ETHEREAL_SCAPE,435,0.000207700,true,1,9,689
B,ETHEREAL_SCAPE,436,0.000249200,true,1,10,865
B,ETHEREAL_SCAPE,437,0.000264900,true,1,12,866
B,ETHEREAL_SCAPE,438,0.000213100,true,1,10,679
B,ETHEREAL_SCAPE,439,0.000385900,true,3,30,919
B,ETHEREAL_SCAPE,440,0.000221900,true,1,10,749
B,ETHEREAL_SCAPE,441,0.000225000,true,1,11,783
B,ETHEREAL_SCAPE,442,0.000244500,true,1,11,832
B,ETHEREAL_SCAPE,443,0.000223000,true,1,9,826
B,ETHEREAL_SCAPE,444,0.000217800,true,1,9,776
B,ETHEREAL_SCAPE,445,0.000235100,true,1,10,830
B,ETHEREAL_SCAPE,446,0.000213400,true,1,9,755
B,ETHEREAL_SCAPE,447,0.000220000,true,1,9,805
B,ETHEREAL_SCAPE,448,0.000221400,true,1,10,777
B,ETHEREAL_SCAPE,449,0.000242300,true,1,14,806
B,ETHEREAL_SCAPE,450,0.000258400,true,1,12,1002
B,ETHEREAL_SCAPE,451,0.000349100,true,2,33,910
B,ETHEREAL_SCAPE,452,0.000356100,true,2,47,909
B,ETHEREAL_SCAPE,453,0.000212800,true,1,9,776
B,ETHEREAL_SCAPE,454,0.000286500,true,1,14,1101
B,ETHEREAL_SCAPE,455,0.000364100,true,2,49,982
B,ETHEREAL_SCAPE,456,0.000215600,true,1,10,734
B,ETHEREAL_SCAPE,457,0.000218200,true,1,9,755
B,ETHEREAL_SCAPE,458,0.000375300,true,2,40,1012
B,ETHEREAL_SCAPE,459,0.000214600,true,1,9,776
B,ETHEREAL_SCAPE,460,0.000279200,true,1,12,1100
B,ETHEREAL_SCAPE,461,0.000215400,true,1,9,782
B,ETHEREAL_SCAPE,462,0.000231600,true,1,10,815
B,ETHEREAL_SCAPE,463,0.000227100,true,1,10,797
B,ETHEREAL_SCAPE,464,0.000319900,true,1,10,777
B,ETHEREAL_SCAPE,465,0.000231000,true,1,9,759
B,ETHEREAL_SCAPE,466,0.000346400,true,2,44,739
B,ETHEREAL_SCAPE,467,0.000290700,true,1,14,1118
B,ETHEREAL_SCAPE,468,0.000209600,true,1,10,673
B,ETHEREAL_SCAPE,469,0.000380900,true,2,38,1001
B,ETHEREAL_SCAPE,470,0.000231400,true,1,9,805
B,ETHEREAL_SCAPE,471,0.000229700,true,1,11,770
B,ETHEREAL_SCAPE,472,0.000245800,true,1,14,661
B,ETHEREAL_SCAPE,473,0.000409900,true,3,36,800
B,ETHEREAL_SCAPE,474,0.000237100,true,1,9,727
B,ETHEREAL_SCAPE,475,0.000273700,true,1,11,878
B,ETHEREAL_SCAPE,476,0.000253000,true,1,9,826
B,ETHEREAL_SCAPE,477,0.000246700,true,1,10,757
B,ETHEREAL_SCAPE,478,0.000232700,true,1,9,721
B,ETHEREAL_SCAPE,479,0.000230200,true,1,10,827
B,ETHEREAL_SCAPE,480,0.000375400,true,2,33,1023
B,ETHEREAL_SCAPE,481,0.000209600,true,1,9,762
B,ETHEREAL_SCAPE,482,0.000227100,true,1,10,806
B,ETHEREAL_SCAPE,483,0.000325200,true,2,24,964
B,ETHEREAL_SCAPE,484,0.000216600,true,1,9,805
B,ETHEREAL_SCAPE,485,0.000358900,true,2,21,970
B,ETHEREAL_SCAPE,486,0.000255900,true,1,11,770
B,ETHEREAL_SCAPE,487,0.000241900,true,1,11,783
B,ETHEREAL_SCAPE,488,0.000244800,true,1,9,897
B,ETHEREAL_SCAPE,489,0.000226200,true,1,9,785
B,ETHEREAL_SCAPE,490,0.000218600,true,1,9,755
B,ETHEREAL_SCAPE,491,0.000224900,true,1,9,776
B,ETHEREAL_SCAPE,492,0.000209400,true,1,9,774
B,ETHEREAL_SCAPE,493,0.000216400,true,1,9,751
B,ETHEREAL_SCAPE,494,0.000233500,true,1,11,778
B,ETHEREAL_SCAPE,495,0.000224400,true,1,9,807
B,ETHEREAL_SCAPE,496,0.000456600,true,3,68,985
B,ETHEREAL_SCAPE,497,0.000215300,true,1,10,745
B,ETHEREAL_SCAPE,498,0.000423600,true,3,57,922
B,ETHEREAL_SCAPE,499,0.000349700,true,2,24,1019
B,ETHEREAL_SCAPE,500,0.000219300,true,1,10,767
B,ETHEREAL_SCAPE,501,0.000255300,true,1,12,870
B,ETHEREAL_SCAPE,502,0.000303500,true,1,17,1097
B,ETHEREAL_SCAPE,503,0.000228100,true,1,10,815
B,ETHEREAL_SCAPE,504,0.000439000,true,3,72,915
B,ETHEREAL_SCAPE,505,0.000282500,true,1,9,775
B,ETHEREAL_SCAPE,506,0.000510200,true,3,75,1035
B,ETHEREAL_SCAPE,507,0.000236100,true,1,9,826
B,ETHEREAL_SCAPE,508,0.000226900,true,1,9,792
B,ETHEREAL_SCAPE,509,0.000258600,true,1,12,764
B,ETHEREAL_SCAPE,510,0.000242400,true,1,11,753
B,ETHEREAL_SCAPE,511,0.000228400,true,1,9,805
B,ETHEREAL_SCAPE,512,0.000318000,true,2,21,800
B,ETHEREAL_SCAPE,513,0.000235900,true,1,10,872
B,ETHEREAL_SCAPE,514,0.000400300,true,2,32,970
B,ETHEREAL_SCAPE,515,0.000262100,true,1,9,826
B,ETHEREAL_SCAPE,516,0.000291600,true,1,9,754
B,ETHEREAL_SCAPE,517,0.000430900,true,2,36,828
B,ETHEREAL_SCAPE,518,0.000246600,true,1,9,755
B,ETHEREAL_SCAPE,519,0.000579100,true,3,88,1192
B,ETHEREAL_SCAPE,520,0.000414700,true,2,19,829
B,ETHEREAL_SCAPE,521,0.000263500,true,1,10,849
B,ETHEREAL_SCAPE,522,0.000252700,true,1,10,764
B,ETHEREAL_SCAPE,523,0.000247500,true,1,10,683
B,ETHEREAL_SCAPE,524,0.000372700,true,2,27,871
B,ETHEREAL_SCAPE,525,0.000228900,true,1,11,758
B,ETHEREAL_SCAPE,526,0.000223600,true,1,10,808
B,ETHEREAL_SCAPE,527,0.000237600,true,1,11,760
B,ETHEREAL_SCAPE,528,0.000238700,true,1,10,827
B,ETHEREAL_SCAPE,529,0.000230500,true,1,9,805
B,ETHEREAL_SCAPE,530,0.000226200,true,1,10,777
B,ETHEREAL_SCAPE,531,0.000225900,true,1,9,755
B,ETHEREAL_SCAPE,532,0.000237000,true,1,10,817
B,ETHEREAL_SCAPE,533,0.000218900,true,1,9,741
B,ETHEREAL_SCAPE,534,0.000269300,true,1,13,945
B,ETHEREAL_SCAPE,535,0.000242500,true,1,10,778
B,ETHEREAL_SCAPE,536,0.000394500,true,2,31,924
B,ETHEREAL_SCAPE,537,0.000213300,true,1,9,775
B,ETHEREAL_SCAPE,538,0.000223100,true,1,9,755
B,ETHEREAL_SCAPE,539,0.000257000,true,1,11,757
B,ETHEREAL_SCAPE,540,0.000241600,true,1,10,765
B,ETHEREAL_SCAPE,541,0.000329400,true,2,24,785
B,ETHEREAL_SCAPE,542,0.000341700,true,1,9,735
B,ETHEREAL_SCAPE,543,0.000604900,true,2,29,894
B,ETHEREAL_SCAPE,544,0.000411000,true,1,12,929
B,ETHEREAL_SCAPE,545,0.000321600,true,1,9,717
B,ETHEREAL_SCAPE,546,0.000353800,true,1,9,766
B,ETHEREAL_SCAPE,547,0.000389800,true,1,14,783
B,ETHEREAL_SCAPE,548,0.000664000,true,4,55,956
B,ETHEREAL_SCAPE,549,0.000287400,true,1,12,812
B,ETHEREAL_SCAPE,550,0.000233700,true,1,10,755
B,ETHEREAL_SCAPE,551,0.000231100,true,1,9,755
B,ETHEREAL_SCAPE,552,0.000246300,true,1,9,826
B,ETHEREAL_SCAPE,553,0.000246500,true,1,9,911
B,ETHEREAL_SCAPE,554,0.000244600,true,1,9,818
B,ETHEREAL_SCAPE,555,0.000406000,true,2,31,903
B,ETHEREAL_SCAPE,556,0.000252600,true,1,9,826
B,ETHEREAL_SCAPE,557,0.000216800,true,1,9,749
B,ETHEREAL_SCAPE,558,0.000338000,true,2,25,888
B,ETHEREAL_SCAPE,559,0.000342000,true,2,47,850
B,ETHEREAL_SCAPE,560,0.000257900,true,1,13,907
B,ETHEREAL_SCAPE,561,0.000380700,true,2,46,1069
B,ETHEREAL_SCAPE,562,0.000245400,true,1,14,772
B,ETHEREAL_SCAPE,563,0.000311100,true,2,25,808
B,ETHEREAL_SCAPE,564,0.000576200,true,4,84,1188
B,ETHEREAL_SCAPE,565,0.000338800,true,2,43,840
B,ETHEREAL_SCAPE,566,0.000222400,true,1,10,808
B,ETHEREAL_SCAPE,567,0.000300900,true,1,14,1044
B,ETHEREAL_SCAPE,568,0.000235400,true,1,9,684
B,ETHEREAL_SCAPE,569,0.000227600,true,1,9,773
B,ETHEREAL_SCAPE,570,0.000238400,true,1,10,827
B,ETHEREAL_SCAPE,571,0.000218600,true,1,10,682
B,ETHEREAL_SCAPE,572,0.000495200,true,3,69,1103
B,ETHEREAL_SCAPE,573,0.000232900,true,1,10,769
B,ETHEREAL_SCAPE,574,0.000305000,true,2,24,849
B,ETHEREAL_SCAPE,575,0.000230900,true,1,10,757
B,ETHEREAL_SCAPE,576,0.000226200,true,1,9,760
B,ETHEREAL_SCAPE,577,0.000247000,true,1,14,786
B,ETHEREAL_SCAPE,578,0.000238600,true,1,12,813
B,ETHEREAL_SCAPE,579,0.000232500,true,1,11,760
B,ETHEREAL_SCAPE,580,0.000214100,true,1,9,762
B,ETHEREAL_SCAPE,581,0.000225900,true,1,9,776
B,ETHEREAL_SCAPE,582,0.000457300,true,3,48,968
B,ETHEREAL_SCAPE,583,0.000418700,true,2,57,1077
B,ETHEREAL_SCAPE,584,0.000226300,true,1,9,760
B,ETHEREAL_SCAPE,585,0.000226400,true,1,10,763
B,ETHEREAL_SCAPE,586,0.000229200,true,1,10,827
B,ETHEREAL_SCAPE,587,0.000231700,true,1,11,809
B,ETHEREAL_SCAPE,588,0.000310100,true,1,11,716
B,ETHEREAL_SCAPE,589,0.000285700,true,2,16,754
B,ETHEREAL_SCAPE,590,0.000242100,true,1,11,841
B,ETHEREAL_SCAPE,591,0.000266200,true,1,12,866
B,ETHEREAL_SCAPE,592,0.000340000,true,2,19,854
B,ETHEREAL_SCAPE,593,0.000314200,true,1,10,752
B,ETHEREAL_SCAPE,594,0.000266600,true,1,9,911
B,ETHEREAL_SCAPE,595,0.000453500,true,3,64,865
B,ETHEREAL_SCAPE,596,0.000234900,true,1,11,781
B,ETHEREAL_SCAPE,597,0.000256100,true,1,13,903
B,ETHEREAL_SCAPE,598,0.000281400,true,1,9,948
B,ETHEREAL_SCAPE,599,0.000225500,true,1,9,659
B,ETHEREAL_SCAPE,600,0.000270800,true,1,13,834
B,ETHEREAL_SCAPE,601,0.000234200,true,1,10,777
B,ETHEREAL_SCAPE,602,0.000315400,true,2,39,800
B,ETHEREAL_SCAPE,603,0.000446900,true,2,50,1161
B,ETHEREAL_SCAPE,604,0.000473400,true,3,39,903
B,ETHEREAL_SCAPE,605,0.000233200,true,1,10,820
B,ETHEREAL_SCAPE,606,0.000275500,true,1,12,1020
B,ETHEREAL_SCAPE,607,0.000229400,true,1,10,757
B,ETHEREAL_SCAPE,608,0.000283100,true,1,15,1005
B,ETHEREAL_SCAPE,609,0.000227100,true,1,9,776
B,ETHEREAL_SCAPE,610,0.000255800,true,1,13,949
B,ETHEREAL_SCAPE,611,0.000217200,true,1,9,718
B,ETHEREAL_SCAPE,612,0.000219400,true,1,10,759
B,ETHEREAL_SCAPE,613,0.000307000,true,2,38,947
B,ETHEREAL_SCAPE,614,0.000619100,true,5,90,1130
B,ETHEREAL_SCAPE,615,0.000274400,true,1,12,1068
B,ETHEREAL_SCAPE,616,0.000220700,true,1,10,756
B,ETHEREAL_SCAPE,617,0.000231700,true,1,9,782
B,ETHEREAL_SCAPE,618,0.000219700,true,1,9,809
B,ETHEREAL_SCAPE,619,0.000257700,true,1,12,1002
B,ETHEREAL_SCAPE,620,0.000710000,true,3,41,971
B,ETHEREAL_SCAPE,621,0.000439900,true,1,14,1067
B,ETHEREAL_SCAPE,622,0.000236300,true,1,9,776
B,ETHEREAL_SCAPE,623,0.000250400,true,1,12,832
B,ETHEREAL_SCAPE,624,0.000350000,true,2,40,891
B,ETHEREAL_SCAPE,625,0.000217800,true,1,9,760
B,ETHEREAL_SCAPE,626,0.000220100,true,1,9,707
B,ETHEREAL_SCAPE,627,0.000240500,true,1,9,805
B,ETHEREAL_SCAPE,628,0.000235500,true,1,9,776
B,ETHEREAL_SCAPE,629,0.000230600,true,1,9,826
B,ETHEREAL_SCAPE,630,0.000239100,true,1,9,747
B,ETHEREAL_SCAPE,631,0.000289200,true,1,10,821
B,ETHEREAL_SCAPE,632,0.000265300,true,1,9,776
B,ETHEREAL_SCAPE,633,0.000244300,true,1,9,734
B,ETHEREAL_SCAPE,634,0.000282200,true,1,11,838
B,ETHEREAL_SCAPE,635,0.000253100,true,1,10,806
B,ETHEREAL_SCAPE,636,0.000528200,true,1,13,954
B,ETHEREAL_SCAPE,637,0.000472200,true,1,10,776
B,ETHEREAL_SCAPE,638,0.000361500,true,1,14,977
B,ETHEREAL_SCAPE,639,0.000254800,true,1,10,776
B,ETHEREAL_SCAPE,640,0.000289500,true,1,12,1004
B,ETHEREAL_SCAPE,641,0.000275600,true,1,13,743
B,ETHEREAL_SCAPE,642,0.000615000,true,4,78,1253
B,ETHEREAL_SCAPE,643,0.000246200,true,1,9,911
B,ETHEREAL_SCAPE,644,0.000237000,true,1,9,826
B,ETHEREAL_SCAPE,645,0.000230000,true,1,9,766
B,ETHEREAL_SCAPE,646,0.000247700,true,1,10,912
B,ETHEREAL_SCAPE,647,0.000383200,true,2,27,940
B,ETHEREAL_SCAPE,648,0.000265200,true,1,12,943
B,ETHEREAL_SCAPE,649,0.000220200,true,1,10,733
B,ETHEREAL_SCAPE,650,0.000230700,true,1,9,765
B,ETHEREAL_SCAPE,651,0.000470000,true,2,53,1114
B,ETHEREAL_SCAPE,652,0.000221600,true,1,9,672
B,ETHEREAL_SCAPE,653,0.000336700,true,1,10,820
B,ETHEREAL_SCAPE,654,0.000343800,true,1,11,829
B,ETHEREAL_SCAPE,655,0.000275100,true,1,9,760
B,ETHEREAL_SCAPE,656,0.000350700,true,2,38,820
B,ETHEREAL_SCAPE,657,0.000239800,true,1,9,826
B,ETHEREAL_SCAPE,658,0.000319700,true,1,11,770
B,ETHEREAL_SCAPE,659,0.000345900,true,1,9,773
B,ETHEREAL_SCAPE,660,0.000411300,true,1,11,855
B,ETHEREAL_SCAPE,661,0.000339900,true,1,11,782
B,ETHEREAL_SCAPE,662,0.000343400,true,1,10,748
B,ETHEREAL_SCAPE,663,0.000338600,true,1,9,772
B,ETHEREAL_SCAPE,664,0.000522600,true,2,29,955
B,ETHEREAL_SCAPE,665,0.000251500,true,1,10,768
B,ETHEREAL_SCAPE,666,0.000681700,true,2,26,995
B,ETHEREAL_SCAPE,667,0.000835000,true,4,81,1226
B,ETHEREAL_SCAPE,668,0.000232900,true,1,9,739
B,ETHEREAL_SCAPE,669,0.000241700,true,1,10,756
B,ETHEREAL_SCAPE,670,0.000376300,true,2,40,886
B,ETHEREAL_SCAPE,671,0.000241300,true,1,12,768
B,ETHEREAL_SCAPE,672,0.000229100,true,1,9,755
B,ETHEREAL_SCAPE,673,0.000557400,true,2,39,875
B,ETHEREAL_SCAPE,674,0.000934400,true,1,9,826
B,ETHEREAL_SCAPE,675,0.000466100,true,1,9,755
B,ETHEREAL_SCAPE,676,0.000457100,true,2,28,881
B,ETHEREAL_SCAPE,677,0.000274400,true,1,10,827
B,ETHEREAL_SCAPE,678,0.000493600,true,1,10,779
B,ETHEREAL_SCAPE,679,0.000556400,true,3,35,1022
B,ETHEREAL_SCAPE,680,0.000342800,true,2,23,850
B,ETHEREAL_SCAPE,681,0.000336200,true,2,28,812
B,ETHEREAL_SCAPE,682,0.000224700,true,1,9,776
B,ETHEREAL_SCAPE,683,0.000254200,true,1,12,900
B,ETHEREAL_SCAPE,684,0.000398700,true,2,49,1118
B,ETHEREAL_SCAPE,685,0.000323600,true,1,12,983
B,ETHEREAL_SCAPE,686,0.000389000,true,2,49,904
B,ETHEREAL_SCAPE,687,0.000226900,true,1,10,830
B,ETHEREAL_SCAPE,688,0.000249400,true,1,9,911
B,ETHEREAL_SCAPE,689,0.000352400,true,2,25,878
B,ETHEREAL_SCAPE,690,0.000225000,true,1,9,755
B,ETHEREAL_SCAPE,691,0.000236200,true,1,9,747
B,ETHEREAL_SCAPE,692,0.000268200,true,1,10,797
B,ETHEREAL_SCAPE,693,0.000315300,true,1,9,895
B,ETHEREAL_SCAPE,694,0.000389400,true,2,47,863
B,ETHEREAL_SCAPE,695,0.000351700,true,2,24,1053
B,ETHEREAL_SCAPE,696,0.000294900,true,1,12,934
B,ETHEREAL_SCAPE,697,0.000348200,true,2,33,937
B,ETHEREAL_SCAPE,698,0.000330100,true,1,10,828
B,ETHEREAL_SCAPE,699,0.000256000,true,1,11,780
B,ETHEREAL_SCAPE,700,0.000258300,true,1,14,870
B,ETHEREAL_SCAPE,701,0.000252600,true,1,10,829
B,ETHEREAL_SCAPE,702,0.000219100,true,1,9,751
B,ETHEREAL_SCAPE,703,0.000203300,true,1,9,680
B,ETHEREAL_SCAPE,704,0.000243200,true,1,10,841
B,ETHEREAL_SCAPE,705,0.000230200,true,1,9,826
B,ETHEREAL_SCAPE,706,0.000247700,true,1,10,770
B,ETHEREAL_SCAPE,707,0.000271600,true,1,13,910
B,ETHEREAL_SCAPE,708,0.000252100,true,1,10,758
B,ETHEREAL_SCAPE,709,0.000349200,true,2,28,791
B,ETHEREAL_SCAPE,710,0.000232900,true,1,9,776
B,ETHEREAL_SCAPE,711,0.000675100,true,5,106,1158
B,ETHEREAL_SCAPE,712,0.000253000,true,1,10,872
B,ETHEREAL_SCAPE,713,0.000245700,true,1,9,805
B,ETHEREAL_SCAPE,714,0.000306100,true,1,15,994
B,ETHEREAL_SCAPE,715,0.000325700,true,2,24,848
B,ETHEREAL_SCAPE,716,0.000226800,true,1,9,755
B,ETHEREAL_SCAPE,717,0.000227000,true,1,10,726
B,ETHEREAL_SCAPE,718,0.000335300,true,2,22,1030
B,ETHEREAL_SCAPE,719,0.000264000,true,1,9,755
B,ETHEREAL_SCAPE,720,0.000239900,true,1,10,860
B,ETHEREAL_SCAPE,721,0.000216100,true,1,9,805
B,ETHEREAL_SCAPE,722,0.000237400,true,1,10,806
B,ETHEREAL_SCAPE,723,0.000221800,true,1,9,807
B,ETHEREAL_SCAPE,724,0.000281200,true,1,16,1024
B,ETHEREAL_SCAPE,725,0.000217300,true,1,9,826
B,ETHEREAL_SCAPE,726,0.000353400,true,2,45,974
B,ETHEREAL_SCAPE,727,0.000316800,true,2,23,899
B,ETHEREAL_SCAPE,728,0.000288800,true,2,16,831
B,ETHEREAL_SCAPE,729,0.000231000,true,1,9,774
B,ETHEREAL_SCAPE,730,0.000228900,true,1,11,827
B,ETHEREAL_SCAPE,731,0.000222600,true,1,9,772
B,ETHEREAL_SCAPE,732,0.000221000,true,1,11,768
B,ETHEREAL_SCAPE,733,0.000228800,true,1,9,776
B,ETHEREAL_SCAPE,734,0.000248000,true,1,9,895
B,ETHEREAL_SCAPE,735,0.000207100,true,1,9,751
B,ETHEREAL_SCAPE,736,0.000217500,true,1,9,755
B,ETHEREAL_SCAPE,737,0.000233800,true,1,11,759
B,ETHEREAL_SCAPE,738,0.000205800,true,1,10,735
B,ETHEREAL_SCAPE,739,0.000232600,true,1,10,829
B,ETHEREAL_SCAPE,740,0.000225000,true,1,9,818
B,ETHEREAL_SCAPE,741,0.000465700,true,2,42,846
B,ETHEREAL_SCAPE,742,0.000292200,true,2,23,800
B,ETHEREAL_SCAPE,743,0.000289000,true,1,12,932
B,ETHEREAL_SCAPE,744,0.000222100,true,1,9,818
B,ETHEREAL_SCAPE,745,0.000226800,true,1,10,773
B,ETHEREAL_SCAPE,746,0.000268300,true,1,15,810
B,ETHEREAL_SCAPE,747,0.000223800,true,1,9,734
B,ETHEREAL_SCAPE,748,0.000230000,true,1,9,740
B,ETHEREAL_SCAPE,749,0.000469700,true,1,9,792
B,ETHEREAL_SCAPE,750,0.000293000,true,1,10,695
B,ETHEREAL_SCAPE,751,0.000275100,true,1,10,778
B,ETHEREAL_SCAPE,752,0.000460300,true,2,44,860
B,ETHEREAL_SCAPE,753,0.000240300,true,1,10,793
B,ETHEREAL_SCAPE,754,0.000260800,true,1,9,825
B,ETHEREAL_SCAPE,755,0.000344400,true,2,21,848
B,ETHEREAL_SCAPE,756,0.000300500,true,1,12,929
B,ETHEREAL_SCAPE,757,0.000223100,true,1,9,812
B,ETHEREAL_SCAPE,758,0.000271000,true,1,11,960
B,ETHEREAL_SCAPE,759,0.000212100,true,1,9,751
B,ETHEREAL_SCAPE,760,0.000241500,true,1,11,807
B,ETHEREAL_SCAPE,761,0.000253500,true,1,9,812
B,ETHEREAL_SCAPE,762,0.000282000,true,1,12,1019
B,ETHEREAL_SCAPE,763,0.000245400,true,1,11,845
B,ETHEREAL_SCAPE,764,0.000225200,true,1,9,766
B,ETHEREAL_SCAPE,765,0.000228000,true,1,11,782
B,ETHEREAL_SCAPE,766,0.000226400,true,1,9,814
B,ETHEREAL_SCAPE,767,0.000242100,true,1,9,747
B,ETHEREAL_SCAPE,768,0.000257200,true,1,11,770
B,ETHEREAL_SCAPE,769,0.000228900,true,1,10,779
B,ETHEREAL_SCAPE,770,0.000255600,true,1,11,923
B,ETHEREAL_SCAPE,771,0.000341800,true,2,27,868
B,ETHEREAL_SCAPE,772,0.000230800,true,1,9,751
B,ETHEREAL_SCAPE,773,0.000698200,true,4,85,1348
B,ETHEREAL_SCAPE,774,0.000346800,true,1,9,766
B,ETHEREAL_SCAPE,775,0.000413000,true,1,10,819
B,ETHEREAL_SCAPE,776,0.000780300,true,4,54,979
B,ETHEREAL_SCAPE,777,0.000378300,true,1,9,789
B,ETHEREAL_SCAPE,778,0.000384600,true,1,12,760
B,ETHEREAL_SCAPE,779,0.000592900,true,3,63,1156
B,ETHEREAL_SCAPE,780,0.000271500,true,1,10,798
B,ETHEREAL_SCAPE,781,0.000239600,true,1,9,812
B,ETHEREAL_SCAPE,782,0.000244200,true,1,9,849
B,ETHEREAL_SCAPE,783,0.000249700,true,1,14,747
B,ETHEREAL_SCAPE,784,0.000221000,true,1,9,755
B,ETHEREAL_SCAPE,785,0.000314900,true,2,28,780
B,ETHEREAL_SCAPE,786,0.000335400,true,2,30,896
B,ETHEREAL_SCAPE,787,0.000212100,true,1,9,775
B,ETHEREAL_SCAPE,788,0.000231300,true,1,10,798
B,ETHEREAL_SCAPE,789,0.000265200,true,1,13,898
B,ETHEREAL_SCAPE,790,0.000244700,true,1,10,860
B,ETHEREAL_SCAPE,791,0.000245900,true,1,13,747
B,ETHEREAL_SCAPE,792,0.000225400,true,1,11,773
B,ETHEREAL_SCAPE,793,0.000331100,true,2,47,771
B,ETHEREAL_SCAPE,794,0.000226500,true,1,9,788
B,ETHEREAL_SCAPE,795,0.000314700,true,1,15,1188
B,ETHEREAL_SCAPE,796,0.000260500,true,1,14,885
B,ETHEREAL_SCAPE,797,0.000217300,true,1,9,776
B,ETHEREAL_SCAPE,798,0.000256800,true,1,13,941
B,ETHEREAL_SCAPE,799,0.000226300,true,1,9,826
B,ETHEREAL_SCAPE,800,0.000242400,true,1,12,942
B,ETHEREAL_SCAPE,801,0.000223000,true,1,10,776
B,ETHEREAL_SCAPE,802,0.000253800,true,1,10,772
B,ETHEREAL_SCAPE,803,0.000212700,true,1,9,775
B,ETHEREAL_SCAPE,804,0.000325500,true,2,22,814
B,ETHEREAL_SCAPE,805,0.000227400,true,1,9,818
B,ETHEREAL_SCAPE,806,0.000373400,true,2,30,947
B,ETHEREAL_SCAPE,807,0.000312500,true,2,23,795
B,ETHEREAL_SCAPE,808,0.000223200,true,1,10,765
B,ETHEREAL_SCAPE,809,0.000445900,true,3,43,923
B,ETHEREAL_SCAPE,810,0.000225900,true,1,9,807
B,ETHEREAL_SCAPE,811,0.000225400,true,1,9,793
B,ETHEREAL_SCAPE,812,0.000461400,true,3,59,1061
B,ETHEREAL_SCAPE,813,0.000235600,true,1,12,792
B,ETHEREAL_SCAPE,814,0.000241700,true,1,10,767
B,ETHEREAL_SCAPE,815,0.000234900,true,1,10,795
B,ETHEREAL_SCAPE,816,0.000289700,true,2,15,763
B,ETHEREAL_SCAPE,817,0.000228600,true,1,9,826
B,ETHEREAL_SCAPE,818,0.000261100,true,1,12,921
B,ETHEREAL_SCAPE,819,0.000226400,true,1,10,797
B,ETHEREAL_SCAPE,820,0.000251500,true,1,12,932
B,ETHEREAL_SCAPE,821,0.000235500,true,1,11,828
B,ETHEREAL_SCAPE,822,0.000328100,true,1,9,826
B,ETHEREAL_SCAPE,823,0.000229500,true,1,11,768
B,ETHEREAL_SCAPE,824,0.000226200,true,1,10,809
B,ETHEREAL_SCAPE,825,0.000294400,true,2,22,850
B,ETHEREAL_SCAPE,826,0.000238600,true,1,10,758
B,ETHEREAL_SCAPE,827,0.000227600,true,1,9,830
B,ETHEREAL_SCAPE,828,0.000237100,true,1,11,692
B,ETHEREAL_SCAPE,829,0.000267500,true,1,15,933
B,ETHEREAL_SCAPE,830,0.000215500,true,1,9,764
B,ETHEREAL_SCAPE,831,0.000276200,true,1,13,976
B,ETHEREAL_SCAPE,832,0.000210000,true,1,9,730
B,ETHEREAL_SCAPE,833,0.000269000,true,1,17,954
B,ETHEREAL_SCAPE,834,0.000218100,true,1,9,812
B,ETHEREAL_SCAPE,835,0.000343300,true,2,31,907
B,ETHEREAL_SCAPE,836,0.000241900,true,1,11,829
B,ETHEREAL_SCAPE,837,0.000254200,true,1,13,882
B,ETHEREAL_SCAPE,838,0.000219300,true,1,9,715
B,ETHEREAL_SCAPE,839,0.000264800,true,1,14,977
B,ETHEREAL_SCAPE,840,0.000234000,true,1,11,779
B,ETHEREAL_SCAPE,841,0.000556300,true,4,80,1080
B,ETHEREAL_SCAPE,842,0.000215000,true,1,9,772
B,ETHEREAL_SCAPE,843,0.000214200,true,1,9,747
B,ETHEREAL_SCAPE,844,0.000235100,true,1,10,806
B,ETHEREAL_SCAPE,845,0.000228600,true,1,10,828
B,ETHEREAL_SCAPE,846,0.000207100,true,1,9,762
B,ETHEREAL_SCAPE,847,0.000215000,true,1,9,776
B,ETHEREAL_SCAPE,848,0.000291900,true,2,39,800
B,ETHEREAL_SCAPE,849,0.000209500,true,1,9,740
B,ETHEREAL_SCAPE,850,0.000417800,true,2,46,983
B,ETHEREAL_SCAPE,851,0.000204900,true,1,10,647
B,ETHEREAL_SCAPE,852,0.000217100,true,1,10,773
B,ETHEREAL_SCAPE,853,0.000293900,true,2,16,843
B,ETHEREAL_SCAPE,854,0.000237800,true,1,11,802
B,ETHEREAL_SCAPE,855,0.000321400,true,2,18,1005
B,ETHEREAL_SCAPE,856,0.000237800,true,1,11,814
B,ETHEREAL_SCAPE,857,0.000438700,true,2,53,1263
B,ETHEREAL_SCAPE,858,0.000229800,true,1,9,818
B,ETHEREAL_SCAPE,859,0.000301400,true,1,16,1122
B,ETHEREAL_SCAPE,860,0.000336300,true,2,19,792
B,ETHEREAL_SCAPE,861,0.000207600,true,1,10,757
B,ETHEREAL_SCAPE,862,0.000264700,true,1,15,955
B,ETHEREAL_SCAPE,863,0.000235600,true,1,10,808
B,ETHEREAL_SCAPE,864,0.000213500,true,1,9,773
B,ETHEREAL_SCAPE,865,0.000329700,true,2,28,909
B,ETHEREAL_SCAPE,866,0.000686800,true,5,85,1304
B,ETHEREAL_SCAPE,867,0.000347700,true,1,10,827
B,ETHEREAL_SCAPE,868,0.000410900,true,2,43,861
B,ETHEREAL_SCAPE,869,0.000220000,true,1,9,734
B,ETHEREAL_SCAPE,870,0.000263500,true,1,12,776
B,ETHEREAL_SCAPE,871,0.000250600,true,1,9,826
B,ETHEREAL_SCAPE,872,0.000318400,true,1,9,796
B,ETHEREAL_SCAPE,873,0.000235400,true,1,9,760
B,ETHEREAL_SCAPE,874,0.000281900,true,1,12,810
B,ETHEREAL_SCAPE,875,0.000256700,true,1,10,793
B,ETHEREAL_SCAPE,876,0.000257700,true,1,10,776
B,ETHEREAL_SCAPE,877,0.000216300,true,1,9,747
B,ETHEREAL_SCAPE,878,0.000224500,true,1,10,776
B,ETHEREAL_SCAPE,879,0.000295500,true,2,17,842
B,ETHEREAL_SCAPE,880,0.000328900,true,1,14,1225
B,ETHEREAL_SCAPE,881,0.000397500,true,2,55,1021
B,ETHEREAL_SCAPE,882,0.000251800,true,1,10,813
B,ETHEREAL_SCAPE,883,0.000208800,true,1,9,692
B,ETHEREAL_SCAPE,884,0.000215000,true,1,9,826
B,ETHEREAL_SCAPE,885,0.000217600,true,1,9,755
B,ETHEREAL_SCAPE,886,0.000255900,true,1,11,826
B,ETHEREAL_SCAPE,887,0.000236800,true,1,9,776
B,ETHEREAL_SCAPE,888,0.000216500,true,1,9,782
B,ETHEREAL_SCAPE,889,0.000235600,true,1,12,833
B,ETHEREAL_SCAPE,890,0.000237900,true,1,10,820
B,ETHEREAL_SCAPE,891,0.000387100,true,2,42,856
B,ETHEREAL_SCAPE,892,0.000231000,true,1,10,764
B,ETHEREAL_SCAPE,893,0.000239400,true,1,9,778
B,ETHEREAL_SCAPE,894,0.000323800,true,1,9,812
B,ETHEREAL_SCAPE,895,0.000445400,true,1,12,989
B,ETHEREAL_SCAPE,896,0.000375300,true,1,10,812
B,ETHEREAL_SCAPE,897,0.000357400,true,1,10,916
B,ETHEREAL_SCAPE,898,0.000343300,true,1,9,826
B,ETHEREAL_SCAPE,899,0.000340500,true,1,9,718
B,ETHEREAL_SCAPE,900,0.000359200,true,1,11,761
B,ETHEREAL_SCAPE,901,0.000295300,true,1,11,977
B,ETHEREAL_SCAPE,902,0.000242200,true,1,9,776
B,ETHEREAL_SCAPE,903,0.000211200,true,1,9,742
B,ETHEREAL_SCAPE,904,0.000240800,true,1,10,827
B,ETHEREAL_SCAPE,905,0.000214600,true,1,10,762
B,ETHEREAL_SCAPE,906,0.000261500,true,1,12,1004
B,ETHEREAL_SCAPE,907,0.000331300,true,2,40,801
B,ETHEREAL_SCAPE,908,0.000431800,true,3,42,1064
B,ETHEREAL_SCAPE,909,0.000209800,true,1,9,762
B,ETHEREAL_SCAPE,910,0.000519400,true,2,48,1100
B,ETHEREAL_SCAPE,911,0.000234100,true,1,10,820
B,ETHEREAL_SCAPE,912,0.000267100,true,1,13,942
B,ETHEREAL_SCAPE,913,0.000250900,true,1,12,873
B,ETHEREAL_SCAPE,914,0.000223700,true,1,9,792
B,ETHEREAL_SCAPE,915,0.000263800,true,1,14,765
B,ETHEREAL_SCAPE,916,0.000283100,true,2,15,825
B,ETHEREAL_SCAPE,917,0.000229200,true,1,9,796
B,ETHEREAL_SCAPE,918,0.000221800,true,1,9,826
B,ETHEREAL_SCAPE,919,0.000224800,true,1,10,778
B,ETHEREAL_SCAPE,920,0.000288200,true,1,12,782
B,ETHEREAL_SCAPE,921,0.000231000,true,1,9,796
B,ETHEREAL_SCAPE,922,0.000263700,true,1,14,989
B,ETHEREAL_SCAPE,923,0.000224300,true,1,10,764
B,ETHEREAL_SCAPE,924,0.000236400,true,1,10,797
B,ETHEREAL_SCAPE,925,0.000263200,true,1,13,971
B,ETHEREAL_SCAPE,926,0.000228300,true,1,10,801
B,ETHEREAL_SCAPE,927,0.000218600,true,1,10,785
B,ETHEREAL_SCAPE,928,0.000335300,true,2,27,879
B,ETHEREAL_SCAPE,929,0.000222700,true,1,10,797
B,ETHEREAL_SCAPE,930,0.000280600,true,1,9,799
B,ETHEREAL_SCAPE,931,0.000347300,true,2,23,987
B,ETHEREAL_SCAPE,932,0.000218200,true,1,9,782
B,ETHEREAL_SCAPE,933,0.000219900,true,1,9,755
B,ETHEREAL_SCAPE,934,0.000229200,true,1,10,822
B,ETHEREAL_SCAPE,935,0.000263000,true,1,13,930
B,ETHEREAL_SCAPE,936,0.000293200,true,2,15,834
B,ETHEREAL_SCAPE,937,0.000223600,true,1,10,828
B,ETHEREAL_SCAPE,938,0.000243700,true,1,12,900
B,ETHEREAL_SCAPE,939,0.000315100,true,2,25,858
B,ETHEREAL_SCAPE,940,0.000209600,true,1,9,762
B,ETHEREAL_SCAPE,941,0.000218900,true,1,9,805
B,ETHEREAL_SCAPE,942,0.000343100,true,2,31,906
B,ETHEREAL_SCAPE,943,0.000259700,true,1,14,933
B,ETHEREAL_SCAPE,944,0.000299100,true,2,18,840
B,ETHEREAL_SCAPE,945,0.000222200,true,1,10,778
B,ETHEREAL_SCAPE,946,0.000253400,true,1,10,829
B,ETHEREAL_SCAPE,947,0.000417700,true,3,37,889
B,ETHEREAL_SCAPE,948,0.000215200,true,1,9,755
B,ETHEREAL_SCAPE,949,0.000211200,true,1,9,755
B,ETHEREAL_SCAPE,950,0.000225300,true,1,10,814
B,ETHEREAL_SCAPE,951,0.000246700,true,1,10,827
B,ETHEREAL_SCAPE,952,0.000236000,true,1,9,776
B,ETHEREAL_SCAPE,953,0.000391800,true,2,42,1157
B,ETHEREAL_SCAPE,954,0.000325600,true,2,28,844
B,ETHEREAL_SCAPE,955,0.000365600,true,2,23,824
B,ETHEREAL_SCAPE,956,0.000266900,true,1,9,776
B,ETHEREAL_SCAPE,957,0.000378100,true,2,32,928
B,ETHEREAL_SCAPE,958,0.000259800,true,1,11,903
B,ETHEREAL_SCAPE,959,0.000217700,true,1,9,775
B,ETHEREAL_SCAPE,960,0.000245500,true,1,14,894
B,ETHEREAL_SCAPE,961,0.000228900,true,1,10,779
B,ETHEREAL_SCAPE,962,0.000221400,true,1,9,796
B,ETHEREAL_SCAPE,963,0.000298600,true,2,22,807
B,ETHEREAL_SCAPE,964,0.000223500,true,1,10,777
B,ETHEREAL_SCAPE,965,0.000236300,true,1,10,824
B,ETHEREAL_SCAPE,966,0.000278900,true,1,13,1067
B,ETHEREAL_SCAPE,967,0.000236200,true,1,9,758
B,ETHEREAL_SCAPE,968,0.000239300,true,1,10,808
B,ETHEREAL_SCAPE,969,0.000401200,true,2,29,1262
B,ETHEREAL_SCAPE,970,0.000314200,true,2,40,796
B,ETHEREAL_SCAPE,971,0.000223600,true,1,9,826
B,ETHEREAL_SCAPE,972,0.000266400,true,1,12,882
B,ETHEREAL_SCAPE,973,0.000246000,true,1,11,876
B,ETHEREAL_SCAPE,974,0.000270000,true,1,10,763
B,ETHEREAL_SCAPE,975,0.000236700,true,1,10,829
B,ETHEREAL_SCAPE,976,0.000226100,true,1,9,812
B,ETHEREAL_SCAPE,977,0.000206300,true,1,9,751
B,ETHEREAL_SCAPE,978,0.000210000,true,1,9,755
B,ETHEREAL_SCAPE,979,0.000629000,true,1,18,1394
B,ETHEREAL_SCAPE,980,0.000247600,true,1,10,777
B,ETHEREAL_SCAPE,981,0.000252600,true,1,13,855
B,ETHEREAL_SCAPE,982,0.000241300,true,1,9,826
B,ETHEREAL_SCAPE,983,0.000229800,true,1,11,740
B,ETHEREAL_SCAPE,984,0.000218100,true,1,9,776
B,ETHEREAL_SCAPE,985,0.000360700,true,2,27,897
B,ETHEREAL_SCAPE,986,0.000238900,true,1,9,812
B,ETHEREAL_SCAPE,987,0.000228800,true,1,9,793
B,ETHEREAL_SCAPE,988,0.000265900,true,1,11,840
B,ETHEREAL_SCAPE,989,0.000276000,true,1,11,808
B,ETHEREAL_SCAPE,990,0.000231400,true,1,9,751
B,ETHEREAL_SCAPE,991,0.000372200,true,1,9,763
B,ETHEREAL_SCAPE,992,0.000468200,true,1,10,829
B,ETHEREAL_SCAPE,993,0.000236200,true,1,9,789
B,ETHEREAL_SCAPE,994,0.000260600,true,1,9,769
B,ETHEREAL_SCAPE,995,0.000268600,true,1,9,831
B,ETHEREAL_SCAPE,996,0.000250500,true,1,10,735
B,ETHEREAL_SCAPE,997,0.000244500,true,1,9,764
B,ETHEREAL_SCAPE,998,0.000254600,true,1,14,831
B,ETHEREAL_SCAPE,999,0.000323200,true,1,9,826
B,ETHEREAL_SCAPE,1000,0.000338600,true,1,9,906
C,VERDANT_VALLEY,1,0.000125800,true,1,12,61
C,VERDANT_VALLEY,2,0.000101800,true,1,12,65
C,VERDANT_VALLEY,3,0.000090800,true,1,13,67
C,VERDANT_VALLEY,4,0.000134200,true,1,19,156
C,VERDANT_VALLEY,5,0.000215400,true,2,30,213
C,VERDANT_VALLEY,6,0.000108700,true,1,17,103
C,VERDANT_VALLEY,7,0.000118100,true,1,19,146
C,VERDANT_VALLEY,8,0.000105200,true,1,17,112
C,VERDANT_VALLEY,9,0.000265900,true,2,35,274
C,VERDANT_VALLEY,10,0.000118400,true,1,17,112
C,VERDANT_VALLEY,11,0.000136800,true,1,19,190
C,VERDANT_VALLEY,12,0.000081800,true,1,11,56
C,VERDANT_VALLEY,13,0.000103500,true,1,17,141
C,VERDANT_VALLEY,14,0.000081300,true,1,10,49
C,VERDANT_VALLEY,15,0.000236200,true,2,41,305
C,VERDANT_VALLEY,16,0.000103100,true,1,12,64
C,VERDANT_VALLEY,17,0.000119800,true,1,16,91
C,VERDANT_VALLEY,18,0.000099600,true,1,13,83
C,VERDANT_VALLEY,19,0.000130000,true,1,16,105
C,VERDANT_VALLEY,20,0.000224600,true,2,27,149
C,VERDANT_VALLEY,21,0.000230200,true,1,23,154
C,VERDANT_VALLEY,22,0.000122400,true,1,10,49
C,VERDANT_VALLEY,23,0.000205900,true,1,15,78
C,VERDANT_VALLEY,24,0.000226900,true,1,18,117
C,VERDANT_VALLEY,25,0.000229900,true,1,21,162
C,VERDANT_VALLEY,26,0.000197600,true,1,17,141
C,VERDANT_VALLEY,27,0.000157600,true,1,11,48
C,VERDANT_VALLEY,28,0.000227600,true,1,21,172
C,VERDANT_VALLEY,29,0.000186100,true,1,17,122
C,VERDANT_VALLEY,30,0.000183100,true,1,16,97
C,VERDANT_VALLEY,31,0.000180300,true,1,13,85
C,VERDANT_VALLEY,32,0.000438600,true,3,66,464
C,VERDANT_VALLEY,33,0.000105700,true,1,10,52
C,VERDANT_VALLEY,34,0.000162800,true,2,24,110
C,VERDANT_VALLEY,35,0.000082900,true,1,13,63
C,VERDANT_VALLEY,36,0.000100900,true,1,16,115
C,VERDANT_VALLEY,37,0.000100400,true,1,15,87
C,VERDANT_VALLEY,38,0.000098400,true,1,17,128
C,VERDANT_VALLEY,39,0.000083500,true,1,12,65
C,VERDANT_VALLEY,40,0.000078600,true,1,12,55
C,VERDANT_VALLEY,41,0.000107700,true,1,16,111
C,VERDANT_VALLEY,42,0.000103700,true,1,17,128
C,VERDANT_VALLEY,43,0.000121500,true,1,19,178
C,VERDANT_VALLEY,44,0.000084700,true,1,12,53
C,VERDANT_VALLEY,45,0.000083400,true,1,13,70
C,VERDANT_VALLEY,46,0.000130600,true,1,22,207
C,VERDANT_VALLEY,47,0.000081200,true,1,12,59
C,VERDANT_VALLEY,48,0.000078900,true,1,10,55
C,VERDANT_VALLEY,49,0.000119300,true,1,20,171
C,VERDANT_VALLEY,50,0.000201900,true,2,35,269
C,VERDANT_VALLEY,51,0.000087900,true,1,16,79
C,VERDANT_VALLEY,52,0.000085700,true,1,12,60
C,VERDANT_VALLEY,53,0.000116100,true,1,22,158
C,VERDANT_VALLEY,54,0.000079100,true,1,11,58
C,VERDANT_VALLEY,55,0.000093600,true,1,17,101
C,VERDANT_VALLEY,56,0.000079100,true,1,12,57
C,VERDANT_VALLEY,57,0.000075500,true,1,11,52
C,VERDANT_VALLEY,58,0.000106400,true,1,20,155
C,VERDANT_VALLEY,59,0.000085100,true,1,14,75
C,VERDANT_VALLEY,60,0.000113200,true,1,18,141
C,VERDANT_VALLEY,61,0.000089500,true,1,15,84
C,VERDANT_VALLEY,62,0.000305200,true,3,58,423
C,VERDANT_VALLEY,63,0.000088000,true,1,13,85
C,VERDANT_VALLEY,64,0.000087000,true,1,14,83
C,VERDANT_VALLEY,65,0.000091100,true,1,16,71
C,VERDANT_VALLEY,66,0.000215200,true,2,37,320
C,VERDANT_VALLEY,67,0.000104500,true,1,16,108
C,VERDANT_VALLEY,68,0.000094500,true,1,16,103
C,VERDANT_VALLEY,69,0.000084000,true,1,14,68
C,VERDANT_VALLEY,70,0.000191200,true,2,35,228
C,VERDANT_VALLEY,71,0.000098000,true,1,16,115
C,VERDANT_VALLEY,72,0.000075500,true,1,10,48
C,VERDANT_VALLEY,73,0.000118900,true,1,24,161
C,VERDANT_VALLEY,74,0.000079300,true,1,12,56
C,VERDANT_VALLEY,75,0.000094600,true,1,14,105
C,VERDANT_VALLEY,76,0.000116500,true,1,22,169
C,VERDANT_VALLEY,77,0.000082400,true,1,13,66
C,VERDANT_VALLEY,78,0.000084500,true,1,12,64
C,VERDANT_VALLEY,79,0.000104200,true,1,19,127
C,VERDANT_VALLEY,80,0.000084800,true,1,13,71
C,VERDANT_VALLEY,81,0.000082600,true,1,13,70
C,VERDANT_VALLEY,82,0.000174200,true,2,30,122
C,VERDANT_VALLEY,83,0.000087800,true,1,14,79
C,VERDANT_VALLEY,84,0.000084200,true,1,13,70
C,VERDANT_VALLEY,85,0.000192900,true,2,35,224
C,VERDANT_VALLEY,86,0.000093000,true,1,14,105
C,VERDANT_VALLEY,87,0.000107800,true,1,18,131
C,VERDANT_VALLEY,88,0.000112400,true,1,21,143
C,VERDANT_VALLEY,89,0.000077300,true,1,10,55
C,VERDANT_VALLEY,90,0.000089600,true,1,14,105
C,VERDANT_VALLEY,91,0.000091900,true,1,16,76
C,VERDANT_VALLEY,92,0.000125500,true,1,24,211
C,VERDANT_VALLEY,93,0.000095300,true,1,15,120
C,VERDANT_VALLEY,94,0.000099000,true,1,16,124
C,VERDANT_VALLEY,95,0.000218900,true,2,36,266
C,VERDANT_VALLEY,96,0.000087000,true,1,15,75
C,VERDANT_VALLEY,97,0.000200700,true,2,36,237
C,VERDANT_VALLEY,98,0.000080000,true,1,11,62
C,VERDANT_VALLEY,99,0.000167100,true,2,29,150
C,VERDANT_VALLEY,100,0.000090500,true,1,16,84
C,VERDANT_VALLEY,101,0.000085400,true,1,15,72
C,VERDANT_VALLEY,102,0.000082300,true,1,13,64
C,VERDANT_VALLEY,103,0.000200100,true,2,39,271
C,VERDANT_VALLEY,104,0.000099900,true,1,16,116
C,VERDANT_VALLEY,105,0.000239000,true,2,50,366
C,VERDANT_VALLEY,106,0.000110800,true,1,18,108
C,VERDANT_VALLEY,107,0.000087400,true,1,12,61
C,VERDANT_VALLEY,108,0.000088700,true,1,15,69
C,VERDANT_VALLEY,109,0.000202300,true,2,40,234
C,VERDANT_VALLEY,110,0.000092800,true,1,15,96
C,VERDANT_VALLEY,111,0.000080200,true,1,12,53
C,VERDANT_VALLEY,112,0.000889300,true,1,14,97
C,VERDANT_VALLEY,113,0.001243600,true,2,40,252
C,VERDANT_VALLEY,114,0.000238800,true,1,12,52
C,VERDANT_VALLEY,115,0.000238600,true,1,15,97
C,VERDANT_VALLEY,116,0.000264600,true,1,19,178
C,VERDANT_VALLEY,117,0.000243800,true,1,16,115
C,VERDANT_VALLEY,118,0.000223200,true,1,15,120
C,VERDANT_VALLEY,119,0.000429800,true,1,14,71
C,VERDANT_VALLEY,120,0.000120800,true,1,12,61
C,VERDANT_VALLEY,121,0.000209200,true,1,12,64
C,VERDANT_VALLEY,122,0.000277100,true,2,22,99
C,VERDANT_VALLEY,123,0.000113000,true,1,18,103
C,VERDANT_VALLEY,124,0.000164000,true,1,21,196
C,VERDANT_VALLEY,125,0.000273200,true,2,38,250
C,VERDANT_VALLEY,126,0.000151000,true,1,21,102
C,VERDANT_VALLEY,127,0.000102000,true,1,14,85
C,VERDANT_VALLEY,128,0.000289800,true,3,40,227
C,VERDANT_VALLEY,129,0.000083600,true,1,11,53
C,VERDANT_VALLEY,130,0.000087900,true,1,11,58
C,VERDANT_VALLEY,131,0.000125000,true,1,20,172
C,VERDANT_VALLEY,132,0.000088300,true,1,10,48
C,VERDANT_VALLEY,133,0.000091000,true,1,15,76
C,VERDANT_VALLEY,134,0.000099300,true,1,13,61
C,VERDANT_VALLEY,135,0.000204800,true,2,33,213
C,VERDANT_VALLEY,136,0.000110100,true,1,14,86
C,VERDANT_VALLEY,137,0.000100900,true,1,14,82
C,VERDANT_VALLEY,138,0.000088200,true,1,12,64
C,VERDANT_VALLEY,139,0.000118700,true,1,17,153
C,VERDANT_VALLEY,140,0.000124300,true,1,19,190
C,VERDANT_VALLEY,141,0.000199200,true,2,31,153
C,VERDANT_VALLEY,142,0.000102900,true,1,14,90
C,VERDANT_VALLEY,143,0.000094900,true,1,16,81
C,VERDANT_VALLEY,144,0.000102200,true,1,15,98
C,VERDANT_VALLEY,145,0.000194300,true,2,27,148
C,VERDANT_VALLEY,146,0.000094100,true,1,12,51
C,VERDANT_VALLEY,147,0.000089800,true,1,13,62
C,VERDANT_VALLEY,148,0.000091200,true,1,11,57
C,VERDANT_VALLEY,149,0.000121100,true,1,12,58
C,VERDANT_VALLEY,150,0.000114300,true,1,16,109
C,VERDANT_VALLEY,151,0.000094900,true,1,12,66
C,VERDANT_VALLEY,152,0.000081200,true,1,11,56
C,VERDANT_VALLEY,153,0.000096400,true,1,16,101
C,VERDANT_VALLEY,154,0.000087600,true,1,13,67
C,VERDANT_VALLEY,155,0.000096900,true,1,16,107
C,VERDANT_VALLEY,156,0.000104100,true,1,18,99
C,VERDANT_VALLEY,157,0.000096400,true,1,14,95
C,VERDANT_VALLEY,158,0.000193400,true,2,35,212
C,VERDANT_VALLEY,159,0.000085800,true,1,13,65
C,VERDANT_VALLEY,160,0.000087500,true,1,14,73
C,VERDANT_VALLEY,161,0.000081400,true,1,11,62
C,VERDANT_VALLEY,162,0.000092300,true,1,15,104
C,VERDANT_VALLEY,163,0.000245700,true,2,40,308
C,VERDANT_VALLEY,164,0.000115700,true,1,21,125
C,VERDANT_VALLEY,165,0.000085400,true,1,11,61
C,VERDANT_VALLEY,166,0.000099800,true,1,15,90
C,VERDANT_VALLEY,167,0.000189400,true,1,15,81
C,VERDANT_VALLEY,168,0.000124500,true,1,11,57
C,VERDANT_VALLEY,169,0.000137800,true,1,26,215
C,VERDANT_VALLEY,170,0.000202200,true,2,33,205
C,VERDANT_VALLEY,171,0.000240700,true,2,38,264
C,VERDANT_VALLEY,172,0.000107900,true,1,15,91
C,VERDANT_VALLEY,173,0.000094600,true,1,15,90
C,VERDANT_VALLEY,174,0.000103800,true,1,15,97
C,VERDANT_VALLEY,175,0.000088400,true,1,12,78
C,VERDANT_VALLEY,176,0.000082800,true,1,10,52
C,VERDANT_VALLEY,177,0.000112300,true,1,18,97
C,VERDANT_VALLEY,178,0.000103200,true,1,12,78
C,VERDANT_VALLEY,179,0.000201500,true,1,17,100
C,VERDANT_VALLEY,180,0.000248700,true,2,37,239
C,VERDANT_VALLEY,181,0.000159300,true,1,16,112
C,VERDANT_VALLEY,182,0.000143500,true,1,19,154
C,VERDANT_VALLEY,183,0.000216300,true,2,29,206
C,VERDANT_VALLEY,184,0.000140200,true,1,15,91
C,VERDANT_VALLEY,185,0.000098900,true,1,11,58
C,VERDANT_VALLEY,186,0.000243600,true,2,35,243
C,VERDANT_VALLEY,187,0.000129600,true,1,18,102
C,VERDANT_VALLEY,188,0.000107800,true,1,14,71
C,VERDANT_VALLEY,189,0.000097300,true,1,12,66
C,VERDANT_VALLEY,190,0.000167100,true,1,22,156
C,VERDANT_VALLEY,191,0.000115800,true,1,14,88
C,VERDANT_VALLEY,192,0.000120800,true,1,18,103
C,VERDANT_VALLEY,193,0.000212300,true,2,25,156
C,VERDANT_VALLEY,194,0.000105400,true,1,11,58
C,VERDANT_VALLEY,195,0.000118900,true,1,17,139
C,VERDANT_VALLEY,196,0.000123500,true,1,14,69
C,VERDANT_VALLEY,197,0.000105700,true,1,15,108
C,VERDANT_VALLEY,198,0.000091300,true,1,12,67
C,VERDANT_VALLEY,199,0.000243400,true,2,52,253
C,VERDANT_VALLEY,200,0.000130500,true,1,18,171
C,VERDANT_VALLEY,201,0.000120300,true,1,15,95
C,VERDANT_VALLEY,202,0.000146100,true,1,23,205
C,VERDANT_VALLEY,203,0.000103200,true,1,15,120
C,VERDANT_VALLEY,204,0.000118800,true,1,20,95
C,VERDANT_VALLEY,205,0.000098200,true,1,16,96
C,VERDANT_VALLEY,206,0.000104700,true,1,15,101
C,VERDANT_VALLEY,207,0.000103500,true,1,20,105
C,VERDANT_VALLEY,208,0.000228900,true,2,37,217
C,VERDANT_VALLEY,209,0.000099500,true,1,12,54
C,VERDANT_VALLEY,210,0.000100900,true,1,13,69
C,VERDANT_VALLEY,211,0.000122800,true,1,20,134
C,VERDANT_VALLEY,212,0.000112100,true,1,15,89
C,VERDANT_VALLEY,213,0.000088300,true,1,14,74
C,VERDANT_VALLEY,214,0.000094200,true,1,15,96
C,VERDANT_VALLEY,215,0.000095800,true,1,17,100
C,VERDANT_VALLEY,216,0.000106200,true,1,19,125
C,VERDANT_VALLEY,217,0.000097700,true,1,15,68
C,VERDANT_VALLEY,218,0.000096300,true,1,14,74
C,VERDANT_VALLEY,219,0.000101500,true,1,14,69
C,VERDANT_VALLEY,220,0.000118800,true,1,17,129
C,VERDANT_VALLEY,221,0.000091300,true,1,12,64
C,VERDANT_VALLEY,222,0.000090800,true,1,13,60
C,VERDANT_VALLEY,223,0.000246500,true,2,42,254
C,VERDANT_VALLEY,224,0.000365800,true,2,29,207
C,VERDANT_VALLEY,225,0.000254200,true,1,18,154
C,VERDANT_VALLEY,226,0.000388800,true,2,40,305
C,VERDANT_VALLEY,227,0.000184900,true,1,18,132
C,VERDANT_VALLEY,228,0.000405100,true,2,43,314
C,VERDANT_VALLEY,229,0.000238600,true,1,21,172
C,VERDANT_VALLEY,230,0.000176100,true,1,15,112
C,VERDANT_VALLEY,231,0.000107500,true,1,14,84
C,VERDANT_VALLEY,232,0.000104900,true,1,14,76
C,VERDANT_VALLEY,233,0.000109600,true,1,14,61
C,VERDANT_VALLEY,234,0.000109000,true,1,18,99
C,VERDANT_VALLEY,235,0.000092800,true,1,12,65
C,VERDANT_VALLEY,236,0.000193800,true,2,37,230
C,VERDANT_VALLEY,237,0.000083700,true,1,11,59
C,VERDANT_VALLEY,238,0.000115200,true,1,19,178
C,VERDANT_VALLEY,239,0.000094900,true,1,16,93
C,VERDANT_VALLEY,240,0.000087600,true,1,15,78
C,VERDANT_VALLEY,241,0.000080600,true,1,13,66
C,VERDANT_VALLEY,242,0.000104800,true,1,18,110
C,VERDANT_VALLEY,243,0.000115700,true,1,21,196
C,VERDANT_VALLEY,244,0.000095100,true,1,15,99
C,VERDANT_VALLEY,245,0.000114600,true,1,16,77
C,VERDANT_VALLEY,246,0.000102100,true,1,17,125
C,VERDANT_VALLEY,247,0.000149100,true,2,21,96
C,VERDANT_VALLEY,248,0.000082600,true,1,13,65
C,VERDANT_VALLEY,249,0.000092500,true,1,17,90
C,VERDANT_VALLEY,250,0.000206200,true,2,36,249
C,VERDANT_VALLEY,251,0.000110800,true,1,19,157
C,VERDANT_VALLEY,252,0.000102200,true,1,18,121
C,VERDANT_VALLEY,253,0.000076700,true,1,10,51
C,VERDANT_VALLEY,254,0.000080100,true,1,12,68
C,VERDANT_VALLEY,255,0.000078700,true,1,11,56
C,VERDANT_VALLEY,256,0.000128100,true,1,21,212
C,VERDANT_VALLEY,257,0.000107900,true,1,20,143
C,VERDANT_VALLEY,258,0.000090200,true,1,14,85
C,VERDANT_VALLEY,259,0.000107400,true,1,19,159
C,VERDANT_VALLEY,260,0.000108800,true,1,20,125
C,VERDANT_VALLEY,261,0.000075800,true,1,10,49
C,VERDANT_VALLEY,262,0.000084600,true,1,14,79
C,VERDANT_VALLEY,263,0.000096900,true,1,18,121
C,VERDANT_VALLEY,264,0.000085600,true,1,14,80
C,VERDANT_VALLEY,265,0.000079500,true,1,12,67
C,VERDANT_VALLEY,266,0.000084300,true,1,13,60
C,VERDANT_VALLEY,267,0.000107900,true,1,21,152
C,VERDANT_VALLEY,268,0.000217600,true,2,40,268
C,VERDANT_VALLEY,269,0.000123800,true,1,23,220
C,VERDANT_VALLEY,270,0.000121800,true,1,13,71
C,VERDANT_VALLEY,271,0.000082700,true,1,12,63
C,VERDANT_VALLEY,272,0.000098900,true,1,17,101
C,VERDANT_VALLEY,273,0.000219100,true,2,43,263
C,VERDANT_VALLEY,274,0.000098800,true,1,17,122
C,VERDANT_VALLEY,275,0.000086900,true,1,15,82
C,VERDANT_VALLEY,276,0.000115200,true,1,22,183
C,VERDANT_VALLEY,277,0.000089700,true,1,13,91
C,VERDANT_VALLEY,278,0.000091500,true,1,15,98
C,VERDANT_VALLEY,279,0.000163500,true,1,14,105
C,VERDANT_VALLEY,280,0.000126500,true,1,19,140
C,VERDANT_VALLEY,281,0.000097800,true,1,14,94
C,VERDANT_VALLEY,282,0.000084700,true,1,12,61
C,VERDANT_VALLEY,283,0.000103600,true,1,19,121
C,VERDANT_VALLEY,284,0.000106500,true,1,13,69
C,VERDANT_VALLEY,285,0.000075600,true,1,9,45
C,VERDANT_VALLEY,286,0.000075900,true,1,11,47
C,VERDANT_VALLEY,287,0.000097700,true,1,18,105
C,VERDANT_VALLEY,288,0.000107300,true,1,19,154
C,VERDANT_VALLEY,289,0.000084800,true,1,14,76
C,VERDANT_VALLEY,290,0.000085100,true,1,14,68
C,VERDANT_VALLEY,291,0.000086400,true,1,14,84
C,VERDANT_VALLEY,292,0.000124700,true,1,26,207
C,VERDANT_VALLEY,293,0.000082400,true,1,13,52
C,VERDANT_VALLEY,294,0.000089100,true,1,13,91
C,VERDANT_VALLEY,295,0.000083600,true,1,14,64
C,VERDANT_VALLEY,296,0.000093500,true,1,15,108
C,VERDANT_VALLEY,297,0.000100900,true,1,16,125
C,VERDANT_VALLEY,298,0.000109900,true,1,21,155
C,VERDANT_VALLEY,299,0.000195700,true,2,32,225
C,VERDANT_VALLEY,300,0.000109200,true,1,18,111
C,VERDANT_VALLEY,301,0.000077000,true,1,10,46
C,VERDANT_VALLEY,302,0.000082000,true,1,12,64
C,VERDANT_VALLEY,303,0.000077900,true,1,11,51
C,VERDANT_VALLEY,304,0.000087500,true,1,14,82
C,VERDANT_VALLEY,305,0.000088000,true,1,13,69
C,VERDANT_VALLEY,306,0.000074800,true,1,10,48
C,VERDANT_VALLEY,307,0.000122700,true,1,24,199
C,VERDANT_VALLEY,308,0.000083700,true,1,12,78
C,VERDANT_VALLEY,309,0.000085700,true,1,10,55
C,VERDANT_VALLEY,310,0.000191400,true,2,36,239
C,VERDANT_VALLEY,311,0.000079500,true,1,12,61
C,VERDANT_VALLEY,312,0.000102100,true,1,17,139
C,VERDANT_VALLEY,313,0.000081900,true,1,12,63
C,VERDANT_VALLEY,314,0.000186800,true,2,34,190
C,VERDANT_VALLEY,315,0.000190300,true,2,29,149
C,VERDANT_VALLEY,316,0.000083800,true,1,13,64
C,VERDANT_VALLEY,317,0.000105000,true,1,20,137
C,VERDANT_VALLEY,318,0.000083000,true,1,13,65
C,VERDANT_VALLEY,319,0.000091600,true,1,14,105
C,VERDANT_VALLEY,320,0.000204700,true,2,37,281
C,VERDANT_VALLEY,321,0.000103500,true,1,19,122
C,VERDANT_VALLEY,322,0.000080700,true,1,12,62
C,VERDANT_VALLEY,323,0.000077200,true,1,11,54
C,VERDANT_VALLEY,324,0.000079400,true,1,12,51
C,VERDANT_VALLEY,325,0.000096800,true,1,15,90
C,VERDANT_VALLEY,326,0.000099100,true,1,17,113
C,VERDANT_VALLEY,327,0.000118000,true,1,19,112
C,VERDANT_VALLEY,328,0.000433200,true,4,87,605
C,VERDANT_VALLEY,329,0.000079700,true,1,11,59
C,VERDANT_VALLEY,330,0.000113600,true,1,20,168
C,VERDANT_VALLEY,331,0.000101600,true,1,19,114
C,VERDANT_VALLEY,332,0.000118600,true,1,21,160
C,VERDANT_VALLEY,333,0.000100200,true,1,17,125
C,VERDANT_VALLEY,334,0.000116000,true,1,21,159
C,VERDANT_VALLEY,335,0.000091200,true,1,16,72
C,VERDANT_VALLEY,336,0.000221900,true,2,43,247
C,VERDANT_VALLEY,337,0.000318800,true,3,55,414
C,VERDANT_VALLEY,338,0.000097900,true,1,17,99
C,VERDANT_VALLEY,339,0.000202700,true,2,39,237
C,VERDANT_VALLEY,340,0.000077500,true,1,11,52
C,VERDANT_VALLEY,341,0.000080600,true,1,12,65
C,VERDANT_VALLEY,342,0.000230400,true,2,45,277
C,VERDANT_VALLEY,343,0.000096600,true,1,14,85
C,VERDANT_VALLEY,344,0.000112200,true,1,19,149
C,VERDANT_VALLEY,345,0.000106500,true,1,16,115
C,VERDANT_VALLEY,346,0.000080000,true,1,11,59
C,VERDANT_VALLEY,347,0.000086600,true,1,11,60
C,VERDANT_VALLEY,348,0.000112600,true,1,22,107
C,VERDANT_VALLEY,349,0.000086200,true,1,10,52
C,VERDANT_VALLEY,350,0.000084300,true,1,10,55
C,VERDANT_VALLEY,351,0.000215200,true,2,41,300
C,VERDANT_VALLEY,352,0.000097300,true,1,15,120
C,VERDANT_VALLEY,353,0.000100100,true,1,15,91
C,VERDANT_VALLEY,354,0.000094100,true,1,12,55
C,VERDANT_VALLEY,355,0.000103800,true,1,14,88
C,VERDANT_VALLEY,356,0.000116100,true,1,19,143
C,VERDANT_VALLEY,357,0.000117800,true,1,17,140
C,VERDANT_VALLEY,358,0.000103100,true,1,14,87
C,VERDANT_VALLEY,359,0.000105800,true,1,16,64
C,VERDANT_VALLEY,360,0.000108300,true,1,18,126
C,VERDANT_VALLEY,361,0.000106300,true,1,16,111
C,VERDANT_VALLEY,362,0.000275600,true,1,17,108
C,VERDANT_VALLEY,363,0.000106900,true,1,12,61
C,VERDANT_VALLEY,364,0.000249500,true,2,40,246
C,VERDANT_VALLEY,365,0.000098200,true,1,14,62
C,VERDANT_VALLEY,366,0.000095800,true,1,16,82
C,VERDANT_VALLEY,367,0.000120200,true,1,20,162
C,VERDANT_VALLEY,368,0.000226400,true,2,42,203
C,VERDANT_VALLEY,369,0.000338900,true,3,56,383
C,VERDANT_VALLEY,370,0.000303400,true,2,37,248
C,VERDANT_VALLEY,371,0.000092200,true,1,15,70
C,VERDANT_VALLEY,372,0.000087500,true,1,10,48
C,VERDANT_VALLEY,373,0.000099800,true,1,13,71
C,VERDANT_VALLEY,374,0.000121500,true,1,20,132
C,VERDANT_VALLEY,375,0.000109500,true,1,16,105
C,VERDANT_VALLEY,376,0.000227100,true,2,37,232
C,VERDANT_VALLEY,377,0.000141800,true,1,15,84
C,VERDANT_VALLEY,378,0.000106200,true,1,12,64
C,VERDANT_VALLEY,379,0.000091800,true,1,11,58
C,VERDANT_VALLEY,380,0.000122400,true,1,20,132
C,VERDANT_VALLEY,381,0.000123700,true,1,19,139
C,VERDANT_VALLEY,382,0.000086200,true,1,10,55
C,VERDANT_VALLEY,383,0.000094600,true,1,13,62
C,VERDANT_VALLEY,384,0.000098500,true,1,13,80
C,VERDANT_VALLEY,385,0.000125600,true,1,22,127
C,VERDANT_VALLEY,386,0.000102900,true,1,15,80
C,VERDANT_VALLEY,387,0.000090600,true,1,10,55
C,VERDANT_VALLEY,388,0.000109500,true,1,14,68
C,VERDANT_VALLEY,389,0.000229600,true,2,44,326
C,VERDANT_VALLEY,390,0.000097200,true,1,15,110
C,VERDANT_VALLEY,391,0.000088300,true,1,15,78
C,VERDANT_VALLEY,392,0.000092600,true,1,15,94
C,VERDANT_VALLEY,393,0.000110500,true,1,15,120
C,VERDANT_VALLEY,394,0.000240200,true,2,27,133
C,VERDANT_VALLEY,395,0.000111700,true,1,17,119
C,VERDANT_VALLEY,396,0.000083600,true,1,12,63
C,VERDANT_VALLEY,397,0.000081500,true,1,12,58
C,VERDANT_VALLEY,398,0.000113300,true,1,23,137
C,VERDANT_VALLEY,399,0.000100100,true,1,13,81
C,VERDANT_VALLEY,400,0.000108300,true,1,20,160
C,VERDANT_VALLEY,401,0.000210200,true,2,35,273
C,VERDANT_VALLEY,402,0.000204700,true,2,34,237
C,VERDANT_VALLEY,403,0.000121500,true,1,19,114
C,VERDANT_VALLEY,404,0.000103000,true,1,12,63
C,VERDANT_VALLEY,405,0.000194000,true,2,36,177
C,VERDANT_VALLEY,406,0.000103800,true,1,20,128
C,VERDANT_VALLEY,407,0.000103700,true,1,18,108
C,VERDANT_VALLEY,408,0.000096600,true,1,13,91
C,VERDANT_VALLEY,409,0.000254900,true,2,43,316
C,VERDANT_VALLEY,410,0.000107200,true,1,14,96
C,VERDANT_VALLEY,411,0.000562900,true,4,97,712
C,VERDANT_VALLEY,412,0.000158100,true,1,15,66
C,VERDANT_VALLEY,413,0.000228900,true,1,21,130
C,VERDANT_VALLEY,414,0.000188100,true,1,13,85
C,VERDANT_VALLEY,415,0.000197800,true,1,17,115
C,VERDANT_VALLEY,416,0.000595000,true,3,51,365
C,VERDANT_VALLEY,417,0.000230400,true,1,17,153
C,VERDANT_VALLEY,418,0.000161300,true,1,12,59
C,VERDANT_VALLEY,419,0.000196900,true,1,16,106
C,VERDANT_VALLEY,420,0.000187700,true,2,25,113
C,VERDANT_VALLEY,421,0.000223800,true,2,33,190
C,VERDANT_VALLEY,422,0.000100800,true,1,13,66
C,VERDANT_VALLEY,423,0.000095800,true,1,17,109
C,VERDANT_VALLEY,424,0.000094100,true,1,15,99
C,VERDANT_VALLEY,425,0.000086800,true,1,15,76
C,VERDANT_VALLEY,426,0.000100600,true,1,18,117
C,VERDANT_VALLEY,427,0.000106900,true,1,19,153
C,VERDANT_VALLEY,428,0.000095100,true,1,16,115
C,VERDANT_VALLEY,429,0.000098300,true,1,17,103
C,VERDANT_VALLEY,430,0.000125400,true,1,21,175
C,VERDANT_VALLEY,431,0.000093400,true,1,15,112
C,VERDANT_VALLEY,432,0.000086100,true,1,14,66
C,VERDANT_VALLEY,433,0.000114700,true,1,21,151
C,VERDANT_VALLEY,434,0.000111400,true,1,21,147
C,VERDANT_VALLEY,435,0.000079900,true,1,12,58
C,VERDANT_VALLEY,436,0.000155800,true,2,24,117
C,VERDANT_VALLEY,437,0.000125100,true,1,14,88
C,VERDANT_VALLEY,438,0.000085400,true,1,12,49
C,VERDANT_VALLEY,439,0.000096800,true,1,16,87
C,VERDANT_VALLEY,440,0.000086000,true,1,14,79
C,VERDANT_VALLEY,441,0.000093100,true,1,15,87
C,VERDANT_VALLEY,442,0.000187700,true,2,34,235
C,VERDANT_VALLEY,443,0.000186100,true,2,32,233
C,VERDANT_VALLEY,444,0.000106300,true,1,17,110
C,VERDANT_VALLEY,445,0.000099600,true,1,17,117
C,VERDANT_VALLEY,446,0.000084300,true,1,13,71
C,VERDANT_VALLEY,447,0.000122900,true,1,25,206
C,VERDANT_VALLEY,448,0.000086900,true,1,14,78
C,VERDANT_VALLEY,449,0.000079300,true,1,12,66
C,VERDANT_VALLEY,450,0.000083500,true,1,13,67
C,VERDANT_VALLEY,451,0.000113900,true,1,18,136
C,VERDANT_VALLEY,452,0.000201400,true,1,13,80
C,VERDANT_VALLEY,453,0.000111100,true,1,22,132
C,VERDANT_VALLEY,454,0.000081600,true,1,11,61
C,VERDANT_VALLEY,455,0.000075600,true,1,10,55
C,VERDANT_VALLEY,456,0.000087900,true,1,15,76
C,VERDANT_VALLEY,457,0.000079900,true,1,12,67
C,VERDANT_VALLEY,458,0.000079400,true,1,13,67
C,VERDANT_VALLEY,459,0.000087200,true,1,15,76
C,VERDANT_VALLEY,460,0.000099600,true,1,13,68
C,VERDANT_VALLEY,461,0.000092700,true,1,13,55
C,VERDANT_VALLEY,462,0.000120100,true,1,19,106
C,VERDANT_VALLEY,463,0.000090300,true,1,17,88
C,VERDANT_VALLEY,464,0.000099700,true,1,14,97
C,VERDANT_VALLEY,465,0.000221300,true,2,40,296
C,VERDANT_VALLEY,466,0.000099800,true,1,16,114
C,VERDANT_VALLEY,467,0.000106600,true,1,18,158
C,VERDANT_VALLEY,468,0.000100400,true,1,17,107
C,VERDANT_VALLEY,469,0.000119700,true,1,23,215
C,VERDANT_VALLEY,470,0.000098900,true,1,15,67
C,VERDANT_VALLEY,471,0.000213900,true,2,37,311
C,VERDANT_VALLEY,472,0.000104900,true,1,17,126
C,VERDANT_VALLEY,473,0.000078900,true,1,11,50
C,VERDANT_VALLEY,474,0.000089000,true,1,14,87
C,VERDANT_VALLEY,475,0.000096100,true,1,16,93
C,VERDANT_VALLEY,476,0.000080200,true,1,13,61
C,VERDANT_VALLEY,477,0.000108400,true,1,20,153
C,VERDANT_VALLEY,478,0.000111100,true,1,16,113
C,VERDANT_VALLEY,479,0.000094000,true,1,15,84
C,VERDANT_VALLEY,480,0.000090700,true,1,14,105
C,VERDANT_VALLEY,481,0.000078200,true,1,11,51
C,VERDANT_VALLEY,482,0.000095900,true,1,16,99
C,VERDANT_VALLEY,483,0.000214700,true,2,41,275
C,VERDANT_VALLEY,484,0.000090500,true,1,15,91
C,VERDANT_VALLEY,485,0.000105800,true,1,16,101
C,VERDANT_VALLEY,486,0.000076800,true,1,10,55
C,VERDANT_VALLEY,487,0.000093200,true,1,16,84
C,VERDANT_VALLEY,488,0.000091500,true,1,15,97
C,VERDANT_VALLEY,489,0.000078200,true,1,11,61
C,VERDANT_VALLEY,490,0.000085600,true,1,13,83
C,VERDANT_VALLEY,491,0.000207900,true,2,36,270
C,VERDANT_VALLEY,492,0.000085300,true,1,13,84
C,VERDANT_VALLEY,493,0.000116400,true,1,18,122
C,VERDANT_VALLEY,494,0.000102800,true,1,17,128
C,VERDANT_VALLEY,495,0.000211700,true,2,38,293
C,VERDANT_VALLEY,496,0.000088100,true,1,14,74
C,VERDANT_VALLEY,497,0.000095200,true,1,16,105
C,VERDANT_VALLEY,498,0.000101300,true,1,16,111
C,VERDANT_VALLEY,499,0.000089700,true,1,13,91
C,VERDANT_VALLEY,500,0.000103000,true,1,21,116
C,VERDANT_VALLEY,501,0.000087000,true,1,14,82
C,VERDANT_VALLEY,502,0.000079900,true,1,11,62
C,VERDANT_VALLEY,503,0.000081600,true,1,12,65
C,VERDANT_VALLEY,504,0.000133000,true,1,20,196
C,VERDANT_VALLEY,505,0.000116000,true,1,23,166
C,VERDANT_VALLEY,506,0.000100800,true,1,16,107
C,VERDANT_VALLEY,507,0.000130600,true,1,27,211
C,VERDANT_VALLEY,508,0.000097400,true,1,18,104
C,VERDANT_VALLEY,509,0.000086600,true,1,13,82
C,VERDANT_VALLEY,510,0.000086100,true,1,14,73
C,VERDANT_VALLEY,511,0.000127900,true,1,19,114
C,VERDANT_VALLEY,512,0.000091300,true,1,15,73
C,VERDANT_VALLEY,513,0.000115900,true,1,20,169
C,VERDANT_VALLEY,514,0.000079300,true,1,10,46
C,VERDANT_VALLEY,515,0.000101500,true,1,19,103
C,VERDANT_VALLEY,516,0.000090700,true,1,14,82
C,VERDANT_VALLEY,517,0.000135200,true,1,25,227
C,VERDANT_VALLEY,518,0.000080500,true,1,11,56
C,VERDANT_VALLEY,519,0.000080500,true,1,11,62
C,VERDANT_VALLEY,520,0.000110900,true,1,21,167
C,VERDANT_VALLEY,521,0.000079400,true,1,11,56
C,VERDANT_VALLEY,522,0.000106300,true,1,19,135
C,VERDANT_VALLEY,523,0.000082800,true,1,12,62
C,VERDANT_VALLEY,524,0.000079600,true,1,12,64
C,VERDANT_VALLEY,525,0.000086200,true,1,15,66
C,VERDANT_VALLEY,526,0.000264100,true,3,46,281
C,VERDANT_VALLEY,527,0.000074200,true,1,9,45
C,VERDANT_VALLEY,528,0.000084700,true,1,13,82
C,VERDANT_VALLEY,529,0.000085300,true,1,14,70
C,VERDANT_VALLEY,530,0.000077300,true,1,11,58
C,VERDANT_VALLEY,531,0.000080200,true,1,11,62
C,VERDANT_VALLEY,532,0.000106600,true,1,18,139
C,VERDANT_VALLEY,533,0.000093800,true,1,12,78
C,VERDANT_VALLEY,534,0.000117600,true,1,17,124
C,VERDANT_VALLEY,535,0.000242400,true,2,51,381
C,VERDANT_VALLEY,536,0.000147500,true,2,21,106
C,VERDANT_VALLEY,537,0.000097700,true,1,17,118
C,VERDANT_VALLEY,538,0.000207200,true,2,41,267
C,VERDANT_VALLEY,539,0.000110500,true,1,21,143
C,VERDANT_VALLEY,540,0.000090000,true,1,14,78
C,VERDANT_VALLEY,541,0.000091000,true,1,14,88
C,VERDANT_VALLEY,542,0.000228500,true,2,48,356
C,VERDANT_VALLEY,543,0.000115800,true,1,19,146
C,VERDANT_VALLEY,544,0.000126100,true,1,24,184
C,VERDANT_VALLEY,545,0.000149400,true,2,21,102
C,VERDANT_VALLEY,546,0.000090500,true,1,17,74
C,VERDANT_VALLEY,547,0.000080000,true,1,11,62
C,VERDANT_VALLEY,548,0.000166800,true,2,26,156
C,VERDANT_VALLEY,549,0.000081700,true,1,13,60
C,VERDANT_VALLEY,550,0.000080900,true,1,12,66
C,VERDANT_VALLEY,551,0.000082000,true,1,13,69
C,VERDANT_VALLEY,552,0.000110100,true,1,21,149
C,VERDANT_VALLEY,553,0.000094600,true,1,16,104
C,VERDANT_VALLEY,554,0.000091500,true,1,15,105
C,VERDANT_VALLEY,555,0.000102600,true,1,14,70
C,VERDANT_VALLEY,556,0.000090000,true,1,14,67
C,VERDANT_VALLEY,557,0.000181500,true,2,31,196
C,VERDANT_VALLEY,558,0.000080200,true,1,12,61
C,VERDANT_VALLEY,559,0.000082900,true,1,13,60
C,VERDANT_VALLEY,560,0.000096600,true,1,17,100
C,VERDANT_VALLEY,561,0.000078700,true,1,12,57
C,VERDANT_VALLEY,562,0.000207300,true,2,36,271
C,VERDANT_VALLEY,563,0.000106900,true,1,13,84
C,VERDANT_VALLEY,564,0.000198600,true,1,18,116
C,VERDANT_VALLEY,565,0.000088700,true,1,15,86
C,VERDANT_VALLEY,566,0.000108300,true,1,17,97
C,VERDANT_VALLEY,567,0.000102700,true,1,14,70
C,VERDANT_VALLEY,568,0.000103200,true,1,14,74
C,VERDANT_VALLEY,569,0.000110100,true,1,17,107
C,VERDANT_VALLEY,570,0.000202200,true,2,48,122
C,VERDANT_VALLEY,571,0.000091500,true,1,12,63
C,VERDANT_VALLEY,572,0.000083600,true,1,10,51
C,VERDANT_VALLEY,573,0.000101000,true,1,15,89
C,VERDANT_VALLEY,574,0.000092500,true,1,12,78
C,VERDANT_VALLEY,575,0.000094200,true,1,14,83
C,VERDANT_VALLEY,576,0.000117900,true,1,17,100
C,VERDANT_VALLEY,577,0.000087500,true,1,11,58
C,VERDANT_VALLEY,578,0.000109600,true,1,17,126
C,VERDANT_VALLEY,579,0.000087100,true,1,11,61
C,VERDANT_VALLEY,580,0.000136800,true,1,19,145
C,VERDANT_VALLEY,581,0.000124400,true,1,20,133
C,VERDANT_VALLEY,582,0.000258500,true,2,47,366
C,VERDANT_VALLEY,583,0.000171500,true,2,27,160
C,VERDANT_VALLEY,584,0.000081200,true,1,12,63
C,VERDANT_VALLEY,585,0.000114600,true,1,20,153
C,VERDANT_VALLEY,586,0.000094100,true,1,13,85
C,VERDANT_VALLEY,587,0.000097000,true,1,14,80
C,VERDANT_VALLEY,588,0.000096000,true,1,17,87
C,VERDANT_VALLEY,589,0.000180700,true,1,17,141
C,VERDANT_VALLEY,590,0.000088700,true,1,14,66
C,VERDANT_VALLEY,591,0.000096400,true,1,17,100
C,VERDANT_VALLEY,592,0.000081600,true,1,12,61
C,VERDANT_VALLEY,593,0.000105700,true,1,17,77
C,VERDANT_VALLEY,594,0.000096200,true,1,16,101
C,VERDANT_VALLEY,595,0.000098000,true,1,16,136
C,VERDANT_VALLEY,596,0.000095300,true,1,16,105
C,VERDANT_VALLEY,597,0.000143400,true,1,17,65
C,VERDANT_VALLEY,598,0.000116400,true,1,16,124
C,VERDANT_VALLEY,599,0.000234100,true,2,39,265
C,VERDANT_VALLEY,600,0.000092500,true,1,12,63
C,VERDANT_VALLEY,601,0.000102200,true,1,19,127
C,VERDANT_VALLEY,602,0.000106700,true,1,19,145
C,VERDANT_VALLEY,603,0.000237500,true,2,38,318
C,VERDANT_VALLEY,604,0.000208100,true,2,32,219
C,VERDANT_VALLEY,605,0.000094100,true,1,12,57
C,VERDANT_VALLEY,606,0.000136500,true,1,22,191
C,VERDANT_VALLEY,607,0.000087500,true,1,11,62
C,VERDANT_VALLEY,608,0.000119600,true,1,18,128
C,VERDANT_VALLEY,609,0.000106100,true,1,16,104
C,VERDANT_VALLEY,610,0.000132300,true,1,16,83
C,VERDANT_VALLEY,611,0.000201000,true,1,14,105
C,VERDANT_VALLEY,612,0.000196400,true,1,15,81
C,VERDANT_VALLEY,613,0.000170700,true,1,13,74
C,VERDANT_VALLEY,614,0.000177500,true,1,17,90
C,VERDANT_VALLEY,615,0.000125900,true,1,11,61
C,VERDANT_VALLEY,616,0.000141100,true,1,9,45
C,VERDANT_VALLEY,617,0.000212000,true,1,18,115
C,VERDANT_VALLEY,618,0.000212100,true,1,19,151
C,VERDANT_VALLEY,619,0.000190700,true,1,13,91
C,VERDANT_VALLEY,620,0.000157100,true,1,13,60
C,VERDANT_VALLEY,621,0.000125200,true,1,10,55
C,VERDANT_VALLEY,622,0.000093400,true,1,13,65
C,VERDANT_VALLEY,623,0.000116600,true,1,16,124
C,VERDANT_VALLEY,624,0.000109000,true,1,13,83
C,VERDANT_VALLEY,625,0.000129700,true,1,19,119
C,VERDANT_VALLEY,626,0.000200200,true,2,35,281
C,VERDANT_VALLEY,627,0.000106400,true,1,20,146
C,VERDANT_VALLEY,628,0.000113000,true,1,22,164
C,VERDANT_VALLEY,629,0.000095900,true,1,17,113
C,VERDANT_VALLEY,630,0.000082100,true,1,12,66
C,VERDANT_VALLEY,631,0.000106300,true,1,21,134
C,VERDANT_VALLEY,632,0.000094000,true,1,13,64
C,VERDANT_VALLEY,633,0.000111100,true,1,21,137
C,VERDANT_VALLEY,634,0.000078700,true,1,12,62
C,VERDANT_VALLEY,635,0.000241800,true,2,47,414
C,VERDANT_VALLEY,636,0.000093400,true,1,14,97
C,VERDANT_VALLEY,637,0.000098200,true,1,17,101
C,VERDANT_VALLEY,638,0.000098700,true,1,16,107
C,VERDANT_VALLEY,639,0.000089500,true,1,10,55
C,VERDANT_VALLEY,640,0.000089600,true,1,16,74
C,VERDANT_VALLEY,641,0.000096700,true,1,17,108
C,VERDANT_VALLEY,642,0.000105500,true,1,18,146
C,VERDANT_VALLEY,643,0.000091200,true,1,11,56
C,VERDANT_VALLEY,644,0.000083900,true,1,14,74
C,VERDANT_VALLEY,645,0.000188200,true,2,34,211
C,VERDANT_VALLEY,646,0.000100900,true,1,15,73
C,VERDANT_VALLEY,647,0.000079900,true,1,12,55
C,VERDANT_VALLEY,648,0.000089800,true,1,13,82
C,VERDANT_VALLEY,649,0.000102000,true,1,18,126
C,VERDANT_VALLEY,650,0.000091600,true,1,16,85
C,VERDANT_VALLEY,651,0.000077900,true,1,12,59
C,VERDANT_VALLEY,652,0.000085800,true,1,15,74
C,VERDANT_VALLEY,653,0.000079100,true,1,12,66
C,VERDANT_VALLEY,654,0.000089400,true,1,15,82
C,VERDANT_VALLEY,655,0.000135200,true,1,21,181
C,VERDANT_VALLEY,656,0.000116600,true,1,23,174
C,VERDANT_VALLEY,657,0.000221400,true,2,43,315
C,VERDANT_VALLEY,658,0.000086900,true,1,14,68
C,VERDANT_VALLEY,659,0.000110500,true,1,17,153
C,VERDANT_VALLEY,660,0.000080500,true,1,12,56
C,VERDANT_VALLEY,661,0.000232800,true,2,44,343
C,VERDANT_VALLEY,662,0.000084800,true,1,13,64
C,VERDANT_VALLEY,663,0.000099400,true,1,18,106
C,VERDANT_VALLEY,664,0.000076200,true,1,10,55
C,VERDANT_VALLEY,665,0.000180700,true,1,13,58
C,VERDANT_VALLEY,666,0.000082600,true,1,13,64
C,VERDANT_VALLEY,667,0.000079300,true,1,12,67
C,VERDANT_VALLEY,668,0.000195800,true,2,32,261
C,VERDANT_VALLEY,669,0.000081100,true,1,12,54
C,VERDANT_VALLEY,670,0.000093600,true,1,15,112
C,VERDANT_VALLEY,671,0.000195300,true,2,34,247
C,VERDANT_VALLEY,672,0.000100900,true,1,16,104
C,VERDANT_VALLEY,673,0.000353200,true,3,68,576
C,VERDANT_VALLEY,674,0.000090000,true,1,16,82
C,VERDANT_VALLEY,675,0.000095800,true,1,17,104
C,VERDANT_VALLEY,676,0.000099300,true,1,16,136
C,VERDANT_VALLEY,677,0.000095100,true,1,16,105
C,VERDANT_VALLEY,678,0.000085700,true,1,13,66
C,VERDANT_VALLEY,679,0.000076900,true,1,11,53
C,VERDANT_VALLEY,680,0.000081600,true,1,12,63
C,VERDANT_VALLEY,681,0.000081500,true,1,13,56
C,VERDANT_VALLEY,682,0.000093100,true,1,17,97
C,VERDANT_VALLEY,683,0.000079300,true,1,11,60
C,VERDANT_VALLEY,684,0.000078900,true,1,11,53
C,VERDANT_VALLEY,685,0.000079100,true,1,12,68
C,VERDANT_VALLEY,686,0.000108000,true,1,20,140
C,VERDANT_VALLEY,687,0.000100000,true,1,13,64
C,VERDANT_VALLEY,688,0.000100000,true,1,19,120
C,VERDANT_VALLEY,689,0.000103100,true,1,17,126
C,VERDANT_VALLEY,690,0.000082400,true,1,12,62
C,VERDANT_VALLEY,691,0.000090900,true,1,12,64
C,VERDANT_VALLEY,692,0.000089100,true,1,16,76
C,VERDANT_VALLEY,693,0.000092500,true,1,15,110
C,VERDANT_VALLEY,694,0.000077800,true,1,11,57
C,VERDANT_VALLEY,695,0.000125500,true,1,24,228
C,VERDANT_VALLEY,696,0.000118200,true,1,22,182
C,VERDANT_VALLEY,697,0.000089700,true,1,14,94
C,VERDANT_VALLEY,698,0.000092700,true,1,15,98
C,VERDANT_VALLEY,699,0.000097200,true,1,14,72
C,VERDANT_VALLEY,700,0.000095500,true,1,18,101
C,VERDANT_VALLEY,701,0.000217200,true,2,44,276
C,VERDANT_VALLEY,702,0.000074300,true,1,9,45
C,VERDANT_VALLEY,703,0.000081300,true,1,13,62
C,VERDANT_VALLEY,704,0.000106000,true,1,19,118
C,VERDANT_VALLEY,705,0.000087700,true,1,13,81
C,VERDANT_VALLEY,706,0.000088200,true,1,15,73
C,VERDANT_VALLEY,707,0.000089700,true,1,15,88
C,VERDANT_VALLEY,708,0.000095100,true,1,16,92
C,VERDANT_VALLEY,709,0.000080500,true,1,12,66
C,VERDANT_VALLEY,710,0.000094400,true,1,15,91
C,VERDANT_VALLEY,711,0.000107400,true,1,18,149
C,VERDANT_VALLEY,712,0.000087800,true,1,13,91
C,VERDANT_VALLEY,713,0.000203000,true,2,40,255
C,VERDANT_VALLEY,714,0.000102900,true,1,14,89
C,VERDANT_VALLEY,715,0.000094600,true,1,12,78
C,VERDANT_VALLEY,716,0.000207900,true,2,39,256
C,VERDANT_VALLEY,717,0.000106500,true,1,15,104
C,VERDANT_VALLEY,718,0.000093900,true,1,15,87
C,VERDANT_VALLEY,719,0.000098300,true,1,19,120
C,VERDANT_VALLEY,720,0.000092500,true,1,14,89
C,VERDANT_VALLEY,721,0.000202500,true,2,37,254
C,VERDANT_VALLEY,722,0.000084400,true,1,13,63
C,VERDANT_VALLEY,723,0.000176600,true,2,31,207
C,VERDANT_VALLEY,724,0.000086000,true,1,13,63
C,VERDANT_VALLEY,725,0.000112700,true,1,20,135
C,VERDANT_VALLEY,726,0.000092400,true,1,14,105
C,VERDANT_VALLEY,727,0.000084200,true,1,13,62
C,VERDANT_VALLEY,728,0.000106900,true,1,13,58
C,VERDANT_VALLEY,729,0.000078200,true,1,11,58
C,VERDANT_VALLEY,730,0.000079900,true,1,11,60
C,VERDANT_VALLEY,731,0.000096800,true,1,17,110
C,VERDANT_VALLEY,732,0.000189000,true,2,33,221
C,VERDANT_VALLEY,733,0.000076500,true,1,10,55
C,VERDANT_VALLEY,734,0.000083800,true,1,14,67
C,VERDANT_VALLEY,735,0.000206100,true,2,34,256
C,VERDANT_VALLEY,736,0.000089900,true,1,16,70
C,VERDANT_VALLEY,737,0.000086100,true,1,14,70
C,VERDANT_VALLEY,738,0.000111400,true,1,21,156
C,VERDANT_VALLEY,739,0.000200900,true,2,37,261
C,VERDANT_VALLEY,740,0.000195300,true,2,37,242
C,VERDANT_VALLEY,741,0.000090300,true,1,15,92
C,VERDANT_VALLEY,742,0.000097100,true,1,15,85
C,VERDANT_VALLEY,743,0.000101500,true,1,17,141
C,VERDANT_VALLEY,744,0.000110100,true,1,22,150
C,VERDANT_VALLEY,745,0.000082600,true,1,13,64
C,VERDANT_VALLEY,746,0.000098800,true,1,16,110
C,VERDANT_VALLEY,747,0.000108700,true,1,22,137
C,VERDANT_VALLEY,748,0.000161700,true,2,26,147
C,VERDANT_VALLEY,749,0.000095300,true,1,14,62
C,VERDANT_VALLEY,750,0.000082700,true,1,13,69
C,VERDANT_VALLEY,751,0.000084700,true,1,14,70
C,VERDANT_VALLEY,752,0.000085200,true,1,13,85
C,VERDANT_VALLEY,753,0.000236800,true,2,44,348
C,VERDANT_VALLEY,754,0.000202100,true,2,40,281
C,VERDANT_VALLEY,755,0.000110500,true,1,19,174
C,VERDANT_VALLEY,756,0.000361900,true,3,75,613
C,VERDANT_VALLEY,757,0.000088400,true,1,14,83
C,VERDANT_VALLEY,758,0.000076000,true,1,10,55
C,VERDANT_VALLEY,759,0.000131100,true,1,21,135
C,VERDANT_VALLEY,760,0.000106900,true,1,16,94
C,VERDANT_VALLEY,761,0.000176000,true,1,15,101
C,VERDANT_VALLEY,762,0.000081500,true,1,11,62
C,VERDANT_VALLEY,763,0.000244700,true,2,40,267
C,VERDANT_VALLEY,764,0.000117900,true,1,15,74
C,VERDANT_VALLEY,765,0.000085100,true,1,9,45
C,VERDANT_VALLEY,766,0.000105800,true,1,18,93
C,VERDANT_VALLEY,767,0.000113600,true,1,17,103
C,VERDANT_VALLEY,768,0.000099500,true,1,15,83
C,VERDANT_VALLEY,769,0.000092200,true,1,13,63
C,VERDANT_VALLEY,770,0.000132800,true,1,21,195
C,VERDANT_VALLEY,771,0.000134500,true,1,21,187
C,VERDANT_VALLEY,772,0.000216900,true,2,35,209
C,VERDANT_VALLEY,773,0.000110200,true,1,17,138
C,VERDANT_VALLEY,774,0.000117500,true,1,13,65
C,VERDANT_VALLEY,775,0.000105200,true,1,14,97
C,VERDANT_VALLEY,776,0.000093500,true,1,11,57
C,VERDANT_VALLEY,777,0.000134100,true,1,22,127
C,VERDANT_VALLEY,778,0.000101500,true,1,18,116
C,VERDANT_VALLEY,779,0.000093800,true,1,16,90
C,VERDANT_VALLEY,780,0.000081000,true,1,12,63
C,VERDANT_VALLEY,781,0.000099800,true,1,18,102
C,VERDANT_VALLEY,782,0.000081300,true,1,13,62
C,VERDANT_VALLEY,783,0.000256600,true,2,55,332
C,VERDANT_VALLEY,784,0.000098400,true,1,16,80
C,VERDANT_VALLEY,785,0.000095600,true,1,15,79
C,VERDANT_VALLEY,786,0.000093200,true,1,13,82
C,VERDANT_VALLEY,787,0.000085900,true,1,13,68
C,VERDANT_VALLEY,788,0.000077100,true,1,11,58
C,VERDANT_VALLEY,789,0.000103600,true,1,15,73
C,VERDANT_VALLEY,790,0.000094700,true,1,16,103
C,VERDANT_VALLEY,791,0.000088200,true,1,12,64
C,VERDANT_VALLEY,792,0.000118000,true,1,16,109
C,VERDANT_VALLEY,793,0.000111100,true,1,19,148
C,VERDANT_VALLEY,794,0.000100100,true,1,19,103
C,VERDANT_VALLEY,795,0.000116400,true,1,18,154
C,VERDANT_VALLEY,796,0.000092600,true,1,11,59
C,VERDANT_VALLEY,797,0.000092300,true,1,11,53
C,VERDANT_VALLEY,798,0.000113300,true,1,20,169
C,VERDANT_VALLEY,799,0.000091300,true,1,17,82
C,VERDANT_VALLEY,800,0.000090300,true,1,13,91
C,VERDANT_VALLEY,801,0.000479600,true,4,73,459
C,VERDANT_VALLEY,802,0.000177400,true,1,21,180
C,VERDANT_VALLEY,803,0.000180800,true,2,39,116
C,VERDANT_VALLEY,804,0.000101500,true,1,12,59
C,VERDANT_VALLEY,805,0.000112000,true,1,17,113
C,VERDANT_VALLEY,806,0.000136300,true,1,15,110
C,VERDANT_VALLEY,807,0.000176500,true,1,12,78
C,VERDANT_VALLEY,808,0.000191000,true,1,17,78
C,VERDANT_VALLEY,809,0.000454200,true,2,48,399
C,VERDANT_VALLEY,810,0.000244800,true,1,24,193
C,VERDANT_VALLEY,811,0.000167700,true,1,16,83
C,VERDANT_VALLEY,812,0.000178500,true,1,17,76
C,VERDANT_VALLEY,813,0.000178400,true,1,15,97
C,VERDANT_VALLEY,814,0.000141600,true,1,10,50
C,VERDANT_VALLEY,815,0.000161100,true,1,20,124
C,VERDANT_VALLEY,816,0.000088100,true,1,10,55
C,VERDANT_VALLEY,817,0.000130900,true,1,19,146
C,VERDANT_VALLEY,818,0.000123000,true,1,17,122
C,VERDANT_VALLEY,819,0.000101300,true,1,17,104
C,VERDANT_VALLEY,820,0.000088300,true,1,14,92
C,VERDANT_VALLEY,821,0.000092600,true,1,13,68
C,VERDANT_VALLEY,822,0.000093500,true,1,15,68
C,VERDANT_VALLEY,823,0.000090100,true,1,16,89
C,VERDANT_VALLEY,824,0.000206700,true,1,13,83
C,VERDANT_VALLEY,825,0.000272100,true,1,13,61
C,VERDANT_VALLEY,826,0.000189600,true,1,17,114
C,VERDANT_VALLEY,827,0.000310700,true,1,14,80
C,VERDANT_VALLEY,828,0.000378700,true,1,21,204
C,VERDANT_VALLEY,829,0.000165000,true,1,12,78
C,VERDANT_VALLEY,830,0.000110900,true,1,17,112
C,VERDANT_VALLEY,831,0.000109500,true,1,16,116
C,VERDANT_VALLEY,832,0.000121500,true,1,23,176
C,VERDANT_VALLEY,833,0.000082300,true,1,11,53
C,VERDANT_VALLEY,834,0.000087300,true,1,12,78
C,VERDANT_VALLEY,835,0.000092000,true,1,15,93
C,VERDANT_VALLEY,836,0.000081400,true,1,12,61
C,VERDANT_VALLEY,837,0.000082100,true,1,12,67
C,VERDANT_VALLEY,838,0.000255100,true,2,47,398
C,VERDANT_VALLEY,839,0.000081300,true,1,12,65
C,VERDANT_VALLEY,840,0.000080900,true,1,12,67
C,VERDANT_VALLEY,841,0.000090600,true,1,15,103
C,VERDANT_VALLEY,842,0.000079600,true,1,11,56
C,VERDANT_VALLEY,843,0.000110100,true,1,21,112
C,VERDANT_VALLEY,844,0.000239000,true,2,46,246
C,VERDANT_VALLEY,845,0.000209100,true,2,37,214
C,VERDANT_VALLEY,846,0.000091700,true,1,14,70
C,VERDANT_VALLEY,847,0.000204800,true,2,35,252
C,VERDANT_VALLEY,848,0.000097100,true,1,16,109
C,VERDANT_VALLEY,849,0.000100300,true,1,17,110
C,VERDANT_VALLEY,850,0.000168800,true,2,29,142
C,VERDANT_VALLEY,851,0.000082500,true,1,13,73
C,VERDANT_VALLEY,852,0.000102300,true,1,18,129
C,VERDANT_VALLEY,853,0.000102900,true,1,18,138
C,VERDANT_VALLEY,854,0.000111500,true,1,14,84
C,VERDANT_VALLEY,855,0.000113300,true,1,20,143
C,VERDANT_VALLEY,856,0.000198000,true,2,30,166
C,VERDANT_VALLEY,857,0.000100700,true,1,17,119
C,VERDANT_VALLEY,858,0.000105300,true,1,14,77
C,VERDANT_VALLEY,859,0.000111700,true,1,15,99
C,VERDANT_VALLEY,860,0.000236400,true,2,34,255
C,VERDANT_VALLEY,861,0.000128500,true,1,18,145
C,VERDANT_VALLEY,862,0.000379000,true,1,21,144
C,VERDANT_VALLEY,863,0.000113100,true,1,14,84
C,VERDANT_VALLEY,864,0.000089800,true,1,12,63
C,VERDANT_VALLEY,865,0.000266000,true,2,42,282
C,VERDANT_VALLEY,866,0.000082900,true,1,10,55
C,VERDANT_VALLEY,867,0.000111500,true,1,19,146
C,VERDANT_VALLEY,868,0.000107800,true,1,17,133
C,VERDANT_VALLEY,869,0.000109200,true,1,20,145
C,VERDANT_VALLEY,870,0.000102700,true,1,19,106
C,VERDANT_VALLEY,871,0.000105700,true,1,14,65
C,VERDANT_VALLEY,872,0.000108800,true,1,15,75
C,VERDANT_VALLEY,873,0.000151400,true,1,28,246
C,VERDANT_VALLEY,874,0.000107100,true,1,17,128
C,VERDANT_VALLEY,875,0.000115400,true,1,21,149
C,VERDANT_VALLEY,876,0.000106600,true,1,20,105
C,VERDANT_VALLEY,877,0.000114600,true,1,20,193
C,VERDANT_VALLEY,878,0.000083000,true,1,12,69
C,VERDANT_VALLEY,879,0.000081000,true,1,12,61
C,VERDANT_VALLEY,880,0.000235900,true,2,44,322
C,VERDANT_VALLEY,881,0.000076900,true,1,10,55
C,VERDANT_VALLEY,882,0.000093000,true,1,14,92
C,VERDANT_VALLEY,883,0.000100300,true,1,14,94
C,VERDANT_VALLEY,884,0.000092500,true,1,14,87
C,VERDANT_VALLEY,885,0.000105700,true,1,19,153
C,VERDANT_VALLEY,886,0.000161800,true,2,27,103
C,VERDANT_VALLEY,887,0.000112900,true,1,19,161
C,VERDANT_VALLEY,888,0.000307700,true,3,57,393
C,VERDANT_VALLEY,889,0.000086200,true,1,12,78
C,VERDANT_VALLEY,890,0.000098300,true,1,16,106
C,VERDANT_VALLEY,891,0.000112700,true,1,22,136
C,VERDANT_VALLEY,892,0.000103800,true,1,15,120
C,VERDANT_VALLEY,893,0.000204200,true,2,39,271
C,VERDANT_VALLEY,894,0.000089800,true,1,13,60
C,VERDANT_VALLEY,895,0.000098700,true,1,15,99
C,VERDANT_VALLEY,896,0.000099700,true,1,14,75
C,VERDANT_VALLEY,897,0.000100600,true,1,18,115
C,VERDANT_VALLEY,898,0.000086400,true,1,12,59
C,VERDANT_VALLEY,899,0.000083100,true,1,12,59
C,VERDANT_VALLEY,900,0.000103500,true,1,21,108
C,VERDANT_VALLEY,901,0.000109700,true,1,19,177
C,VERDANT_VALLEY,902,0.000100400,true,1,17,129
C,VERDANT_VALLEY,903,0.000094700,true,1,15,93
C,VERDANT_VALLEY,904,0.000088300,true,1,14,76
C,VERDANT_VALLEY,905,0.000089600,true,1,13,73
C,VERDANT_VALLEY,906,0.000104500,true,1,17,85
C,VERDANT_VALLEY,907,0.000127700,true,1,20,128
C,VERDANT_VALLEY,908,0.000241900,true,2,50,225
C,VERDANT_VALLEY,909,0.000094600,true,1,15,72
C,VERDANT_VALLEY,910,0.000118100,true,1,19,162
C,VERDANT_VALLEY,911,0.000089400,true,1,14,61
C,VERDANT_VALLEY,912,0.000222800,true,2,42,375
C,VERDANT_VALLEY,913,0.000090200,true,1,13,83
C,VERDANT_VALLEY,914,0.000120300,true,1,20,175
C,VERDANT_VALLEY,915,0.000093100,true,1,14,88
C,VERDANT_VALLEY,916,0.000095800,true,1,18,116
C,VERDANT_VALLEY,917,0.000102500,true,1,16,87
C,VERDANT_VALLEY,918,0.000094400,true,1,17,87
C,VERDANT_VALLEY,919,0.000090800,true,1,12,78
C,VERDANT_VALLEY,920,0.000083900,true,1,12,54
C,VERDANT_VALLEY,921,0.000091700,true,1,17,72
C,VERDANT_VALLEY,922,0.000087500,true,1,13,76
C,VERDANT_VALLEY,923,0.000092700,true,1,14,72
C,VERDANT_VALLEY,924,0.000111900,true,1,19,119
C,VERDANT_VALLEY,925,0.000132600,true,1,17,132
C,VERDANT_VALLEY,926,0.000096800,true,1,14,69
C,VERDANT_VALLEY,927,0.000183300,true,2,29,183
C,VERDANT_VALLEY,928,0.000086200,true,1,14,68
C,VERDANT_VALLEY,929,0.000078400,true,1,11,51
C,VERDANT_VALLEY,930,0.000087000,true,1,13,71
C,VERDANT_VALLEY,931,0.000116700,true,1,19,161
C,VERDANT_VALLEY,932,0.000092200,true,1,13,79
C,VERDANT_VALLEY,933,0.000094000,true,1,12,66
C,VERDANT_VALLEY,934,0.000082800,true,1,13,71
C,VERDANT_VALLEY,935,0.000099600,true,1,18,122
C,VERDANT_VALLEY,936,0.000085500,true,1,13,68
C,VERDANT_VALLEY,937,0.000350000,true,2,31,203
C,VERDANT_VALLEY,938,0.000331800,true,3,58,426
C,VERDANT_VALLEY,939,0.000089600,true,1,14,67
C,VERDANT_VALLEY,940,0.000220000,true,2,37,355
C,VERDANT_VALLEY,941,0.000105500,true,1,18,154
C,VERDANT_VALLEY,942,0.000077800,true,1,11,60
C,VERDANT_VALLEY,943,0.000106800,true,1,18,113
C,VERDANT_VALLEY,944,0.000085400,true,1,12,78
C,VERDANT_VALLEY,945,0.000091300,true,1,16,96
C,VERDANT_VALLEY,946,0.000103900,true,1,18,127
C,VERDANT_VALLEY,947,0.000245800,true,2,44,370
C,VERDANT_VALLEY,948,0.000094100,true,1,16,89
C,VERDANT_VALLEY,949,0.000216800,true,2,37,245
C,VERDANT_VALLEY,950,0.000114500,true,1,19,116
C,VERDANT_VALLEY,951,0.000167000,true,1,12,66
C,VERDANT_VALLEY,952,0.000095500,true,1,16,78
C,VERDANT_VALLEY,953,0.000121500,true,1,21,140
C,VERDANT_VALLEY,954,0.000107700,true,1,17,67
C,VERDANT_VALLEY,955,0.000118900,true,1,18,114
C,VERDANT_VALLEY,956,0.000102100,true,1,16,74
C,VERDANT_VALLEY,957,0.000086500,true,1,10,47
C,VERDANT_VALLEY,958,0.000112400,true,1,19,107
C,VERDANT_VALLEY,959,0.000149000,true,1,22,235
C,VERDANT_VALLEY,960,0.000097800,true,1,11,53
C,VERDANT_VALLEY,961,0.000093700,true,1,12,63
C,VERDANT_VALLEY,962,0.000107100,true,1,15,84
C,VERDANT_VALLEY,963,0.000138300,true,1,20,193
C,VERDANT_VALLEY,964,0.000145900,true,1,19,118
C,VERDANT_VALLEY,965,0.000128600,true,1,20,140
C,VERDANT_VALLEY,966,0.000373500,true,3,60,411
C,VERDANT_VALLEY,967,0.000120100,true,1,16,101
C,VERDANT_VALLEY,968,0.000093600,true,1,14,73
C,VERDANT_VALLEY,969,0.000308000,true,3,45,274
C,VERDANT_VALLEY,970,0.000095800,true,1,12,57
C,VERDANT_VALLEY,971,0.000119300,true,1,20,134
C,VERDANT_VALLEY,972,0.000092600,true,1,12,63
C,VERDANT_VALLEY,973,0.000102400,true,1,14,85
C,VERDANT_VALLEY,974,0.000125400,true,1,19,150
C,VERDANT_VALLEY,975,0.000103200,true,1,16,136
C,VERDANT_VALLEY,976,0.000094500,true,1,15,95
C,VERDANT_VALLEY,977,0.000113900,true,1,20,117
C,VERDANT_VALLEY,978,0.000180400,true,2,30,190
C,VERDANT_VALLEY,979,0.000107900,true,1,20,147
C,VERDANT_VALLEY,980,0.000102800,true,1,16,96
C,VERDANT_VALLEY,981,0.000083000,true,1,12,67
C,VERDANT_VALLEY,982,0.000094200,true,1,13,67
C,VERDANT_VALLEY,983,0.000222900,true,2,35,211
C,VERDANT_VALLEY,984,0.000167000,true,1,22,110
C,VERDANT_VALLEY,985,0.000085200,true,1,14,73
C,VERDANT_VALLEY,986,0.000197700,true,2,32,259
C,VERDANT_VALLEY,987,0.000120400,true,1,20,163
C,VERDANT_VALLEY,988,0.000103500,true,1,14,95
C,VERDANT_VALLEY,989,0.000279200,true,2,40,328
C,VERDANT_VALLEY,990,0.000322800,true,3,51,293
C,VERDANT_VALLEY,991,0.000087200,true,1,9,45
C,VERDANT_VALLEY,992,0.000130100,true,1,15,69
C,VERDANT_VALLEY,993,0.000192800,true,1,16,85
C,VERDANT_VALLEY,994,0.000383700,true,2,28,173
C,VERDANT_VALLEY,995,0.000157300,true,1,12,60
C,VERDANT_VALLEY,996,0.000157600,true,1,16,104
C,VERDANT_VALLEY,997,0.000892100,true,4,103,639
C,VERDANT_VALLEY,998,0.000186200,true,1,16,96
C,VERDANT_VALLEY,999,0.000119100,true,1,16,126
C,VERDANT_VALLEY,1000,0.000124300,true,1,15,88
C,SKY_CITADEL,1,0.000529100,true,1,13,91
C,SKY_CITADEL,2,0.000114900,true,1,10,46
C,SKY_CITADEL,3,0.000245200,true,2,35,266
C,SKY_CITADEL,4,0.000111100,true,1,12,78
C,SKY_CITADEL,5,0.000095200,true,1,11,58
C,SKY_CITADEL,6,0.000114000,true,1,14,96
C,SKY_CITADEL,7,0.000109100,true,1,13,91
C,SKY_CITADEL,8,0.000152000,true,1,21,231
C,SKY_CITADEL,9,0.000292500,true,2,45,198
C,SKY_CITADEL,10,0.000095400,true,1,11,62
C,SKY_CITADEL,11,0.000101200,true,1,12,78
C,SKY_CITADEL,12,0.000111500,true,1,14,105
C,SKY_CITADEL,13,0.000088700,true,1,10,47
C,SKY_CITADEL,14,0.000108800,true,1,13,91
C,SKY_CITADEL,15,0.000088700,true,1,9,45
C,SKY_CITADEL,16,0.000113900,true,1,17,139
C,SKY_CITADEL,17,0.000086500,true,1,10,55
C,SKY_CITADEL,18,0.000107000,true,1,15,120
C,SKY_CITADEL,19,0.000087700,true,1,11,61
C,SKY_CITADEL,20,0.000089800,true,1,12,63
C,SKY_CITADEL,21,0.000082400,true,1,9,45
C,SKY_CITADEL,22,0.000102800,true,1,13,84
C,SKY_CITADEL,23,0.000104500,true,1,15,111
C,SKY_CITADEL,24,0.000095000,true,1,13,91
C,SKY_CITADEL,25,0.000090500,true,1,11,59
C,SKY_CITADEL,26,0.000082900,true,1,10,47
C,SKY_CITADEL,27,0.000086000,true,1,10,50
C,SKY_CITADEL,28,0.000205900,true,2,40,88
C,SKY_CITADEL,29,0.000106400,true,1,12,78
C,SKY_CITADEL,30,0.000105000,true,1,16,124
C,SKY_CITADEL,31,0.000098300,true,1,13,91
C,SKY_CITADEL,32,0.000106600,true,1,13,91
C,SKY_CITADEL,33,0.000092300,true,1,9,45
C,SKY_CITADEL,34,0.000105800,true,1,13,91
C,SKY_CITADEL,35,0.000102500,true,1,13,91
C,SKY_CITADEL,36,0.000081300,true,1,9,45
C,SKY_CITADEL,37,0.000083000,true,1,10,47
C,SKY_CITADEL,38,0.000080000,true,1,9,45
C,SKY_CITADEL,39,0.000104900,true,1,15,106
C,SKY_CITADEL,40,0.000207500,true,2,40,172
C,SKY_CITADEL,41,0.000081300,true,1,9,45
C,SKY_CITADEL,42,0.000081900,true,1,9,45
C,SKY_CITADEL,43,0.000087800,true,1,11,56
C,SKY_CITADEL,44,0.000104700,true,1,12,78
C,SKY_CITADEL,45,0.000086100,true,1,10,51
C,SKY_CITADEL,46,0.000100100,true,1,12,78
C,SKY_CITADEL,47,0.000098900,true,1,14,74
C,SKY_CITADEL,48,0.000091900,true,1,12,57
C,SKY_CITADEL,49,0.000083700,true,1,10,50
C,SKY_CITADEL,50,0.000090800,true,1,12,54
C,SKY_CITADEL,51,0.000098500,true,1,13,91
C,SKY_CITADEL,52,0.000082300,true,1,9,45
C,SKY_CITADEL,53,0.000086000,true,1,10,55
C,SKY_CITADEL,54,0.000111000,true,1,16,136
C,SKY_CITADEL,55,0.000081500,true,1,9,45
C,SKY_CITADEL,56,0.000096800,true,1,13,91
C,SKY_CITADEL,57,0.000111600,true,1,15,120
C,SKY_CITADEL,58,0.000094700,true,1,9,45
C,SKY_CITADEL,59,0.000122100,true,1,18,171
C,SKY_CITADEL,60,0.000097500,true,1,12,78
C,SKY_CITADEL,61,0.000084000,true,1,10,55
C,SKY_CITADEL,62,0.000080900,true,1,9,45
C,SKY_CITADEL,63,0.000091700,true,1,12,78
C,SKY_CITADEL,64,0.000082300,true,1,9,45
C,SKY_CITADEL,65,0.000083100,true,1,10,48
C,SKY_CITADEL,66,0.000079600,true,1,9,45
C,SKY_CITADEL,67,0.000107800,true,1,16,136
C,SKY_CITADEL,68,0.000085400,true,1,10,55
C,SKY_CITADEL,69,0.000114900,true,1,18,157
C,SKY_CITADEL,70,0.000084200,true,1,10,50
C,SKY_CITADEL,71,0.000089000,true,1,12,65
C,SKY_CITADEL,72,0.000099400,true,1,14,97
C,SKY_CITADEL,73,0.000084300,true,1,10,51
C,SKY_CITADEL,74,0.000084600,true,1,10,47
C,SKY_CITADEL,75,0.000083600,true,1,10,52
C,SKY_CITADEL,76,0.000269300,true,2,48,311
C,SKY_CITADEL,77,0.000078400,true,1,9,45
C,SKY_CITADEL,78,0.000086500,true,1,10,52
C,SKY_CITADEL,79,0.000080400,true,1,9,45
C,SKY_CITADEL,80,0.000087600,true,1,11,51
C,SKY_CITADEL,81,0.000079500,true,1,9,45
C,SKY_CITADEL,82,0.000083800,true,1,10,55
C,SKY_CITADEL,83,0.000226200,true,2,35,208
C,SKY_CITADEL,84,0.000229400,true,2,37,262
C,SKY_CITADEL,85,0.000097400,true,1,14,93
C,SKY_CITADEL,86,0.000081100,true,1,9,45
C,SKY_CITADEL,87,0.000081100,true,1,9,45
C,SKY_CITADEL,88,0.000083400,true,1,10,46
C,SKY_CITADEL,89,0.000082300,true,1,9,45
C,SKY_CITADEL,90,0.000088800,true,1,9,45
C,SKY_CITADEL,91,0.000084900,true,1,10,50
C,SKY_CITADEL,92,0.000083700,true,1,10,46
C,SKY_CITADEL,93,0.000098200,true,1,13,91
C,SKY_CITADEL,94,0.000208000,true,2,27,166
C,SKY_CITADEL,95,0.000082500,true,1,10,48
C,SKY_CITADEL,96,0.000086400,true,1,11,57
C,SKY_CITADEL,97,0.000082500,true,1,10,48
C,SKY_CITADEL,98,0.000084800,true,1,11,57
C,SKY_CITADEL,99,0.000090900,true,1,12,78
C,SKY_CITADEL,100,0.000179700,true,2,25,151
C,SKY_CITADEL,101,0.000090000,true,1,12,66
C,SKY_CITADEL,102,0.000109800,true,1,17,143
C,SKY_CITADEL,103,0.000088500,true,1,12,64
C,SKY_CITADEL,104,0.000205200,true,2,35,209
C,SKY_CITADEL,105,0.000085000,true,1,9,45
C,SKY_CITADEL,106,0.000084100,true,1,10,55
C,SKY_CITADEL,107,0.000106200,true,1,16,136
C,SKY_CITADEL,108,0.000189900,true,2,27,180
C,SKY_CITADEL,109,0.000131700,true,1,14,93
C,SKY_CITADEL,110,0.000101100,true,1,13,91
C,SKY_CITADEL,111,0.000085500,true,1,9,45
C,SKY_CITADEL,112,0.000126400,true,1,23,190
C,SKY_CITADEL,113,0.000106900,true,1,16,125
C,SKY_CITADEL,114,0.000205700,true,2,26,153
C,SKY_CITADEL,115,0.000246100,true,2,41,249
C,SKY_CITADEL,116,0.000080000,true,1,9,45
C,SKY_CITADEL,117,0.000100500,true,1,14,98
C,SKY_CITADEL,118,0.000085000,true,1,9,45
C,SKY_CITADEL,119,0.000080700,true,1,9,45
C,SKY_CITADEL,120,0.000092100,true,1,12,78
C,SKY_CITADEL,121,0.000081700,true,1,9,45
C,SKY_CITADEL,122,0.000087100,true,1,11,57
C,SKY_CITADEL,123,0.000082700,true,1,9,45
C,SKY_CITADEL,124,0.000080200,true,1,9,45
C,SKY_CITADEL,125,0.000082900,true,1,10,52
C,SKY_CITADEL,126,0.000083600,true,1,10,55
C,SKY_CITADEL,127,0.000084000,true,1,10,48
C,SKY_CITADEL,128,0.000083100,true,1,10,52
C,SKY_CITADEL,129,0.000100600,true,1,15,96
C,SKY_CITADEL,130,0.000082100,true,1,9,45
C,SKY_CITADEL,131,0.000096200,true,1,13,84
C,SKY_CITADEL,132,0.000090400,true,1,12,66
C,SKY_CITADEL,133,0.000091200,true,1,13,70
C,SKY_CITADEL,134,0.000084900,true,1,10,50
C,SKY_CITADEL,135,0.000117000,true,1,11,54
C,SKY_CITADEL,136,0.000106000,true,1,12,78
C,SKY_CITADEL,137,0.000101600,true,1,13,79
C,SKY_CITADEL,138,0.000120300,true,1,12,78
C,SKY_CITADEL,139,0.000083500,true,1,9,45
C,SKY_CITADEL,140,0.000095700,true,1,12,78
C,SKY_CITADEL,141,0.000095600,true,1,12,78
C,SKY_CITADEL,142,0.000085100,true,1,10,48
C,SKY_CITADEL,143,0.000082000,true,1,9,45
C,SKY_CITADEL,144,0.000093600,true,1,13,81
C,SKY_CITADEL,145,0.000087600,true,1,9,45
C,SKY_CITADEL,146,0.000119500,true,1,19,173
C,SKY_CITADEL,147,0.000091300,true,1,11,62
C,SKY_CITADEL,148,0.000081400,true,1,9,45
C,SKY_CITADEL,149,0.000205000,true,2,40,117
C,SKY_CITADEL,150,0.000084300,true,1,9,45
C,SKY_CITADEL,151,0.000092700,true,1,10,55
C,SKY_CITADEL,152,0.000096600,true,1,9,45
C,SKY_CITADEL,153,0.000356200,true,3,55,229
C,SKY_CITADEL,154,0.000094400,true,1,11,55
C,SKY_CITADEL,155,0.000115800,true,1,14,95
C,SKY_CITADEL,156,0.000135000,true,1,11,61
C,SKY_CITADEL,157,0.000175000,true,1,12,78
C,SKY_CITADEL,158,0.000101400,true,1,9,45
C,SKY_CITADEL,159,0.000174000,true,1,10,47
C,SKY_CITADEL,160,0.000088600,true,1,10,51
C,SKY_CITADEL,161,0.000134600,true,1,18,171
C,SKY_CITADEL,162,0.000122600,true,1,13,91
C,SKY_CITADEL,163,0.000097400,true,1,9,45
C,SKY_CITADEL,164,0.000096400,true,1,9,45
C,SKY_CITADEL,165,0.000445100,true,2,30,199
C,SKY_CITADEL,166,0.000159300,true,1,15,120
C,SKY_CITADEL,167,0.000108600,true,1,12,66
C,SKY_CITADEL,168,0.000108700,true,1,13,91
C,SKY_CITADEL,169,0.000119000,true,1,14,105
C,SKY_CITADEL,170,0.000096400,true,1,10,47
C,SKY_CITADEL,171,0.000138500,true,1,9,45
C,SKY_CITADEL,172,0.000123100,true,1,15,108
C,SKY_CITADEL,173,0.000091300,true,1,9,45
C,SKY_CITADEL,174,0.000101900,true,1,10,46
C,SKY_CITADEL,175,0.000102900,true,1,10,55
C,SKY_CITADEL,176,0.000150800,true,1,19,175
C,SKY_CITADEL,177,0.000083900,true,1,9,45
C,SKY_CITADEL,178,0.000103500,true,1,16,102
C,SKY_CITADEL,179,0.000251900,true,3,49,183
C,SKY_CITADEL,180,0.000089100,true,1,9,45
C,SKY_CITADEL,181,0.000263200,true,2,27,153
C,SKY_CITADEL,182,0.000125800,true,1,11,51
C,SKY_CITADEL,183,0.000092700,true,1,10,47
C,SKY_CITADEL,184,0.000085400,true,1,9,45
C,SKY_CITADEL,185,0.000088600,true,1,11,54
C,SKY_CITADEL,186,0.000080700,true,1,9,45
C,SKY_CITADEL,187,0.000095600,true,1,10,48
C,SKY_CITADEL,188,0.000080700,true,1,9,45
C,SKY_CITADEL,189,0.000082400,true,1,9,45
C,SKY_CITADEL,190,0.000259100,true,2,49,237
C,SKY_CITADEL,191,0.000250200,true,2,28,181
C,SKY_CITADEL,192,0.000099500,true,1,10,55
C,SKY_CITADEL,193,0.000088800,true,1,9,45
C,SKY_CITADEL,194,0.000128100,true,1,17,153
C,SKY_CITADEL,195,0.000088100,true,1,9,45
C,SKY_CITADEL,196,0.000093300,true,1,10,55
C,SKY_CITADEL,197,0.000082800,true,1,10,50
C,SKY_CITADEL,198,0.000103800,true,1,14,95
C,SKY_CITADEL,199,0.000107900,true,1,13,91
C,SKY_CITADEL,200,0.000112600,true,1,13,91
C,SKY_CITADEL,201,0.000098200,true,1,9,45
C,SKY_CITADEL,202,0.000094200,true,1,10,48
C,SKY_CITADEL,203,0.000094100,true,1,9,45
C,SKY_CITADEL,204,0.000234100,true,2,37,148
C,SKY_CITADEL,205,0.000097400,true,1,10,55
C,SKY_CITADEL,206,0.000148800,true,1,14,91
C,SKY_CITADEL,207,0.000247900,true,1,17,138
C,SKY_CITADEL,208,0.000180600,true,1,11,56
C,SKY_CITADEL,209,0.000542200,true,2,37,145
C,SKY_CITADEL,210,0.000255000,true,1,10,51
C,SKY_CITADEL,211,0.000174600,true,1,10,55
C,SKY_CITADEL,212,0.000151400,true,1,9,45
C,SKY_CITADEL,213,0.000431600,true,2,36,266
C,SKY_CITADEL,214,0.000155200,true,1,9,45
C,SKY_CITADEL,215,0.000121200,true,1,14,92
C,SKY_CITADEL,216,0.000109000,true,1,12,78
C,SKY_CITADEL,217,0.000107000,true,1,11,58
C,SKY_CITADEL,218,0.000114200,true,1,14,84
C,SKY_CITADEL,219,0.000115600,true,1,17,102
C,SKY_CITADEL,220,0.000083500,true,1,9,45
C,SKY_CITADEL,221,0.000097000,true,1,13,91
C,SKY_CITADEL,222,0.000221400,true,2,37,332
C,SKY_CITADEL,223,0.000081300,true,1,10,46
C,SKY_CITADEL,224,0.000079300,true,1,9,45
C,SKY_CITADEL,225,0.000083700,true,1,9,45
C,SKY_CITADEL,226,0.000082700,true,1,9,45
C,SKY_CITADEL,227,0.000082500,true,1,10,46
C,SKY_CITADEL,228,0.000085000,true,1,10,55
C,SKY_CITADEL,229,0.000090700,true,1,10,55
C,SKY_CITADEL,230,0.000079300,true,1,9,45
C,SKY_CITADEL,231,0.000080300,true,1,9,45
C,SKY_CITADEL,232,0.000310700,true,3,65,217
C,SKY_CITADEL,233,0.000080100,true,1,9,45
C,SKY_CITADEL,234,0.000084300,true,1,11,54
C,SKY_CITADEL,235,0.000179100,true,2,40,193
C,SKY_CITADEL,236,0.000204400,true,2,35,246
C,SKY_CITADEL,237,0.000102000,true,1,15,120
C,SKY_CITADEL,238,0.000089700,true,1,11,60
C,SKY_CITADEL,239,0.000224800,true,2,39,275
C,SKY_CITADEL,240,0.000239600,true,2,38,256
C,SKY_CITADEL,241,0.000093400,true,1,10,51
C,SKY_CITADEL,242,0.000101400,true,1,14,93
C,SKY_CITADEL,243,0.000112100,true,1,17,153
C,SKY_CITADEL,244,0.000086100,true,1,9,45
C,SKY_CITADEL,245,0.000092000,true,1,12,78
C,SKY_CITADEL,246,0.000080000,true,1,9,45
C,SKY_CITADEL,247,0.000090300,true,1,12,78
C,SKY_CITADEL,248,0.000082500,true,1,9,45
C,SKY_CITADEL,249,0.000175700,true,1,11,51
C,SKY_CITADEL,250,0.000093600,true,1,12,78
C,SKY_CITADEL,251,0.000286400,true,1,12,78
C,SKY_CITADEL,252,0.000180100,true,1,10,55
C,SKY_CITADEL,253,0.000399500,true,2,28,223
C,SKY_CITADEL,254,0.000189200,true,1,13,85
C,SKY_CITADEL,255,0.000166100,true,1,11,54
C,SKY_CITADEL,256,0.000160600,true,1,9,45
C,SKY_CITADEL,257,0.000182200,true,1,10,55
C,SKY_CITADEL,258,0.000100800,true,1,9,45
C,SKY_CITADEL,259,0.000091800,true,1,10,52
C,SKY_CITADEL,260,0.000124600,true,1,11,56
C,SKY_CITADEL,261,0.000096900,true,1,10,50
C,SKY_CITADEL,262,0.000089800,true,1,10,52
C,SKY_CITADEL,263,0.000101400,true,1,13,91
C,SKY_CITADEL,264,0.000125500,true,1,20,191
C,SKY_CITADEL,265,0.000084500,true,1,9,45
C,SKY_CITADEL,266,0.000227500,true,2,45,157
C,SKY_CITADEL,267,0.000081300,true,1,9,45
C,SKY_CITADEL,268,0.000116000,true,1,18,154
C,SKY_CITADEL,269,0.000084800,true,1,10,51
C,SKY_CITADEL,270,0.000090500,true,1,11,62
C,SKY_CITADEL,271,0.000104400,true,1,12,78
C,SKY_CITADEL,272,0.000160900,true,1,11,49
C,SKY_CITADEL,273,0.000220100,true,1,9,45
C,SKY_CITADEL,274,0.000176500,true,1,10,55
C,SKY_CITADEL,275,0.000587300,true,2,41,183
C,SKY_CITADEL,276,0.000168900,true,1,10,55
C,SKY_CITADEL,277,0.000320300,true,2,24,138
C,SKY_CITADEL,278,0.000109200,true,1,13,91
C,SKY_CITADEL,279,0.000093300,true,1,12,56
C,SKY_CITADEL,280,0.000103000,true,1,13,91
C,SKY_CITADEL,281,0.000115700,true,1,9,45
C,SKY_CITADEL,282,0.000118700,true,1,18,157
C,SKY_CITADEL,283,0.000123700,true,1,19,175
C,SKY_CITADEL,284,0.000235200,true,2,29,228
C,SKY_CITADEL,285,0.000214900,true,2,42,210
C,SKY_CITADEL,286,0.000109700,true,1,14,105
C,SKY_CITADEL,287,0.000093300,true,1,10,52
C,SKY_CITADEL,288,0.000103000,true,1,12,78
C,SKY_CITADEL,289,0.000091900,true,1,10,55
C,SKY_CITADEL,290,0.000094400,true,1,10,49
C,SKY_CITADEL,291,0.000111200,true,1,11,61
C,SKY_CITADEL,292,0.000095800,true,1,10,47
C,SKY_CITADEL,293,0.000099100,true,1,13,91
C,SKY_CITADEL,294,0.000088900,true,1,11,53
C,SKY_CITADEL,295,0.000104100,true,1,9,45
C,SKY_CITADEL,296,0.000230700,true,2,34,179
C,SKY_CITADEL,297,0.000086100,true,1,10,55
C,SKY_CITADEL,298,0.000104300,true,1,14,105
C,SKY_CITADEL,299,0.000082500,true,1,9,45
C,SKY_CITADEL,300,0.000081600,true,1,9,45
C,SKY_CITADEL,301,0.000099000,true,1,13,91
C,SKY_CITADEL,302,0.000087500,true,1,10,55
C,SKY_CITADEL,303,0.000097500,true,1,14,84
C,SKY_CITADEL,304,0.000085500,true,1,11,53
C,SKY_CITADEL,305,0.000088400,true,1,10,46
C,SKY_CITADEL,306,0.000099600,true,1,14,105
C,SKY_CITADEL,307,0.000082300,true,1,9,45
C,SKY_CITADEL,308,0.000110800,true,1,9,45
C,SKY_CITADEL,309,0.000102400,true,1,14,81
C,SKY_CITADEL,310,0.000083000,true,1,9,45
C,SKY_CITADEL,311,0.000079800,true,1,9,45
C,SKY_CITADEL,312,0.000094200,true,1,13,84
C,SKY_CITADEL,313,0.000092900,true,1,13,64
C,SKY_CITADEL,314,0.000120700,true,1,18,171
C,SKY_CITADEL,315,0.000090000,true,1,10,52
C,SKY_CITADEL,316,0.000091300,true,1,11,54
C,SKY_CITADEL,317,0.000088300,true,1,9,45
C,SKY_CITADEL,318,0.000104900,true,1,13,91
C,SKY_CITADEL,319,0.000091800,true,1,10,51
C,SKY_CITADEL,320,0.000089700,true,1,10,55
C,SKY_CITADEL,321,0.000096700,true,1,12,78
C,SKY_CITADEL,322,0.000089500,true,1,11,54
C,SKY_CITADEL,323,0.000081600,true,1,9,45
C,SKY_CITADEL,324,0.000108300,true,1,17,127
C,SKY_CITADEL,325,0.000104300,true,1,15,109
C,SKY_CITADEL,326,0.000088300,true,1,10,48
C,SKY_CITADEL,327,0.000105100,true,1,15,120
C,SKY_CITADEL,328,0.000215800,true,2,33,257
C,SKY_CITADEL,329,0.000115300,true,1,18,171
C,SKY_CITADEL,330,0.000081600,true,1,9,45
C,SKY_CITADEL,331,0.000095500,true,1,13,85
C,SKY_CITADEL,332,0.000107200,true,1,9,45
C,SKY_CITADEL,333,0.000186300,true,2,25,161
C,SKY_CITADEL,334,0.000088200,true,1,10,55
C,SKY_CITADEL,335,0.000080300,true,1,9,45
C,SKY_CITADEL,336,0.000083800,true,1,10,49
C,SKY_CITADEL,337,0.000085500,true,1,11,61
C,SKY_CITADEL,338,0.000082700,true,1,9,45
C,SKY_CITADEL,339,0.000082700,true,1,10,48
C,SKY_CITADEL,340,0.000097900,true,1,11,53
C,SKY_CITADEL,341,0.000100600,true,1,13,81
C,SKY_CITADEL,342,0.000084600,true,1,9,45
C,SKY_CITADEL,343,0.000093000,true,1,12,78
C,SKY_CITADEL,344,0.000084800,true,1,10,55
C,SKY_CITADEL,345,0.000105800,true,1,16,124
C,SKY_CITADEL,346,0.000094000,true,1,13,83
C,SKY_CITADEL,347,0.000081300,true,1,9,45
C,SKY_CITADEL,348,0.000107800,true,1,13,91
C,SKY_CITADEL,349,0.000113400,true,1,17,153
C,SKY_CITADEL,350,0.000103400,true,1,15,96
C,SKY_CITADEL,351,0.000084100,true,1,10,47
C,SKY_CITADEL,352,0.000081000,true,1,9,45
C,SKY_CITADEL,353,0.000081900,true,1,9,45
C,SKY_CITADEL,354,0.000086700,true,1,11,49
C,SKY_CITADEL,355,0.000081500,true,1,9,45
C,SKY_CITADEL,356,0.000094200,true,1,13,81
C,SKY_CITADEL,357,0.000082900,true,1,9,45
C,SKY_CITADEL,358,0.000223900,true,2,48,187
C,SKY_CITADEL,359,0.000215200,true,2,38,84
C,SKY_CITADEL,360,0.000185100,true,1,9,45
C,SKY_CITADEL,361,0.000087000,true,1,9,45
C,SKY_CITADEL,362,0.000097700,true,1,11,54
C,SKY_CITADEL,363,0.000094500,true,1,9,45
C,SKY_CITADEL,364,0.000103700,true,1,10,47
C,SKY_CITADEL,365,0.000099900,true,1,10,52
C,SKY_CITADEL,366,0.000102400,true,1,10,55
C,SKY_CITADEL,367,0.000237000,true,1,10,50
C,SKY_CITADEL,368,0.000154500,true,1,18,147
C,SKY_CITADEL,369,0.000114300,true,1,13,91
C,SKY_CITADEL,370,0.000133500,true,1,18,171
C,SKY_CITADEL,371,0.000097100,true,1,10,48
C,SKY_CITADEL,372,0.000097000,true,1,10,55
C,SKY_CITADEL,373,0.000111000,true,1,13,91
C,SKY_CITADEL,374,0.000128400,true,1,17,153
C,SKY_CITADEL,375,0.000143700,true,1,20,177
C,SKY_CITADEL,376,0.000096200,true,1,9,45
C,SKY_CITADEL,377,0.000125100,true,1,17,140
C,SKY_CITADEL,378,0.000118200,true,1,13,83
C,SKY_CITADEL,379,0.000110300,true,1,9,45
C,SKY_CITADEL,380,0.000081100,true,1,9,45
C,SKY_CITADEL,381,0.000083400,true,1,10,55
C,SKY_CITADEL,382,0.000092400,true,1,12,78
C,SKY_CITADEL,383,0.000099300,true,1,9,45
C,SKY_CITADEL,384,0.000092700,true,1,12,78
C,SKY_CITADEL,385,0.000081200,true,1,9,45
C,SKY_CITADEL,386,0.000107000,true,1,14,88
C,SKY_CITADEL,387,0.000110000,true,1,13,91
C,SKY_CITADEL,388,0.000096300,true,1,11,51
C,SKY_CITADEL,389,0.000091500,true,1,10,50
C,SKY_CITADEL,390,0.000101000,true,1,13,84
C,SKY_CITADEL,391,0.000213500,true,2,33,246
C,SKY_CITADEL,392,0.000094600,true,1,9,45
C,SKY_CITADEL,393,0.000089400,true,1,10,52
C,SKY_CITADEL,394,0.000201600,true,2,20,104
C,SKY_CITADEL,395,0.000084000,true,1,10,46
C,SKY_CITADEL,396,0.000080200,true,1,9,45
C,SKY_CITADEL,397,0.000107200,true,1,12,78
C,SKY_CITADEL,398,0.000249300,true,2,36,265
C,SKY_CITADEL,399,0.000125500,true,1,15,99
C,SKY_CITADEL,400,0.000085600,true,1,9,45
C,SKY_CITADEL,401,0.000100100,true,1,11,58
C,SKY_CITADEL,402,0.000095700,true,1,12,78
C,SKY_CITADEL,403,0.000086600,true,1,11,51
C,SKY_CITADEL,404,0.000091900,true,1,10,55
C,SKY_CITADEL,405,0.000109700,true,1,13,91
C,SKY_CITADEL,406,0.000219600,true,2,25,132
C,SKY_CITADEL,407,0.000087700,true,1,10,55
C,SKY_CITADEL,408,0.000085500,true,1,9,45
C,SKY_CITADEL,409,0.000098600,true,1,11,53
C,SKY_CITADEL,410,0.000117100,true,1,14,95
C,SKY_CITADEL,411,0.000106300,true,1,9,45
C,SKY_CITADEL,412,0.000396200,true,2,29,161
C,SKY_CITADEL,413,0.000164600,true,1,9,45
C,SKY_CITADEL,414,0.000368300,true,2,34,251
C,SKY_CITADEL,415,0.000250400,true,1,18,171
C,SKY_CITADEL,416,0.000171700,true,1,11,58
C,SKY_CITADEL,417,0.000171100,true,1,10,55
C,SKY_CITADEL,418,0.000160500,true,1,10,52
C,SKY_CITADEL,419,0.000181900,true,1,12,78
C,SKY_CITADEL,420,0.000157800,true,1,12,78
C,SKY_CITADEL,421,0.000129200,true,1,17,142
C,SKY_CITADEL,422,0.000112800,true,1,9,45
C,SKY_CITADEL,423,0.000166700,true,1,23,258
C,SKY_CITADEL,424,0.000183800,true,2,41,155
C,SKY_CITADEL,425,0.000084500,true,1,10,47
C,SKY_CITADEL,426,0.000085000,true,1,10,55
C,SKY_CITADEL,427,0.000097100,true,1,13,91
C,SKY_CITADEL,428,0.000083800,true,1,10,51
C,SKY_CITADEL,429,0.000093800,true,1,10,55
C,SKY_CITADEL,430,0.000079800,true,1,9,45
C,SKY_CITADEL,431,0.000087500,true,1,12,56
C,SKY_CITADEL,432,0.000084100,true,1,10,50
C,SKY_CITADEL,433,0.000171500,true,2,41,107
C,SKY_CITADEL,434,0.000118500,true,1,19,190
C,SKY_CITADEL,435,0.000091200,true,1,12,78
C,SKY_CITADEL,436,0.000099300,true,1,14,93
C,SKY_CITADEL,437,0.000099100,true,1,12,78
C,SKY_CITADEL,438,0.000083000,true,1,9,45
C,SKY_CITADEL,439,0.000083200,true,1,10,55
C,SKY_CITADEL,440,0.000099100,true,1,14,92
C,SKY_CITADEL,441,0.000101000,true,1,15,109
C,SKY_CITADEL,442,0.000081400,true,1,9,45
C,SKY_CITADEL,443,0.000083200,true,1,10,52
C,SKY_CITADEL,444,0.000083900,true,1,10,46
C,SKY_CITADEL,445,0.000099200,true,1,14,105
C,SKY_CITADEL,446,0.000203700,true,2,28,163
C,SKY_CITADEL,447,0.000082600,true,1,9,45
C,SKY_CITADEL,448,0.000087600,true,1,11,48
C,SKY_CITADEL,449,0.000084200,true,1,10,47
C,SKY_CITADEL,450,0.000097400,true,1,13,91
C,SKY_CITADEL,451,0.000085600,true,1,10,55
C,SKY_CITADEL,452,0.000094100,true,1,13,83
C,SKY_CITADEL,453,0.000181700,true,2,42,107
C,SKY_CITADEL,454,0.000125200,true,1,20,197
C,SKY_CITADEL,455,0.000110700,true,1,17,153
C,SKY_CITADEL,456,0.000085600,true,1,10,51
C,SKY_CITADEL,457,0.000084500,true,1,9,45
C,SKY_CITADEL,458,0.000091500,true,1,12,78
C,SKY_CITADEL,459,0.000091500,true,1,12,61
C,SKY_CITADEL,460,0.000092500,true,1,12,78
C,SKY_CITADEL,461,0.000094900,true,1,9,45
C,SKY_CITADEL,462,0.000085900,true,1,10,55
C,SKY_CITADEL,463,0.000085900,true,1,10,48
C,SKY_CITADEL,464,0.000109900,true,1,17,153
C,SKY_CITADEL,465,0.000104100,true,1,15,120
C,SKY_CITADEL,466,0.000082600,true,1,10,55
C,SKY_CITADEL,467,0.000080500,true,1,9,45
C,SKY_CITADEL,468,0.000118100,true,1,18,171
C,SKY_CITADEL,469,0.000239800,true,1,9,45
C,SKY_CITADEL,470,0.000129100,true,1,10,55
C,SKY_CITADEL,471,0.000126700,true,1,10,52
C,SKY_CITADEL,472,0.000086200,true,1,9,45
C,SKY_CITADEL,473,0.000089900,true,1,12,53
C,SKY_CITADEL,474,0.000084900,true,1,11,56
C,SKY_CITADEL,475,0.000081700,true,1,9,45
C,SKY_CITADEL,476,0.000113400,true,1,13,91
C,SKY_CITADEL,477,0.000091700,true,1,9,45
C,SKY_CITADEL,478,0.000101900,true,1,14,94
C,SKY_CITADEL,479,0.000083400,true,1,9,45
C,SKY_CITADEL,480,0.000229400,true,2,38,207
C,SKY_CITADEL,481,0.000085900,true,1,10,55
C,SKY_CITADEL,482,0.000240200,true,2,39,288
C,SKY_CITADEL,483,0.000107000,true,1,15,120
C,SKY_CITADEL,484,0.000092700,true,1,12,58
C,SKY_CITADEL,485,0.000086200,true,1,10,46
C,SKY_CITADEL,486,0.000113900,true,1,9,45
C,SKY_CITADEL,487,0.000104500,true,1,15,110
C,SKY_CITADEL,488,0.000081700,true,1,9,45
C,SKY_CITADEL,489,0.000083100,true,1,10,46
C,SKY_CITADEL,490,0.000080700,true,1,9,45
C,SKY_CITADEL,491,0.000084100,true,1,10,49
C,SKY_CITADEL,492,0.000079100,true,1,9,45
C,SKY_CITADEL,493,0.000118600,true,1,19,146
C,SKY_CITADEL,494,0.000087200,true,1,11,59
C,SKY_CITADEL,495,0.000087200,true,1,11,52
C,SKY_CITADEL,496,0.000101300,true,1,14,96
C,SKY_CITADEL,497,0.000091600,true,1,12,78
C,SKY_CITADEL,498,0.000111500,true,1,17,153
C,SKY_CITADEL,499,0.000103100,true,1,11,59
C,SKY_CITADEL,500,0.000081900,true,1,9,45
C,SKY_CITADEL,501,0.000079900,true,1,9,45
C,SKY_CITADEL,502,0.000080100,true,1,9,45
C,SKY_CITADEL,503,0.000085500,true,1,10,55
C,SKY_CITADEL,504,0.000078900,true,1,9,45
C,SKY_CITADEL,505,0.000112500,true,1,17,153
C,SKY_CITADEL,506,0.000102000,true,1,13,91
C,SKY_CITADEL,507,0.000085800,true,1,10,55
C,SKY_CITADEL,508,0.000329500,true,3,71,285
C,SKY_CITADEL,509,0.000094100,true,1,12,78
C,SKY_CITADEL,510,0.000094200,true,1,12,78
C,SKY_CITADEL,511,0.000080100,true,1,9,45
C,SKY_CITADEL,512,0.000097100,true,1,13,83
C,SKY_CITADEL,513,0.000121300,true,1,18,171
C,SKY_CITADEL,514,0.000099000,true,1,10,49
C,SKY_CITADEL,515,0.000088000,true,1,11,58
C,SKY_CITADEL,516,0.000084000,true,1,10,50
C,SKY_CITADEL,517,0.000079700,true,1,9,45
C,SKY_CITADEL,518,0.000103300,true,1,15,120
C,SKY_CITADEL,519,0.000295900,true,3,68,125
C,SKY_CITADEL,520,0.000078500,true,1,9,45
C,SKY_CITADEL,521,0.000181700,true,2,25,128
C,SKY_CITADEL,522,0.000082000,true,1,9,45
C,SKY_CITADEL,523,0.000091600,true,1,12,61
C,SKY_CITADEL,524,0.000097100,true,1,13,91
C,SKY_CITADEL,525,0.000101200,true,1,9,45
C,SKY_CITADEL,526,0.000083900,true,1,10,55
C,SKY_CITADEL,527,0.000095900,true,1,12,78
C,SKY_CITADEL,528,0.000082100,true,1,9,45
C,SKY_CITADEL,529,0.000084000,true,1,10,55
C,SKY_CITADEL,530,0.000198400,true,1,17,127
C,SKY_CITADEL,531,0.000100000,true,1,9,45
C,SKY_CITADEL,532,0.000092000,true,1,9,45
C,SKY_CITADEL,533,0.000096400,true,1,12,78
C,SKY_CITADEL,534,0.000090500,true,1,10,46
C,SKY_CITADEL,535,0.000086900,true,1,10,55
C,SKY_CITADEL,536,0.000083700,true,1,9,45
C,SKY_CITADEL,537,0.000084300,true,1,10,51
C,SKY_CITADEL,538,0.000088700,true,1,12,51
C,SKY_CITADEL,539,0.000079900,true,1,9,45
C,SKY_CITADEL,540,0.000102500,true,1,13,91
C,SKY_CITADEL,541,0.000083800,true,1,10,55
C,SKY_CITADEL,542,0.000193600,true,2,28,196
C,SKY_CITADEL,543,0.000096300,true,1,13,91
C,SKY_CITADEL,544,0.000136400,true,1,14,105
C,SKY_CITADEL,545,0.000104300,true,1,13,68
C,SKY_CITADEL,546,0.000094300,true,1,10,49
C,SKY_CITADEL,547,0.000091300,true,1,10,55
C,SKY_CITADEL,548,0.000085600,true,1,10,55
C,SKY_CITADEL,549,0.000093900,true,1,12,78
C,SKY_CITADEL,550,0.000093500,true,1,12,78
C,SKY_CITADEL,551,0.000095700,true,1,12,78
C,SKY_CITADEL,552,0.000085600,true,1,11,61
C,SKY_CITADEL,553,0.000089900,true,1,10,48
C,SKY_CITADEL,554,0.000096000,true,1,13,91
C,SKY_CITADEL,555,0.000082900,true,1,9,45
C,SKY_CITADEL,556,0.000081500,true,1,9,45
C,SKY_CITADEL,557,0.000104900,true,1,15,120
C,SKY_CITADEL,558,0.000189400,true,2,38,89
C,SKY_CITADEL,559,0.000098500,true,1,14,96
C,SKY_CITADEL,560,0.000216500,true,2,36,175
C,SKY_CITADEL,561,0.000249800,true,2,40,332
C,SKY_CITADEL,562,0.000083300,true,1,9,45
C,SKY_CITADEL,563,0.000079900,true,1,9,45
C,SKY_CITADEL,564,0.000082600,true,1,10,49
C,SKY_CITADEL,565,0.000081700,true,1,10,51
C,SKY_CITADEL,566,0.000080200,true,1,9,45
C,SKY_CITADEL,567,0.000425800,true,4,89,423
C,SKY_CITADEL,568,0.000093400,true,1,11,53
C,SKY_CITADEL,569,0.000100900,true,1,10,47
C,SKY_CITADEL,570,0.000082100,true,1,10,48
C,SKY_CITADEL,571,0.000088600,true,1,10,55
C,SKY_CITADEL,572,0.000090800,true,1,12,78
C,SKY_CITADEL,573,0.000195700,true,2,39,114
C,SKY_CITADEL,574,0.000093400,true,1,13,91
C,SKY_CITADEL,575,0.000086600,true,1,11,56
C,SKY_CITADEL,576,0.000089700,true,1,11,62
C,SKY_CITADEL,577,0.000102600,true,1,13,91
C,SKY_CITADEL,578,0.000113100,true,1,14,94
C,SKY_CITADEL,579,0.000106200,true,1,12,63
C,SKY_CITADEL,580,0.000170700,true,1,10,50
C,SKY_CITADEL,581,0.000093900,true,1,9,45
C,SKY_CITADEL,582,0.000097200,true,1,13,80
C,SKY_CITADEL,583,0.000301400,true,2,39,362
C,SKY_CITADEL,584,0.000114700,true,1,9,45
C,SKY_CITADEL,585,0.000105500,true,1,11,58
C,SKY_CITADEL,586,0.000112400,true,1,12,78
C,SKY_CITADEL,587,0.000105700,true,1,12,78
C,SKY_CITADEL,588,0.000098600,true,1,10,55
C,SKY_CITADEL,589,0.000089000,true,1,9,45
C,SKY_CITADEL,590,0.000095700,true,1,9,45
C,SKY_CITADEL,591,0.000127600,true,1,14,98
C,SKY_CITADEL,592,0.000109500,true,1,13,91
C,SKY_CITADEL,593,0.000107700,true,1,11,60
C,SKY_CITADEL,594,0.000092900,true,1,9,45
C,SKY_CITADEL,595,0.000106500,true,1,13,91
C,SKY_CITADEL,596,0.000103700,true,1,11,54
C,SKY_CITADEL,597,0.000097700,true,1,10,55
C,SKY_CITADEL,598,0.000103000,true,1,9,45
C,SKY_CITADEL,599,0.000181900,true,1,13,91
C,SKY_CITADEL,600,0.000132700,true,1,16,123
C,SKY_CITADEL,601,0.000090900,true,1,9,45
C,SKY_CITADEL,602,0.000119800,true,1,18,171
C,SKY_CITADEL,603,0.000112800,true,1,16,136
C,SKY_CITADEL,604,0.000099100,true,1,12,78
C,SKY_CITADEL,605,0.000107000,true,1,12,78
C,SKY_CITADEL,606,0.000090900,true,1,10,47
C,SKY_CITADEL,607,0.000088900,true,1,9,45
C,SKY_CITADEL,608,0.000096800,true,1,10,55
C,SKY_CITADEL,609,0.000103600,true,1,9,45
C,SKY_CITADEL,610,0.000092500,true,1,10,49
C,SKY_CITADEL,611,0.000105900,true,1,13,91
C,SKY_CITADEL,612,0.000100400,true,1,9,45
C,SKY_CITADEL,613,0.000084000,true,1,9,45
C,SKY_CITADEL,614,0.000102900,true,1,14,105
C,SKY_CITADEL,615,0.000098300,true,1,13,91
C,SKY_CITADEL,616,0.000083300,true,1,9,45
C,SKY_CITADEL,617,0.000089800,true,1,10,47
C,SKY_CITADEL,618,0.000091000,true,1,9,45
C,SKY_CITADEL,619,0.000253700,true,2,36,255
C,SKY_CITADEL,620,0.000094800,true,1,13,79
C,SKY_CITADEL,621,0.000086600,true,1,10,51
C,SKY_CITADEL,622,0.000117000,true,1,11,57
C,SKY_CITADEL,623,0.000097500,true,1,10,50
C,SKY_CITADEL,624,0.000117700,true,1,15,96
C,SKY_CITADEL,625,0.000109600,true,1,12,78
C,SKY_CITADEL,626,0.000094700,true,1,9,45
C,SKY_CITADEL,627,0.000095700,true,1,9,45
C,SKY_CITADEL,628,0.000105600,true,1,11,49
C,SKY_CITADEL,629,0.000088400,true,1,9,45
C,SKY_CITADEL,630,0.000156200,true,1,18,140
C,SKY_CITADEL,631,0.000097500,true,1,9,45
C,SKY_CITADEL,632,0.000095800,true,1,9,45
C,SKY_CITADEL,633,0.000150300,true,1,15,120
C,SKY_CITADEL,634,0.000209600,true,1,13,91
C,SKY_CITADEL,635,0.000229000,true,1,14,105
C,SKY_CITADEL,636,0.000254300,true,1,19,190
C,SKY_CITADEL,637,0.000138100,true,1,9,45
C,SKY_CITADEL,638,0.000186600,true,1,10,55
C,SKY_CITADEL,639,0.000479500,true,2,33,280
C,SKY_CITADEL,640,0.000188300,true,1,12,78
C,SKY_CITADEL,641,0.000156000,true,1,10,47
C,SKY_CITADEL,642,0.000136100,true,1,10,55
C,SKY_CITADEL,643,0.000102600,true,1,11,60
C,SKY_CITADEL,644,0.000120600,true,1,14,89
C,SKY_CITADEL,645,0.000102800,true,1,10,48
C,SKY_CITADEL,646,0.000109600,true,1,12,78
C,SKY_CITADEL,647,0.000177700,true,2,24,138
C,SKY_CITADEL,648,0.000199200,true,2,40,124
C,SKY_CITADEL,649,0.000101100,true,1,14,96
C,SKY_CITADEL,650,0.000081200,true,1,9,45
C,SKY_CITADEL,651,0.000098100,true,1,14,95
C,SKY_CITADEL,652,0.000114800,true,1,16,108
C,SKY_CITADEL,653,0.000084700,true,1,9,45
C,SKY_CITADEL,654,0.000082600,true,1,10,47
C,SKY_CITADEL,655,0.000080900,true,1,9,45
C,SKY_CITADEL,656,0.000095600,true,1,13,91
C,SKY_CITADEL,657,0.000081600,true,1,9,45
C,SKY_CITADEL,658,0.000183200,true,2,41,200
C,SKY_CITADEL,659,0.000082100,true,1,9,45
C,SKY_CITADEL,660,0.000098300,true,1,14,84
C,SKY_CITADEL,661,0.000097100,true,1,14,92
C,SKY_CITADEL,662,0.000081400,true,1,9,45
C,SKY_CITADEL,663,0.000093700,true,1,12,78
C,SKY_CITADEL,664,0.000114100,true,1,16,136
C,SKY_CITADEL,665,0.000091200,true,1,12,57
C,SKY_CITADEL,666,0.000082500,true,1,9,45
C,SKY_CITADEL,667,0.000098200,true,1,13,91
C,SKY_CITADEL,668,0.000101800,true,1,14,98
C,SKY_CITADEL,669,0.000088900,true,1,11,56
C,SKY_CITADEL,670,0.000082600,true,1,9,45
C,SKY_CITADEL,671,0.000083900,true,1,9,45
C,SKY_CITADEL,672,0.000186200,true,2,43,115
C,SKY_CITADEL,673,0.000084200,true,1,10,46
C,SKY_CITADEL,674,0.000083800,true,1,10,51
C,SKY_CITADEL,675,0.000235000,true,2,42,120
C,SKY_CITADEL,676,0.000102100,true,1,12,78
C,SKY_CITADEL,677,0.000085500,true,1,10,51
C,SKY_CITADEL,678,0.000126200,true,1,20,180
C,SKY_CITADEL,679,0.000092400,true,1,12,78
C,SKY_CITADEL,680,0.000083800,true,1,9,45
C,SKY_CITADEL,681,0.000192100,true,2,40,98
C,SKY_CITADEL,682,0.000081400,true,1,9,45
C,SKY_CITADEL,683,0.000218100,true,2,35,234
C,SKY_CITADEL,684,0.000085000,true,1,9,45
C,SKY_CITADEL,685,0.000100400,true,1,13,91
C,SKY_CITADEL,686,0.000357500,true,3,70,193
C,SKY_CITADEL,687,0.000301400,true,2,38,198
C,SKY_CITADEL,688,0.000099100,true,1,13,91
C,SKY_CITADEL,689,0.000220500,true,2,35,258
C,SKY_CITADEL,690,0.000091500,true,1,10,48
C,SKY_CITADEL,691,0.000082900,true,1,10,47
C,SKY_CITADEL,692,0.000218200,true,2,29,196
C,SKY_CITADEL,693,0.000088600,true,1,9,45
C,SKY_CITADEL,694,0.000098700,true,1,12,78
C,SKY_CITADEL,695,0.000087800,true,1,10,55
C,SKY_CITADEL,696,0.000082400,true,1,9,45
C,SKY_CITADEL,697,0.000219200,true,2,33,182
C,SKY_CITADEL,698,0.000080600,true,1,9,45
C,SKY_CITADEL,699,0.000091400,true,1,11,62
C,SKY_CITADEL,700,0.000206800,true,2,29,195
C,SKY_CITADEL,701,0.000083800,true,1,9,45
C,SKY_CITADEL,702,0.000087000,true,1,11,52
C,SKY_CITADEL,703,0.000087400,true,1,9,45
C,SKY_CITADEL,704,0.000082200,true,1,9,45
C,SKY_CITADEL,705,0.000097700,true,1,10,51
C,SKY_CITADEL,706,0.000089600,true,1,10,46
C,SKY_CITADEL,707,0.000106800,true,1,15,98
C,SKY_CITADEL,708,0.000086100,true,1,10,50
C,SKY_CITADEL,709,0.000105300,true,1,13,91
C,SKY_CITADEL,710,0.000202300,true,2,34,125
C,SKY_CITADEL,711,0.000221800,true,2,29,219
C,SKY_CITADEL,712,0.000081300,true,1,9,45
C,SKY_CITADEL,713,0.000115400,true,1,10,55
C,SKY_CITADEL,714,0.000111200,true,1,14,85
C,SKY_CITADEL,715,0.000281700,true,1,11,50
C,SKY_CITADEL,716,0.000109900,true,1,9,45
C,SKY_CITADEL,717,0.000103500,true,1,12,78
C,SKY_CITADEL,718,0.000093900,true,1,10,46
C,SKY_CITADEL,719,0.000086600,true,1,9,45
C,SKY_CITADEL,720,0.000237100,true,2,34,277
C,SKY_CITADEL,721,0.000084900,true,1,9,45
C,SKY_CITADEL,722,0.000083400,true,1,10,48
C,SKY_CITADEL,723,0.000086400,true,1,9,45
C,SKY_CITADEL,724,0.000094600,true,1,13,81
C,SKY_CITADEL,725,0.000084700,true,1,10,55
C,SKY_CITADEL,726,0.000094600,true,1,13,91
C,SKY_CITADEL,727,0.000087400,true,1,9,45
C,SKY_CITADEL,728,0.000090000,true,1,11,59
C,SKY_CITADEL,729,0.000177800,true,2,20,95
C,SKY_CITADEL,730,0.000108400,true,1,15,120
C,SKY_CITADEL,731,0.000109700,true,1,15,120
C,SKY_CITADEL,732,0.000090300,true,1,9,45
C,SKY_CITADEL,733,0.000164000,true,1,14,90
C,SKY_CITADEL,734,0.000107100,true,1,12,78
C,SKY_CITADEL,735,0.000086700,true,1,9,45
C,SKY_CITADEL,736,0.000119200,true,1,11,61
C,SKY_CITADEL,737,0.000123600,true,1,9,45
C,SKY_CITADEL,738,0.000094100,true,1,9,45
C,SKY_CITADEL,739,0.000105400,true,1,13,80
C,SKY_CITADEL,740,0.000089600,true,1,10,55
C,SKY_CITADEL,741,0.000230900,true,2,41,135
C,SKY_CITADEL,742,0.000103100,true,1,14,105
C,SKY_CITADEL,743,0.000083800,true,1,9,45
C,SKY_CITADEL,744,0.000085700,true,1,9,45
C,SKY_CITADEL,745,0.000194300,true,2,44,134
C,SKY_CITADEL,746,0.000082400,true,1,9,45
C,SKY_CITADEL,747,0.000084700,true,1,10,49
C,SKY_CITADEL,748,0.000099200,true,1,14,105
C,SKY_CITADEL,749,0.000096000,true,1,10,55
C,SKY_CITADEL,750,0.000087500,true,1,11,51
C,SKY_CITADEL,751,0.000088000,true,1,11,56
C,SKY_CITADEL,752,0.000100400,true,1,13,81
C,SKY_CITADEL,753,0.000080300,true,1,9,45
C,SKY_CITADEL,754,0.000080900,true,1,9,45
C,SKY_CITADEL,755,0.000086900,true,1,11,56
C,SKY_CITADEL,756,0.000167700,true,2,19,89
C,SKY_CITADEL,757,0.000081900,true,1,9,45
C,SKY_CITADEL,758,0.000113000,true,1,13,84
C,SKY_CITADEL,759,0.000264500,true,2,47,192
C,SKY_CITADEL,760,0.000107700,true,1,11,62
C,SKY_CITADEL,761,0.000118800,true,1,15,101
C,SKY_CITADEL,762,0.000102700,true,1,10,55
C,SKY_CITADEL,763,0.000093700,true,1,9,45
C,SKY_CITADEL,764,0.000108200,true,1,10,52
C,SKY_CITADEL,765,0.000103500,true,1,10,49
C,SKY_CITADEL,766,0.000088400,true,1,9,45
C,SKY_CITADEL,767,0.000138000,true,1,20,193
C,SKY_CITADEL,768,0.000087400,true,1,9,45
C,SKY_CITADEL,769,0.000082400,true,1,9,45
C,SKY_CITADEL,770,0.000227300,true,2,31,220
C,SKY_CITADEL,771,0.000103700,true,1,14,95
C,SKY_CITADEL,772,0.000103700,true,1,12,78
C,SKY_CITADEL,773,0.000228300,true,2,22,129
C,SKY_CITADEL,774,0.000101500,true,1,12,78
C,SKY_CITADEL,775,0.000096800,true,1,13,85
C,SKY_CITADEL,776,0.000086500,true,1,9,45
C,SKY_CITADEL,777,0.000184900,true,2,41,107
C,SKY_CITADEL,778,0.000083000,true,1,9,45
C,SKY_CITADEL,779,0.000094100,true,1,13,81
C,SKY_CITADEL,780,0.000080700,true,1,9,45
C,SKY_CITADEL,781,0.000079000,true,1,9,45
C,SKY_CITADEL,782,0.000081900,true,1,10,48
C,SKY_CITADEL,783,0.000086600,true,1,10,51
C,SKY_CITADEL,784,0.000273400,true,2,43,283
C,SKY_CITADEL,785,0.000196900,true,1,13,91
C,SKY_CITADEL,786,0.000113700,true,1,17,130
C,SKY_CITADEL,787,0.000098900,true,1,10,47
C,SKY_CITADEL,788,0.000103100,true,1,10,49
C,SKY_CITADEL,789,0.000121400,true,1,14,98
C,SKY_CITADEL,790,0.000097200,true,1,9,45
C,SKY_CITADEL,791,0.000100400,true,1,9,45
C,SKY_CITADEL,792,0.000101100,true,1,11,56
C,SKY_CITADEL,793,0.000109800,true,1,12,78
C,SKY_CITADEL,794,0.000091400,true,1,9,45
C,SKY_CITADEL,795,0.000111600,true,1,13,91
C,SKY_CITADEL,796,0.000149100,true,1,17,137
C,SKY_CITADEL,797,0.000102000,true,1,11,51
C,SKY_CITADEL,798,0.000111900,true,1,13,91
C,SKY_CITADEL,799,0.000092300,true,1,10,48
C,SKY_CITADEL,800,0.000097000,true,1,10,46
C,SKY_CITADEL,801,0.000113100,true,1,13,91
C,SKY_CITADEL,802,0.000106800,true,1,10,55
C,SKY_CITADEL,803,0.000092700,true,1,9,45
C,SKY_CITADEL,804,0.000119200,true,1,14,92
C,SKY_CITADEL,805,0.000082700,true,1,9,45
C,SKY_CITADEL,806,0.000125800,true,1,17,143
C,SKY_CITADEL,807,0.000080500,true,1,9,45
C,SKY_CITADEL,808,0.000088300,true,1,10,55
C,SKY_CITADEL,809,0.000215900,true,2,33,235
C,SKY_CITADEL,810,0.000095500,true,1,10,55
C,SKY_CITADEL,811,0.000097400,true,1,12,59
C,SKY_CITADEL,812,0.000290200,true,3,50,170
C,SKY_CITADEL,813,0.000086600,true,1,10,50
C,SKY_CITADEL,814,0.000092800,true,1,13,60
C,SKY_CITADEL,815,0.000092100,true,1,9,45
C,SKY_CITADEL,816,0.000110500,true,1,17,153
C,SKY_CITADEL,817,0.000087700,true,1,11,61
C,SKY_CITADEL,818,0.000083900,true,1,10,55
C,SKY_CITADEL,819,0.000079000,true,1,9,45
C,SKY_CITADEL,820,0.000144800,true,1,20,193
C,SKY_CITADEL,821,0.000095000,true,1,9,45
C,SKY_CITADEL,822,0.000090900,true,1,9,45
C,SKY_CITADEL,823,0.000113200,true,1,13,91
C,SKY_CITADEL,824,0.000098700,true,1,13,91
C,SKY_CITADEL,825,0.000094800,true,1,12,78
C,SKY_CITADEL,826,0.000085300,true,1,10,55
C,SKY_CITADEL,827,0.000082600,true,1,9,45
C,SKY_CITADEL,828,0.000091000,true,1,9,45
C,SKY_CITADEL,829,0.000101200,true,1,11,51
C,SKY_CITADEL,830,0.000189500,true,1,9,45
C,SKY_CITADEL,831,0.000142100,true,1,12,78
C,SKY_CITADEL,832,0.000093000,true,1,10,55
C,SKY_CITADEL,833,0.000110900,true,1,12,78
C,SKY_CITADEL,834,0.000128600,true,1,15,120
C,SKY_CITADEL,835,0.000114600,true,1,14,84
C,SKY_CITADEL,836,0.000126000,true,1,9,45
C,SKY_CITADEL,837,0.000181900,true,1,13,91
C,SKY_CITADEL,838,0.000208000,true,1,13,91
C,SKY_CITADEL,839,0.000204600,true,1,11,57
C,SKY_CITADEL,840,0.000426900,true,2,45,239
C,SKY_CITADEL,841,0.000165900,true,1,10,46
C,SKY_CITADEL,842,0.000167200,true,1,11,57
C,SKY_CITADEL,843,0.000166300,true,1,9,45
C,SKY_CITADEL,844,0.000197200,true,1,12,78
C,SKY_CITADEL,845,0.000188800,true,1,12,61
C,SKY_CITADEL,846,0.000156700,true,1,10,48
C,SKY_CITADEL,847,0.000099100,true,1,9,45
C,SKY_CITADEL,848,0.000289400,true,2,36,284
C,SKY_CITADEL,849,0.000099600,true,1,10,46
C,SKY_CITADEL,850,0.000111800,true,1,15,120
C,SKY_CITADEL,851,0.000097200,true,1,12,78
C,SKY_CITADEL,852,0.000087400,true,1,11,56
C,SKY_CITADEL,853,0.000084100,true,1,9,45
C,SKY_CITADEL,854,0.000082700,true,1,9,45
C,SKY_CITADEL,855,0.000086600,true,1,9,45
C,SKY_CITADEL,856,0.000082600,true,1,10,50
C,SKY_CITADEL,857,0.000104000,true,1,14,95
C,SKY_CITADEL,858,0.000107700,true,1,13,91
C,SKY_CITADEL,859,0.000108400,true,1,16,109
C,SKY_CITADEL,860,0.000083100,true,1,9,45
C,SKY_CITADEL,861,0.000105400,true,1,13,91
C,SKY_CITADEL,862,0.000085800,true,1,9,45
C,SKY_CITADEL,863,0.000224300,true,2,32,226
C,SKY_CITADEL,864,0.000083200,true,1,10,52
C,SKY_CITADEL,865,0.000109800,true,1,15,120
C,SKY_CITADEL,866,0.000097500,true,1,13,91
C,SKY_CITADEL,867,0.000089700,true,1,12,63
C,SKY_CITADEL,868,0.000084800,true,1,9,45
C,SKY_CITADEL,869,0.000104300,true,1,12,78
C,SKY_CITADEL,870,0.000093200,true,1,12,67
C,SKY_CITADEL,871,0.000083300,true,1,9,45
C,SKY_CITADEL,872,0.000084600,true,1,10,47
C,SKY_CITADEL,873,0.000090500,true,1,10,52
C,SKY_CITADEL,874,0.000094000,true,1,10,48
C,SKY_CITADEL,875,0.000146900,true,1,9,45
C,SKY_CITADEL,876,0.000102200,true,1,13,91
C,SKY_CITADEL,877,0.000086300,true,1,10,50
C,SKY_CITADEL,878,0.000108500,true,1,15,109
C,SKY_CITADEL,879,0.000103400,true,1,15,120
C,SKY_CITADEL,880,0.000250900,true,2,30,231
C,SKY_CITADEL,881,0.000124000,true,1,18,171
C,SKY_CITADEL,882,0.000093700,true,1,11,62
C,SKY_CITADEL,883,0.000089800,true,1,10,47
C,SKY_CITADEL,884,0.000085800,true,1,10,49
C,SKY_CITADEL,885,0.000081400,true,1,9,45
C,SKY_CITADEL,886,0.000085100,true,1,10,46
C,SKY_CITADEL,887,0.000085100,true,1,10,55
C,SKY_CITADEL,888,0.000089400,true,1,9,45
C,SKY_CITADEL,889,0.000104800,true,1,14,94
C,SKY_CITADEL,890,0.000176000,true,2,41,98
C,SKY_CITADEL,891,0.000263700,true,3,50,241
C,SKY_CITADEL,892,0.000088500,true,1,11,61
C,SKY_CITADEL,893,0.000179600,true,2,37,81
C,SKY_CITADEL,894,0.000084400,true,1,10,46
C,SKY_CITADEL,895,0.000087800,true,1,11,57
C,SKY_CITADEL,896,0.000223200,true,2,45,190
C,SKY_CITADEL,897,0.000081400,true,1,9,45
C,SKY_CITADEL,898,0.000100200,true,1,13,83
C,SKY_CITADEL,899,0.000136200,true,1,10,50
C,SKY_CITADEL,900,0.000086200,true,1,9,45
C,SKY_CITADEL,901,0.000100900,true,1,12,78
C,SKY_CITADEL,902,0.000096300,true,1,10,49
C,SKY_CITADEL,903,0.000089300,true,1,9,45
C,SKY_CITADEL,904,0.000127500,true,1,19,174
C,SKY_CITADEL,905,0.000107200,true,1,12,78
C,SKY_CITADEL,906,0.000136500,true,1,12,78
C,SKY_CITADEL,907,0.000111500,true,1,12,78
C,SKY_CITADEL,908,0.000111000,true,1,15,120
C,SKY_CITADEL,909,0.000087700,true,1,9,45
C,SKY_CITADEL,910,0.000102100,true,1,13,91
C,SKY_CITADEL,911,0.000084600,true,1,9,45
C,SKY_CITADEL,912,0.000081600,true,1,9,45
C,SKY_CITADEL,913,0.000084100,true,1,9,45
C,SKY_CITADEL,914,0.000109800,true,1,13,91
C,SKY_CITADEL,915,0.000259800,true,1,10,55
C,SKY_CITADEL,916,0.000182400,true,1,10,49
C,SKY_CITADEL,917,0.000138900,true,1,10,52
C,SKY_CITADEL,918,0.000446800,true,2,36,273
C,SKY_CITADEL,919,0.000102500,true,1,11,58
C,SKY_CITADEL,920,0.000102400,true,1,13,59
C,SKY_CITADEL,921,0.000112900,true,1,14,94
C,SKY_CITADEL,922,0.000102600,true,1,12,78
C,SKY_CITADEL,923,0.000198600,true,2,26,168
C,SKY_CITADEL,924,0.000135700,true,1,10,55
C,SKY_CITADEL,925,0.000086700,true,1,10,49
C,SKY_CITADEL,926,0.000096300,true,1,13,85
C,SKY_CITADEL,927,0.000088400,true,1,9,45
C,SKY_CITADEL,928,0.000081700,true,1,9,45
C,SKY_CITADEL,929,0.000120500,true,1,17,153
C,SKY_CITADEL,930,0.000383700,true,2,38,184
C,SKY_CITADEL,931,0.000090200,true,1,10,46
C,SKY_CITADEL,932,0.000101600,true,1,13,91
C,SKY_CITADEL,933,0.000090700,true,1,10,55
C,SKY_CITADEL,934,0.000140200,true,1,10,49
C,SKY_CITADEL,935,0.000087400,true,1,10,46
C,SKY_CITADEL,936,0.000190900,true,1,10,48
C,SKY_CITADEL,937,0.000091600,true,1,9,45
C,SKY_CITADEL,938,0.000092100,true,1,12,78
C,SKY_CITADEL,939,0.000111200,true,1,15,106
C,SKY_CITADEL,940,0.000088800,true,1,9,45
C,SKY_CITADEL,941,0.000090200,true,1,10,50
C,SKY_CITADEL,942,0.000121500,true,1,18,157
C,SKY_CITADEL,943,0.000302300,true,2,37,260
C,SKY_CITADEL,944,0.000125900,true,1,15,92
C,SKY_CITADEL,945,0.000096300,true,1,10,52
C,SKY_CITADEL,946,0.000086000,true,1,9,45
C,SKY_CITADEL,947,0.000084000,true,1,9,45
C,SKY_CITADEL,948,0.000090600,true,1,11,57
C,SKY_CITADEL,949,0.000093400,true,1,10,55
C,SKY_CITADEL,950,0.000082500,true,1,9,45
C,SKY_CITADEL,951,0.000096600,true,1,14,84
C,SKY_CITADEL,952,0.000081800,true,1,9,45
C,SKY_CITADEL,953,0.000231500,true,2,38,171
C,SKY_CITADEL,954,0.000099500,true,1,14,105
C,SKY_CITADEL,955,0.000212900,true,2,32,234
C,SKY_CITADEL,956,0.000088700,true,1,9,45
C,SKY_CITADEL,957,0.000248300,true,2,39,240
C,SKY_CITADEL,958,0.000082500,true,1,9,45
C,SKY_CITADEL,959,0.000106800,true,1,14,98
C,SKY_CITADEL,960,0.000095200,true,1,12,78
C,SKY_CITADEL,961,0.000083500,true,1,9,45
C,SKY_CITADEL,962,0.000092300,true,1,12,78
C,SKY_CITADEL,963,0.000084100,true,1,10,50
C,SKY_CITADEL,964,0.000086900,true,1,9,45
C,SKY_CITADEL,965,0.000107500,true,1,15,120
C,SKY_CITADEL,966,0.000094500,true,1,13,81
C,SKY_CITADEL,967,0.000086200,true,1,9,45
C,SKY_CITADEL,968,0.000088200,true,1,10,47
C,SKY_CITADEL,969,0.000082300,true,1,10,55
C,SKY_CITADEL,970,0.000103600,true,1,14,91
C,SKY_CITADEL,971,0.000084600,true,1,10,55
C,SKY_CITADEL,972,0.000089700,true,1,9,45
C,SKY_CITADEL,973,0.000087100,true,1,10,52
C,SKY_CITADEL,974,0.000080900,true,1,9,45
C,SKY_CITADEL,975,0.000081100,true,1,9,45
C,SKY_CITADEL,976,0.000085500,true,1,11,51
C,SKY_CITADEL,977,0.000224900,true,2,42,140
C,SKY_CITADEL,978,0.000081300,true,1,9,45
C,SKY_CITADEL,979,0.000095200,true,1,13,84
C,SKY_CITADEL,980,0.000094700,true,1,10,46
C,SKY_CITADEL,981,0.000086600,true,1,11,49
C,SKY_CITADEL,982,0.000093300,true,1,12,78
C,SKY_CITADEL,983,0.000086800,true,1,9,45
C,SKY_CITADEL,984,0.000086000,true,1,11,50
C,SKY_CITADEL,985,0.000118300,true,1,17,153
C,SKY_CITADEL,986,0.000222800,true,2,40,105
C,SKY_CITADEL,987,0.000141600,true,1,10,55
C,SKY_CITADEL,988,0.000115200,true,1,13,91
C,SKY_CITADEL,989,0.000093600,true,1,11,56
C,SKY_CITADEL,990,0.000103800,true,1,14,98
C,SKY_CITADEL,991,0.000098800,true,1,10,55
C,SKY_CITADEL,992,0.000090900,true,1,10,47
C,SKY_CITADEL,993,0.000084600,true,1,9,45
C,SKY_CITADEL,994,0.000110500,true,1,17,153
C,SKY_CITADEL,995,0.000085300,true,1,9,45
C,SKY_CITADEL,996,0.000186900,true,2,25,137
C,SKY_CITADEL,997,0.000084000,true,1,10,55
C,SKY_CITADEL,998,0.000088300,true,1,11,61
C,SKY_CITADEL,999,0.000136500,true,1,10,55
C,SKY_CITADEL,1000,0.000104700,true,1,12,78
C,ETHEREAL_SCAPE,1,0.000195500,true,1,10,672
C,ETHEREAL_SCAPE,2,0.000197700,true,1,10,738
C,ETHEREAL_SCAPE,3,0.000317000,true,1,15,1101
C,ETHEREAL_SCAPE,4,0.000212300,true,1,10,758
C,ETHEREAL_SCAPE,5,0.000206600,true,1,9,768
C,ETHEREAL_SCAPE,6,0.000335600,true,2,21,819
C,ETHEREAL_SCAPE,7,0.000326000,true,1,14,999
C,ETHEREAL_SCAPE,8,0.000381300,true,2,29,951
C,ETHEREAL_SCAPE,9,0.000211800,true,1,9,804
C,ETHEREAL_SCAPE,10,0.000204000,true,1,9,721
C,ETHEREAL_SCAPE,11,0.000308500,true,2,29,1007
C,ETHEREAL_SCAPE,12,0.000287200,true,2,19,805
C,ETHEREAL_SCAPE,13,0.000198600,true,1,9,802
C,ETHEREAL_SCAPE,14,0.000215200,true,1,13,1019
C,ETHEREAL_SCAPE,15,0.000338500,true,2,26,1214
C,ETHEREAL_SCAPE,16,0.000215400,true,1,10,820
C,ETHEREAL_SCAPE,17,0.000219700,true,1,13,989
C,ETHEREAL_SCAPE,18,0.000299600,true,2,22,933
C,ETHEREAL_SCAPE,19,0.000223300,true,1,9,755
C,ETHEREAL_SCAPE,20,0.000187700,true,1,9,776
C,ETHEREAL_SCAPE,21,0.000339000,true,2,22,835
C,ETHEREAL_SCAPE,22,0.000616100,true,2,41,904
C,ETHEREAL_SCAPE,23,0.000372300,true,1,11,778
C,ETHEREAL_SCAPE,24,0.000409200,true,1,12,929
C,ETHEREAL_SCAPE,25,0.000403500,true,1,11,671
C,ETHEREAL_SCAPE,26,0.000296000,true,1,12,1049
C,ETHEREAL_SCAPE,27,0.000202600,true,1,10,648
C,ETHEREAL_SCAPE,28,0.000190100,true,1,10,779
C,ETHEREAL_SCAPE,29,0.000204000,true,1,9,915
C,ETHEREAL_SCAPE,30,0.000216700,true,1,14,914
C,ETHEREAL_SCAPE,31,0.000393100,true,3,40,977
C,ETHEREAL_SCAPE,32,0.000182600,true,1,9,760
C,ETHEREAL_SCAPE,33,0.000188500,true,1,9,806
C,ETHEREAL_SCAPE,34,0.000195100,true,1,10,901
C,ETHEREAL_SCAPE,35,0.000302500,true,2,30,934
C,ETHEREAL_SCAPE,36,0.000187500,true,1,9,826
C,ETHEREAL_SCAPE,37,0.000180400,true,1,9,798
C,ETHEREAL_SCAPE,38,0.000285000,true,2,27,856
C,ETHEREAL_SCAPE,39,0.000181300,true,1,10,691
C,ETHEREAL_SCAPE,40,0.000254500,true,2,23,780
C,ETHEREAL_SCAPE,41,0.000186100,true,1,10,769
C,ETHEREAL_SCAPE,42,0.000183300,true,1,11,837
C,ETHEREAL_SCAPE,43,0.000187500,true,1,10,774
C,ETHEREAL_SCAPE,44,0.000407100,true,3,59,1017
C,ETHEREAL_SCAPE,45,0.000182800,true,1,10,756
C,ETHEREAL_SCAPE,46,0.000185500,true,1,11,810
C,ETHEREAL_SCAPE,47,0.000181400,true,1,10,778
C,ETHEREAL_SCAPE,48,0.000311700,true,2,28,852
C,ETHEREAL_SCAPE,49,0.000177900,true,1,9,826
C,ETHEREAL_SCAPE,50,0.000174800,true,1,9,805
C,ETHEREAL_SCAPE,51,0.000241700,true,2,15,792
C,ETHEREAL_SCAPE,52,0.000198900,true,1,9,766
C,ETHEREAL_SCAPE,53,0.000200000,true,1,10,836
C,ETHEREAL_SCAPE,54,0.000266300,true,2,37,781
C,ETHEREAL_SCAPE,55,0.000206000,true,1,12,793
C,ETHEREAL_SCAPE,56,0.000359600,true,2,44,1188
C,ETHEREAL_SCAPE,57,0.000231400,true,2,15,778
C,ETHEREAL_SCAPE,58,0.000180200,true,1,9,817
C,ETHEREAL_SCAPE,59,0.000216100,true,1,14,1032
C,ETHEREAL_SCAPE,60,0.000177400,true,1,9,747
C,ETHEREAL_SCAPE,61,0.000187900,true,1,10,777
C,ETHEREAL_SCAPE,62,0.000271200,true,2,24,828
C,ETHEREAL_SCAPE,63,0.000185300,true,1,11,868
C,ETHEREAL_SCAPE,64,0.000175800,true,1,10,757
C,ETHEREAL_SCAPE,65,0.000184300,true,1,10,779
C,ETHEREAL_SCAPE,66,0.000194400,true,1,9,870
C,ETHEREAL_SCAPE,67,0.000223700,true,1,12,1105
C,ETHEREAL_SCAPE,68,0.000183500,true,1,11,757
C,ETHEREAL_SCAPE,69,0.000186900,true,1,10,827
C,ETHEREAL_SCAPE,70,0.000260000,true,2,40,774
C,ETHEREAL_SCAPE,71,0.000210500,true,1,12,975
C,ETHEREAL_SCAPE,72,0.000211900,true,1,14,893
C,ETHEREAL_SCAPE,73,0.000176200,true,1,9,826
C,ETHEREAL_SCAPE,74,0.000276200,true,2,23,877
C,ETHEREAL_SCAPE,75,0.000186000,true,1,10,780
C,ETHEREAL_SCAPE,76,0.000207400,true,1,13,793
C,ETHEREAL_SCAPE,77,0.000177600,true,1,9,764
C,ETHEREAL_SCAPE,78,0.000179500,true,1,11,830
C,ETHEREAL_SCAPE,79,0.000172900,true,1,9,674
C,ETHEREAL_SCAPE,80,0.000201500,true,1,12,834
C,ETHEREAL_SCAPE,81,0.000175400,true,1,9,702
C,ETHEREAL_SCAPE,82,0.000173400,true,1,9,755
C,ETHEREAL_SCAPE,83,0.000263600,true,2,23,818
C,ETHEREAL_SCAPE,84,0.000377500,true,3,45,983
C,ETHEREAL_SCAPE,85,0.000187100,true,1,9,826
C,ETHEREAL_SCAPE,86,0.000353100,true,1,12,985
C,ETHEREAL_SCAPE,87,0.000348100,true,2,45,907
C,ETHEREAL_SCAPE,88,0.000227500,true,1,10,848
C,ETHEREAL_SCAPE,89,0.000207000,true,1,9,776
C,ETHEREAL_SCAPE,90,0.000237400,true,1,9,789
C,ETHEREAL_SCAPE,91,0.000402500,true,2,33,877
C,ETHEREAL_SCAPE,92,0.000212800,true,1,10,794
C,ETHEREAL_SCAPE,93,0.000586300,true,4,73,1215
C,ETHEREAL_SCAPE,94,0.000343900,true,1,9,751
C,ETHEREAL_SCAPE,95,0.000252800,true,1,9,871
C,ETHEREAL_SCAPE,96,0.000349100,true,2,19,857
C,ETHEREAL_SCAPE,97,0.000227400,true,1,9,807
C,ETHEREAL_SCAPE,98,0.000182900,true,1,9,768
C,ETHEREAL_SCAPE,99,0.000251400,true,1,10,830
C,ETHEREAL_SCAPE,100,0.000259100,true,1,13,1090
C,ETHEREAL_SCAPE,101,0.000184300,true,1,9,762
C,ETHEREAL_SCAPE,102,0.000237200,true,1,13,988
C,ETHEREAL_SCAPE,103,0.000225900,true,1,12,994
C,ETHEREAL_SCAPE,104,0.000220300,true,1,13,861
C,ETHEREAL_SCAPE,105,0.000212800,true,1,9,826
C,ETHEREAL_SCAPE,106,0.000203000,true,1,11,830
C,ETHEREAL_SCAPE,107,0.000193600,true,1,12,825
C,ETHEREAL_SCAPE,108,0.000462400,true,3,60,944
C,ETHEREAL_SCAPE,109,0.000205700,true,1,10,729
C,ETHEREAL_SCAPE,110,0.000291300,true,1,9,755
C,ETHEREAL_SCAPE,111,0.000465200,true,1,9,876
C,ETHEREAL_SCAPE,112,0.000386500,true,1,13,951
C,ETHEREAL_SCAPE,113,0.000355600,true,1,9,818
C,ETHEREAL_SCAPE,114,0.000729400,true,2,77,1211
C,ETHEREAL_SCAPE,115,0.000386100,true,2,34,998
C,ETHEREAL_SCAPE,116,0.000172600,true,1,10,762
C,ETHEREAL_SCAPE,117,0.000205300,true,1,13,854
C,ETHEREAL_SCAPE,118,0.000288100,true,2,27,809
C,ETHEREAL_SCAPE,119,0.000184200,true,1,9,820
C,ETHEREAL_SCAPE,120,0.000175300,true,1,9,826
C,ETHEREAL_SCAPE,121,0.000607200,true,5,77,1274
C,ETHEREAL_SCAPE,122,0.000194100,true,1,11,767
C,ETHEREAL_SCAPE,123,0.000191100,true,1,9,812
C,ETHEREAL_SCAPE,124,0.000187400,true,1,10,726
C,ETHEREAL_SCAPE,125,0.000418900,true,1,10,794
C,ETHEREAL_SCAPE,126,0.000375200,true,1,9,755
C,ETHEREAL_SCAPE,127,0.000276300,true,1,9,769
C,ETHEREAL_SCAPE,128,0.000186800,true,1,9,805
C,ETHEREAL_SCAPE,129,0.000316500,true,2,39,937
C,ETHEREAL_SCAPE,130,0.000190200,true,1,10,820
C,ETHEREAL_SCAPE,131,0.000340700,true,2,42,1150
C,ETHEREAL_SCAPE,132,0.000191200,true,1,9,823
C,ETHEREAL_SCAPE,133,0.000192200,true,1,11,778
C,ETHEREAL_SCAPE,134,0.000178600,true,1,9,776
C,ETHEREAL_SCAPE,135,0.000173700,true,1,9,755
C,ETHEREAL_SCAPE,136,0.000348400,true,2,53,1042
C,ETHEREAL_SCAPE,137,0.000279600,true,2,24,811
C,ETHEREAL_SCAPE,138,0.000288600,true,2,25,819
C,ETHEREAL_SCAPE,139,0.000415200,true,2,45,815
C,ETHEREAL_SCAPE,140,0.000234000,true,1,9,769
C,ETHEREAL_SCAPE,141,0.000365700,true,1,9,760
C,ETHEREAL_SCAPE,142,0.000194900,true,1,9,751
C,ETHEREAL_SCAPE,143,0.000196000,true,1,9,807
C,ETHEREAL_SCAPE,144,0.000221600,true,1,13,1020
C,ETHEREAL_SCAPE,145,0.000344600,true,2,48,1082
C,ETHEREAL_SCAPE,146,0.000343200,true,2,49,954
C,ETHEREAL_SCAPE,147,0.000177800,true,1,9,790
C,ETHEREAL_SCAPE,148,0.000196600,true,1,10,795
C,ETHEREAL_SCAPE,149,0.000355600,true,2,53,1209
C,ETHEREAL_SCAPE,150,0.000191000,true,1,9,826
C,ETHEREAL_SCAPE,151,0.000181000,true,1,9,747
C,ETHEREAL_SCAPE,152,0.000194200,true,1,10,752
C,ETHEREAL_SCAPE,153,0.000199100,true,1,11,768
C,ETHEREAL_SCAPE,154,0.000173500,true,1,9,781
C,ETHEREAL_SCAPE,155,0.000181300,true,1,9,772
C,ETHEREAL_SCAPE,156,0.000206000,true,1,9,876
C,ETHEREAL_SCAPE,157,0.000171700,true,1,9,775
C,ETHEREAL_SCAPE,158,0.000174600,true,1,9,684
C,ETHEREAL_SCAPE,159,0.000190500,true,1,11,754
C,ETHEREAL_SCAPE,160,0.000192700,true,1,10,816
C,ETHEREAL_SCAPE,161,0.000416600,true,3,37,938
C,ETHEREAL_SCAPE,162,0.000343200,true,1,11,730
C,ETHEREAL_SCAPE,163,0.000437700,true,2,51,1111
C,ETHEREAL_SCAPE,164,0.000194600,true,1,9,820
C,ETHEREAL_SCAPE,165,0.000294300,true,2,25,970
C,ETHEREAL_SCAPE,166,0.000440100,true,3,63,1030
C,ETHEREAL_SCAPE,167,0.000182000,true,1,10,756
C,ETHEREAL_SCAPE,168,0.000179600,true,1,9,793
C,ETHEREAL_SCAPE,169,0.000176500,true,1,9,826
C,ETHEREAL_SCAPE,170,0.000177500,true,1,9,776
C,ETHEREAL_SCAPE,171,0.000286200,true,2,20,879
C,ETHEREAL_SCAPE,172,0.000248900,true,1,13,990
C,ETHEREAL_SCAPE,173,0.000203200,true,1,9,819
C,ETHEREAL_SCAPE,174,0.000309000,true,2,21,851
C,ETHEREAL_SCAPE,175,0.000239200,true,1,15,905
C,ETHEREAL_SCAPE,176,0.000280800,true,1,10,775
C,ETHEREAL_SCAPE,177,0.000234000,true,1,9,826
C,ETHEREAL_SCAPE,178,0.000260500,true,1,12,977
C,ETHEREAL_SCAPE,179,0.000216500,true,1,9,751
C,ETHEREAL_SCAPE,180,0.000192600,true,1,9,755
C,ETHEREAL_SCAPE,181,0.000181500,true,1,10,781
C,ETHEREAL_SCAPE,182,0.000206300,true,1,10,827
C,ETHEREAL_SCAPE,183,0.000410600,true,3,51,848
C,ETHEREAL_SCAPE,184,0.000182300,true,1,9,755
C,ETHEREAL_SCAPE,185,0.000203800,true,1,11,782
C,ETHEREAL_SCAPE,186,0.000332600,true,2,29,1213
C,ETHEREAL_SCAPE,187,0.000205200,true,1,9,755
C,ETHEREAL_SCAPE,188,0.000190200,true,1,9,755
C,ETHEREAL_SCAPE,189,0.000200900,true,1,10,749
C,ETHEREAL_SCAPE,190,0.000249300,true,1,13,983
C,ETHEREAL_SCAPE,191,0.000322300,true,2,28,873
C,ETHEREAL_SCAPE,192,0.000496600,true,2,36,783
C,ETHEREAL_SCAPE,193,0.000431200,true,1,12,977
C,ETHEREAL_SCAPE,194,0.000382500,true,1,13,890
C,ETHEREAL_SCAPE,195,0.000416400,true,1,12,964
C,ETHEREAL_SCAPE,196,0.000339500,true,1,11,788
C,ETHEREAL_SCAPE,197,0.000248800,true,1,10,900
C,ETHEREAL_SCAPE,198,0.000196600,true,1,13,770
C,ETHEREAL_SCAPE,199,0.000178900,true,1,9,774
C,ETHEREAL_SCAPE,200,0.000188900,true,1,12,780
C,ETHEREAL_SCAPE,201,0.000177000,true,1,9,818
C,ETHEREAL_SCAPE,202,0.000177000,true,1,9,832
C,ETHEREAL_SCAPE,203,0.000173500,true,1,10,675
C,ETHEREAL_SCAPE,204,0.000180600,true,1,9,755
C,ETHEREAL_SCAPE,205,0.000186200,true,1,11,793
C,ETHEREAL_SCAPE,206,0.000267000,true,2,24,798
C,ETHEREAL_SCAPE,207,0.000300700,true,2,27,851
C,ETHEREAL_SCAPE,208,0.000197800,true,1,12,900
C,ETHEREAL_SCAPE,209,0.000296200,true,2,30,913
C,ETHEREAL_SCAPE,210,0.000177400,true,1,9,826
C,ETHEREAL_SCAPE,211,0.000187900,true,1,10,778
C,ETHEREAL_SCAPE,212,0.000173400,true,1,9,732
C,ETHEREAL_SCAPE,213,0.000207900,true,1,13,930
C,ETHEREAL_SCAPE,214,0.000176000,true,1,9,784
C,ETHEREAL_SCAPE,215,0.000184300,true,1,10,765
C,ETHEREAL_SCAPE,216,0.000214800,true,1,12,814
C,ETHEREAL_SCAPE,217,0.000184500,true,1,9,776
C,ETHEREAL_SCAPE,218,0.000298400,true,2,28,996
C,ETHEREAL_SCAPE,219,0.000191600,true,1,10,784
C,ETHEREAL_SCAPE,220,0.000197600,true,1,11,778
C,ETHEREAL_SCAPE,221,0.000194700,true,1,10,866
C,ETHEREAL_SCAPE,222,0.000176300,true,1,10,851
C,ETHEREAL_SCAPE,223,0.000212600,true,1,12,915
C,ETHEREAL_SCAPE,224,0.000320100,true,2,30,1044
C,ETHEREAL_SCAPE,225,0.000211800,true,1,12,929
C,ETHEREAL_SCAPE,226,0.000181000,true,1,10,808
C,ETHEREAL_SCAPE,227,0.000326600,true,2,41,970
C,ETHEREAL_SCAPE,228,0.000399600,true,3,45,995
C,ETHEREAL_SCAPE,229,0.000183600,true,1,9,789
C,ETHEREAL_SCAPE,230,0.000563000,true,4,94,1073
C,ETHEREAL_SCAPE,231,0.000202600,true,1,10,779
C,ETHEREAL_SCAPE,232,0.000292500,true,2,19,864
C,ETHEREAL_SCAPE,233,0.000198800,true,1,10,758
C,ETHEREAL_SCAPE,234,0.000233300,true,1,9,792
C,ETHEREAL_SCAPE,235,0.000264800,true,1,15,956
C,ETHEREAL_SCAPE,236,0.000236700,true,1,15,937
C,ETHEREAL_SCAPE,237,0.000316300,true,2,33,818
C,ETHEREAL_SCAPE,238,0.000393200,true,1,10,810
C,ETHEREAL_SCAPE,239,0.000377200,true,1,13,831
C,ETHEREAL_SCAPE,240,0.000450200,true,1,14,1076
C,ETHEREAL_SCAPE,241,0.000203200,true,1,9,811
C,ETHEREAL_SCAPE,242,0.000190400,true,1,9,817
C,ETHEREAL_SCAPE,243,0.000421100,true,3,45,984
C,ETHEREAL_SCAPE,244,0.000206100,true,1,12,814
C,ETHEREAL_SCAPE,245,0.000173400,true,1,9,755
C,ETHEREAL_SCAPE,246,0.000177800,true,1,10,754
C,ETHEREAL_SCAPE,247,0.000177100,true,1,9,826
C,ETHEREAL_SCAPE,248,0.000169400,true,1,9,680
C,ETHEREAL_SCAPE,249,0.000171400,true,1,9,776
C,ETHEREAL_SCAPE,250,0.000296500,true,2,38,848
C,ETHEREAL_SCAPE,251,0.000365900,true,2,37,825
C,ETHEREAL_SCAPE,252,0.000179500,true,1,9,747
C,ETHEREAL_SCAPE,253,0.000349800,true,2,72,987
C,ETHEREAL_SCAPE,254,0.000189100,true,1,9,823
C,ETHEREAL_SCAPE,255,0.000179800,true,1,9,825
C,ETHEREAL_SCAPE,256,0.000278400,true,2,24,868
C,ETHEREAL_SCAPE,257,0.000177400,true,1,10,687
C,ETHEREAL_SCAPE,258,0.000214600,true,1,11,952
C,ETHEREAL_SCAPE,259,0.000261900,true,2,18,827
C,ETHEREAL_SCAPE,260,0.000208800,true,1,12,815
C,ETHEREAL_SCAPE,261,0.000381800,true,2,29,830
C,ETHEREAL_SCAPE,262,0.000291300,true,2,18,958
C,ETHEREAL_SCAPE,263,0.000191500,true,1,9,805
C,ETHEREAL_SCAPE,264,0.000332600,true,2,31,959
C,ETHEREAL_SCAPE,265,0.000187900,true,1,9,818
C,ETHEREAL_SCAPE,266,0.000244800,true,1,11,837
C,ETHEREAL_SCAPE,267,0.000217800,true,1,10,777
C,ETHEREAL_SCAPE,268,0.000355100,true,2,21,960
C,ETHEREAL_SCAPE,269,0.000195900,true,1,11,861
C,ETHEREAL_SCAPE,270,0.000305600,true,2,21,805
C,ETHEREAL_SCAPE,271,0.000334400,true,1,12,819
C,ETHEREAL_SCAPE,272,0.000274800,true,1,9,755
C,ETHEREAL_SCAPE,273,0.000234600,true,1,12,827
C,ETHEREAL_SCAPE,274,0.000195300,true,1,10,681
C,ETHEREAL_SCAPE,275,0.000194400,true,1,10,672
C,ETHEREAL_SCAPE,276,0.000196700,true,1,11,767
C,ETHEREAL_SCAPE,277,0.000638500,true,3,48,911
C,ETHEREAL_SCAPE,278,0.000221000,true,1,9,812
C,ETHEREAL_SCAPE,279,0.000233000,true,1,9,911
C,ETHEREAL_SCAPE,280,0.000237700,true,1,12,950
C,ETHEREAL_SCAPE,281,0.000639700,true,2,45,1013
C,ETHEREAL_SCAPE,282,0.000969900,true,4,83,1063
C,ETHEREAL_SCAPE,283,0.000453200,true,1,12,943
C,ETHEREAL_SCAPE,284,0.000295600,true,1,9,689
C,ETHEREAL_SCAPE,285,0.001385400,true,1,12,900
C,ETHEREAL_SCAPE,286,0.000257600,true,1,9,826
C,ETHEREAL_SCAPE,287,0.000222600,true,1,9,825
C,ETHEREAL_SCAPE,288,0.000317900,true,1,10,756
C,ETHEREAL_SCAPE,289,0.000708300,true,1,13,811
C,ETHEREAL_SCAPE,290,0.000260700,true,1,9,776
C,ETHEREAL_SCAPE,291,0.000197000,true,1,9,741
C,ETHEREAL_SCAPE,292,0.000223600,true,1,10,795
C,ETHEREAL_SCAPE,293,0.000312700,true,2,25,823
C,ETHEREAL_SCAPE,294,0.000200200,true,1,10,758
C,ETHEREAL_SCAPE,295,0.000185500,true,1,9,773
C,ETHEREAL_SCAPE,296,0.000196800,true,1,11,726
C,ETHEREAL_SCAPE,297,0.000195600,true,1,11,809
C,ETHEREAL_SCAPE,298,0.000337800,true,2,48,978
C,ETHEREAL_SCAPE,299,0.000198600,true,1,10,814
C,ETHEREAL_SCAPE,300,0.000181700,true,1,9,805
C,ETHEREAL_SCAPE,301,0.000212400,true,1,14,1015
C,ETHEREAL_SCAPE,302,0.000261700,true,2,20,880
C,ETHEREAL_SCAPE,303,0.000182100,true,1,9,768
C,ETHEREAL_SCAPE,304,0.000181000,true,1,10,777
C,ETHEREAL_SCAPE,305,0.000179800,true,1,10,682
C,ETHEREAL_SCAPE,306,0.000173800,true,1,9,734
C,ETHEREAL_SCAPE,307,0.000214800,true,1,14,901
C,ETHEREAL_SCAPE,308,0.000176100,true,1,11,787
C,ETHEREAL_SCAPE,309,0.000362600,true,2,42,952
C,ETHEREAL_SCAPE,310,0.000228800,true,1,9,826
C,ETHEREAL_SCAPE,311,0.000290400,true,2,24,835
C,ETHEREAL_SCAPE,312,0.000191900,true,1,11,779
C,ETHEREAL_SCAPE,313,0.000199000,true,1,10,793
C,ETHEREAL_SCAPE,314,0.000181200,true,1,10,766
C,ETHEREAL_SCAPE,315,0.000211000,true,1,12,929
C,ETHEREAL_SCAPE,316,0.000211500,true,1,9,686
C,ETHEREAL_SCAPE,317,0.000304000,true,2,24,896
C,ETHEREAL_SCAPE,318,0.000183500,true,1,9,760
C,ETHEREAL_SCAPE,319,0.000201600,true,1,10,860
C,ETHEREAL_SCAPE,320,0.000193000,true,1,10,777
C,ETHEREAL_SCAPE,321,0.000260000,true,1,13,1028
C,ETHEREAL_SCAPE,322,0.000240600,true,1,13,798
C,ETHEREAL_SCAPE,323,0.000184600,true,1,9,757
C,ETHEREAL_SCAPE,324,0.000204000,true,1,9,894
C,ETHEREAL_SCAPE,325,0.000201700,true,1,12,866
C,ETHEREAL_SCAPE,326,0.000181300,true,1,9,768
C,ETHEREAL_SCAPE,327,0.000213100,true,1,10,770
C,ETHEREAL_SCAPE,328,0.000287900,true,2,26,834
C,ETHEREAL_SCAPE,329,0.000177900,true,1,10,865
C,ETHEREAL_SCAPE,330,0.000180200,true,1,10,740
C,ETHEREAL_SCAPE,331,0.000177800,true,1,10,685
C,ETHEREAL_SCAPE,332,0.000290200,true,2,25,864
C,ETHEREAL_SCAPE,333,0.000185200,true,1,10,836
C,ETHEREAL_SCAPE,334,0.000220500,true,1,11,828
C,ETHEREAL_SCAPE,335,0.000201500,true,1,12,814
C,ETHEREAL_SCAPE,336,0.000303000,true,2,44,844
C,ETHEREAL_SCAPE,337,0.000470700,true,3,85,1188
C,ETHEREAL_SCAPE,338,0.000180200,true,1,9,764
C,ETHEREAL_SCAPE,339,0.000175100,true,1,9,776
C,ETHEREAL_SCAPE,340,0.000178900,true,1,9,773
C,ETHEREAL_SCAPE,341,0.000196300,true,1,12,911
C,ETHEREAL_SCAPE,342,0.000342400,true,2,35,1016
C,ETHEREAL_SCAPE,343,0.000304000,true,2,29,928
C,ETHEREAL_SCAPE,344,0.000183000,true,1,12,834
C,ETHEREAL_SCAPE,345,0.000235300,true,1,14,1092
C,ETHEREAL_SCAPE,346,0.000229500,true,1,13,902
C,ETHEREAL_SCAPE,347,0.000285800,true,2,38,745
C,ETHEREAL_SCAPE,348,0.000221400,true,1,9,899
C,ETHEREAL_SCAPE,349,0.000211500,true,1,11,763
C,ETHEREAL_SCAPE,350,0.000259100,true,1,11,793
C,ETHEREAL_SCAPE,351,0.000300100,true,1,9,826
C,ETHEREAL_SCAPE,352,0.000203600,true,1,10,721
C,ETHEREAL_SCAPE,353,0.000228500,true,1,9,755
C,ETHEREAL_SCAPE,354,0.000236000,true,1,10,798
C,ETHEREAL_SCAPE,355,0.000206100,true,1,9,789
C,ETHEREAL_SCAPE,356,0.000187600,true,1,9,816
C,ETHEREAL_SCAPE,357,0.000197100,true,1,11,758
C,ETHEREAL_SCAPE,358,0.000304800,true,2,24,799
C,ETHEREAL_SCAPE,359,0.000181200,true,1,9,749
C,ETHEREAL_SCAPE,360,0.000206500,true,1,10,832
C,ETHEREAL_SCAPE,361,0.000175400,true,1,9,717
C,ETHEREAL_SCAPE,362,0.000252800,true,1,14,1074
C,ETHEREAL_SCAPE,363,0.000289900,true,1,9,776
C,ETHEREAL_SCAPE,364,0.000296200,true,2,24,830
C,ETHEREAL_SCAPE,365,0.000492300,true,3,43,878
C,ETHEREAL_SCAPE,366,0.000193500,true,1,9,755
C,ETHEREAL_SCAPE,367,0.000218400,true,1,11,768
C,ETHEREAL_SCAPE,368,0.000388200,true,1,11,823
C,ETHEREAL_SCAPE,369,0.000413000,true,1,9,911
C,ETHEREAL_SCAPE,370,0.000390300,true,1,12,1016
C,ETHEREAL_SCAPE,371,0.000348200,true,1,9,772
C,ETHEREAL_SCAPE,372,0.000274400,true,1,10,770
C,ETHEREAL_SCAPE,373,0.000233200,true,1,10,826
C,ETHEREAL_SCAPE,374,0.000309400,true,2,28,897
C,ETHEREAL_SCAPE,375,0.000208100,true,1,12,883
C,ETHEREAL_SCAPE,376,0.000175900,true,1,9,776
C,ETHEREAL_SCAPE,377,0.000385200,true,2,34,1148
C,ETHEREAL_SCAPE,378,0.000315900,true,2,42,907
C,ETHEREAL_SCAPE,379,0.000197700,true,1,9,812
C,ETHEREAL_SCAPE,380,0.000187700,true,1,11,766
C,ETHEREAL_SCAPE,381,0.000205600,true,1,11,961
C,ETHEREAL_SCAPE,382,0.000163300,true,1,10,657
C,ETHEREAL_SCAPE,383,0.000185300,true,1,10,701
C,ETHEREAL_SCAPE,384,0.000367400,true,3,33,1235
C,ETHEREAL_SCAPE,385,0.000193800,true,1,9,773
C,ETHEREAL_SCAPE,386,0.000181800,true,1,10,830
C,ETHEREAL_SCAPE,387,0.000274200,true,2,21,786
C,ETHEREAL_SCAPE,388,0.000283800,true,2,17,794
C,ETHEREAL_SCAPE,389,0.000199200,true,1,9,933
C,ETHEREAL_SCAPE,390,0.000174300,true,1,11,761
C,ETHEREAL_SCAPE,391,0.000234700,true,1,11,905
C,ETHEREAL_SCAPE,392,0.000174900,true,1,10,692
C,ETHEREAL_SCAPE,393,0.000182800,true,1,9,826
C,ETHEREAL_SCAPE,394,0.000184100,true,1,11,898
C,ETHEREAL_SCAPE,395,0.000237800,true,1,10,898
C,ETHEREAL_SCAPE,396,0.000209300,true,1,13,933
C,ETHEREAL_SCAPE,397,0.000180500,true,1,9,772
C,ETHEREAL_SCAPE,398,0.000172700,true,1,9,727
C,ETHEREAL_SCAPE,399,0.000191000,true,1,10,684
C,ETHEREAL_SCAPE,400,0.000173000,true,1,9,755
C,ETHEREAL_SCAPE,401,0.000174000,true,1,9,755
C,ETHEREAL_SCAPE,402,0.000547500,true,4,100,1042
C,ETHEREAL_SCAPE,403,0.000397300,true,3,42,912
C,ETHEREAL_SCAPE,404,0.000175400,true,1,9,765
C,ETHEREAL_SCAPE,405,0.000186800,true,1,11,838
C,ETHEREAL_SCAPE,406,0.000304800,true,2,26,875
C,ETHEREAL_SCAPE,407,0.000201700,true,1,12,897
C,ETHEREAL_SCAPE,408,0.000179900,true,1,9,791
C,ETHEREAL_SCAPE,409,0.000340300,true,1,9,755
C,ETHEREAL_SCAPE,410,0.000295800,true,2,25,883
C,ETHEREAL_SCAPE,411,0.000185900,true,1,10,756
C,ETHEREAL_SCAPE,412,0.000230700,true,1,10,829
C,ETHEREAL_SCAPE,413,0.000174100,true,1,9,732
C,ETHEREAL_SCAPE,414,0.000194700,true,1,11,770
C,ETHEREAL_SCAPE,415,0.000292000,true,2,25,872
C,ETHEREAL_SCAPE,416,0.000181400,true,1,9,755
C,ETHEREAL_SCAPE,417,0.000196700,true,1,9,782
C,ETHEREAL_SCAPE,418,0.000194400,true,1,10,770
C,ETHEREAL_SCAPE,419,0.000413600,true,3,63,1026
C,ETHEREAL_SCAPE,420,0.000188300,true,1,9,761
C,ETHEREAL_SCAPE,421,0.000209300,true,1,10,816
C,ETHEREAL_SCAPE,422,0.000228400,true,1,13,1172
C,ETHEREAL_SCAPE,423,0.000361500,true,2,47,946
C,ETHEREAL_SCAPE,424,0.000180400,true,1,9,764
C,ETHEREAL_SCAPE,425,0.000193100,true,1,12,823
C,ETHEREAL_SCAPE,426,0.000196100,true,1,10,900
C,ETHEREAL_SCAPE,427,0.000192500,true,1,10,778
C,ETHEREAL_SCAPE,428,0.000166900,true,1,9,724
C,ETHEREAL_SCAPE,429,0.000186600,true,1,11,782
C,ETHEREAL_SCAPE,430,0.000177400,true,1,9,785
C,ETHEREAL_SCAPE,431,0.000188600,true,1,9,775
C,ETHEREAL_SCAPE,432,0.000193400,true,1,10,828
C,ETHEREAL_SCAPE,433,0.000189000,true,1,10,827
C,ETHEREAL_SCAPE,434,0.000256900,true,1,16,1335
C,ETHEREAL_SCAPE,435,0.000167000,true,1,9,689
C,ETHEREAL_SCAPE,436,0.000216300,true,1,10,865
C,ETHEREAL_SCAPE,437,0.000251400,true,1,12,866
C,ETHEREAL_SCAPE,438,0.000198100,true,1,10,679
C,ETHEREAL_SCAPE,439,0.000379100,true,3,30,919
C,ETHEREAL_SCAPE,440,0.000201300,true,1,10,749
C,ETHEREAL_SCAPE,441,0.000280900,true,1,11,783
C,ETHEREAL_SCAPE,442,0.000267500,true,1,11,832
C,ETHEREAL_SCAPE,443,0.000211100,true,1,9,826
C,ETHEREAL_SCAPE,444,0.000204100,true,1,9,776
C,ETHEREAL_SCAPE,445,0.000201100,true,1,10,830
C,ETHEREAL_SCAPE,446,0.000176300,true,1,9,755
C,ETHEREAL_SCAPE,447,0.000177800,true,1,9,805
C,ETHEREAL_SCAPE,448,0.000195400,true,1,10,777
C,ETHEREAL_SCAPE,449,0.000224900,true,1,14,806
C,ETHEREAL_SCAPE,450,0.000217300,true,1,12,1002
C,ETHEREAL_SCAPE,451,0.000309000,true,2,33,910
C,ETHEREAL_SCAPE,452,0.000349500,true,2,47,909
C,ETHEREAL_SCAPE,453,0.000217400,true,1,9,776
C,ETHEREAL_SCAPE,454,0.000225000,true,1,14,1101
C,ETHEREAL_SCAPE,455,0.000371200,true,2,49,982
C,ETHEREAL_SCAPE,456,0.000244200,true,1,10,734
C,ETHEREAL_SCAPE,457,0.000213000,true,1,9,755
C,ETHEREAL_SCAPE,458,0.000786100,true,2,40,1012
C,ETHEREAL_SCAPE,459,0.000317100,true,1,9,776
C,ETHEREAL_SCAPE,460,0.000432700,true,1,12,1100
C,ETHEREAL_SCAPE,461,0.000430300,true,1,9,782
C,ETHEREAL_SCAPE,462,0.000269600,true,1,10,815
C,ETHEREAL_SCAPE,463,0.000233900,true,1,10,797
C,ETHEREAL_SCAPE,464,0.000200000,true,1,10,777
C,ETHEREAL_SCAPE,465,0.000190200,true,1,9,759
C,ETHEREAL_SCAPE,466,0.000293200,true,2,44,739
C,ETHEREAL_SCAPE,467,0.000234900,true,1,14,1118
C,ETHEREAL_SCAPE,468,0.000165200,true,1,10,673
C,ETHEREAL_SCAPE,469,0.000298600,true,2,38,1001
C,ETHEREAL_SCAPE,470,0.000217100,true,1,9,805
C,ETHEREAL_SCAPE,471,0.000185900,true,1,11,770
C,ETHEREAL_SCAPE,472,0.000203300,true,1,14,661
C,ETHEREAL_SCAPE,473,0.000405600,true,3,36,800
C,ETHEREAL_SCAPE,474,0.000170100,true,1,9,727
C,ETHEREAL_SCAPE,475,0.000204300,true,1,11,878
C,ETHEREAL_SCAPE,476,0.000174300,true,1,9,826
C,ETHEREAL_SCAPE,477,0.000209200,true,1,10,757
C,ETHEREAL_SCAPE,478,0.000181600,true,1,9,721
C,ETHEREAL_SCAPE,479,0.000186600,true,1,10,827
C,ETHEREAL_SCAPE,480,0.000318700,true,2,33,1023
C,ETHEREAL_SCAPE,481,0.000165500,true,1,9,762
C,ETHEREAL_SCAPE,482,0.000217400,true,1,10,806
C,ETHEREAL_SCAPE,483,0.000278000,true,2,24,964
C,ETHEREAL_SCAPE,484,0.000175100,true,1,9,805
C,ETHEREAL_SCAPE,485,0.000349300,true,2,21,970
C,ETHEREAL_SCAPE,486,0.000186600,true,1,11,770
C,ETHEREAL_SCAPE,487,0.000194800,true,1,11,783
C,ETHEREAL_SCAPE,488,0.000191100,true,1,9,897
C,ETHEREAL_SCAPE,489,0.000184300,true,1,9,785
C,ETHEREAL_SCAPE,490,0.000178900,true,1,9,755
C,ETHEREAL_SCAPE,491,0.000175700,true,1,9,776
C,ETHEREAL_SCAPE,492,0.000173900,true,1,9,774
C,ETHEREAL_SCAPE,493,0.000171900,true,1,9,751
C,ETHEREAL_SCAPE,494,0.000187300,true,1,11,778
C,ETHEREAL_SCAPE,495,0.000179800,true,1,9,807
C,ETHEREAL_SCAPE,496,0.000430500,true,3,68,985
C,ETHEREAL_SCAPE,497,0.000176200,true,1,10,745
C,ETHEREAL_SCAPE,498,0.000401800,true,3,57,922
C,ETHEREAL_SCAPE,499,0.000296100,true,2,24,1019
C,ETHEREAL_SCAPE,500,0.000196900,true,1,10,767
C,ETHEREAL_SCAPE,501,0.000241400,true,1,12,870
C,ETHEREAL_SCAPE,502,0.000244600,true,1,17,1097
C,ETHEREAL_SCAPE,503,0.000192900,true,1,10,815
C,ETHEREAL_SCAPE,504,0.000532400,true,3,72,915
C,ETHEREAL_SCAPE,505,0.000178900,true,1,9,775
C,ETHEREAL_SCAPE,506,0.000431500,true,3,75,1035
C,ETHEREAL_SCAPE,507,0.000185300,true,1,9,826
C,ETHEREAL_SCAPE,508,0.000181000,true,1,9,792
C,ETHEREAL_SCAPE,509,0.000182800,true,1,12,764
C,ETHEREAL_SCAPE,510,0.000184400,true,1,11,753
C,ETHEREAL_SCAPE,511,0.000181200,true,1,9,805
C,ETHEREAL_SCAPE,512,0.000283800,true,2,21,800
C,ETHEREAL_SCAPE,513,0.000176800,true,1,10,872
C,ETHEREAL_SCAPE,514,0.000293700,true,2,32,970
C,ETHEREAL_SCAPE,515,0.000180100,true,1,9,826
C,ETHEREAL_SCAPE,516,0.000177300,true,1,9,754
C,ETHEREAL_SCAPE,517,0.000372600,true,2,36,828
C,ETHEREAL_SCAPE,518,0.000177000,true,1,9,755
C,ETHEREAL_SCAPE,519,0.000462900,true,3,88,1192
C,ETHEREAL_SCAPE,520,0.000256800,true,2,19,829
C,ETHEREAL_SCAPE,521,0.000188200,true,1,10,849
C,ETHEREAL_SCAPE,522,0.000213100,true,1,10,764
C,ETHEREAL_SCAPE,523,0.000200800,true,1,10,683
C,ETHEREAL_SCAPE,524,0.000350800,true,2,27,871
C,ETHEREAL_SCAPE,525,0.000209100,true,1,11,758
C,ETHEREAL_SCAPE,526,0.000206500,true,1,10,808
C,ETHEREAL_SCAPE,527,0.000305300,true,1,11,760
C,ETHEREAL_SCAPE,528,0.000210100,true,1,10,827
C,ETHEREAL_SCAPE,529,0.000207700,true,1,9,805
C,ETHEREAL_SCAPE,530,0.000204900,true,1,10,777
C,ETHEREAL_SCAPE,531,0.000173700,true,1,9,755
C,ETHEREAL_SCAPE,532,0.000193400,true,1,10,817
C,ETHEREAL_SCAPE,533,0.000196400,true,1,9,741
C,ETHEREAL_SCAPE,534,0.000214000,true,1,13,945
C,ETHEREAL_SCAPE,535,0.000183000,true,1,10,778
C,ETHEREAL_SCAPE,536,0.000334500,true,2,31,924
C,ETHEREAL_SCAPE,537,0.000167000,true,1,9,775
C,ETHEREAL_SCAPE,538,0.000198900,true,1,9,755
C,ETHEREAL_SCAPE,539,0.000226800,true,1,11,757
C,ETHEREAL_SCAPE,540,0.000187000,true,1,10,765
C,ETHEREAL_SCAPE,541,0.000278000,true,2,24,785
C,ETHEREAL_SCAPE,542,0.000199000,true,1,9,735
C,ETHEREAL_SCAPE,543,0.000324700,true,2,29,894
C,ETHEREAL_SCAPE,544,0.000382200,true,1,12,929
C,ETHEREAL_SCAPE,545,0.000380500,true,1,9,717
C,ETHEREAL_SCAPE,546,0.000324900,true,1,9,766
C,ETHEREAL_SCAPE,547,0.000408500,true,1,14,783
C,ETHEREAL_SCAPE,548,0.000716000,true,4,55,956
C,ETHEREAL_SCAPE,549,0.000216600,true,1,12,812
C,ETHEREAL_SCAPE,550,0.000301800,true,1,10,755
C,ETHEREAL_SCAPE,551,0.000180700,true,1,9,755
C,ETHEREAL_SCAPE,552,0.000185700,true,1,9,826
C,ETHEREAL_SCAPE,553,0.000212500,true,1,9,911
C,ETHEREAL_SCAPE,554,0.000177700,true,1,9,818
C,ETHEREAL_SCAPE,555,0.000301300,true,2,31,903
C,ETHEREAL_SCAPE,556,0.000182100,true,1,9,826
C,ETHEREAL_SCAPE,557,0.000175900,true,1,9,749
C,ETHEREAL_SCAPE,558,0.000289700,true,2,25,888
C,ETHEREAL_SCAPE,559,0.000300600,true,2,47,850
C,ETHEREAL_SCAPE,560,0.000217600,true,1,13,907
C,ETHEREAL_SCAPE,561,0.000325000,true,2,46,1069
C,ETHEREAL_SCAPE,562,0.000204100,true,1,14,772
C,ETHEREAL_SCAPE,563,0.000277500,true,2,25,808
C,ETHEREAL_SCAPE,564,0.000555400,true,4,84,1188
C,ETHEREAL_SCAPE,565,0.000301800,true,2,43,840
C,ETHEREAL_SCAPE,566,0.000175900,true,1,10,808
C,ETHEREAL_SCAPE,567,0.000214300,true,1,14,1044
C,ETHEREAL_SCAPE,568,0.000190800,true,1,9,684
C,ETHEREAL_SCAPE,569,0.000315700,true,1,9,773
C,ETHEREAL_SCAPE,570,0.000197200,true,1,10,827
C,ETHEREAL_SCAPE,571,0.000181700,true,1,10,682
C,ETHEREAL_SCAPE,572,0.000455000,true,3,69,1103
C,ETHEREAL_SCAPE,573,0.000183900,true,1,10,769
C,ETHEREAL_SCAPE,574,0.000270100,true,2,24,849
C,ETHEREAL_SCAPE,575,0.000178700,true,1,10,757
C,ETHEREAL_SCAPE,576,0.000178800,true,1,9,760
C,ETHEREAL_SCAPE,577,0.000202700,true,1,14,786
C,ETHEREAL_SCAPE,578,0.000209400,true,1,12,813
C,ETHEREAL_SCAPE,579,0.000190200,true,1,11,760
C,ETHEREAL_SCAPE,580,0.000167000,true,1,9,762
C,ETHEREAL_SCAPE,581,0.000175500,true,1,9,776
C,ETHEREAL_SCAPE,582,0.000407200,true,3,48,968
C,ETHEREAL_SCAPE,583,0.000342100,true,2,57,1077
C,ETHEREAL_SCAPE,584,0.000195400,true,1,9,760
C,ETHEREAL_SCAPE,585,0.000183700,true,1,10,763
C,ETHEREAL_SCAPE,586,0.000203200,true,1,10,827
C,ETHEREAL_SCAPE,587,0.000186200,true,1,11,809
C,ETHEREAL_SCAPE,588,0.000189800,true,1,11,716
C,ETHEREAL_SCAPE,589,0.000230600,true,2,16,754
C,ETHEREAL_SCAPE,590,0.000189700,true,1,11,841
C,ETHEREAL_SCAPE,591,0.000196100,true,1,12,866
C,ETHEREAL_SCAPE,592,0.000260400,true,2,19,854
C,ETHEREAL_SCAPE,593,0.000183600,true,1,10,752
C,ETHEREAL_SCAPE,594,0.000195900,true,1,9,911
C,ETHEREAL_SCAPE,595,0.000415200,true,3,64,865
C,ETHEREAL_SCAPE,596,0.000187300,true,1,11,781
C,ETHEREAL_SCAPE,597,0.000200800,true,1,13,903
C,ETHEREAL_SCAPE,598,0.000339700,true,1,9,948
C,ETHEREAL_SCAPE,599,0.000162700,true,1,9,659
C,ETHEREAL_SCAPE,600,0.000206000,true,1,13,834
C,ETHEREAL_SCAPE,601,0.000178400,true,1,10,777
C,ETHEREAL_SCAPE,602,0.000259300,true,2,39,800
C,ETHEREAL_SCAPE,603,0.000369300,true,2,50,1161
C,ETHEREAL_SCAPE,604,0.000369200,true,3,39,903
C,ETHEREAL_SCAPE,605,0.000178300,true,1,10,820
C,ETHEREAL_SCAPE,606,0.000208000,true,1,12,1020
C,ETHEREAL_SCAPE,607,0.000190500,true,1,10,757
C,ETHEREAL_SCAPE,608,0.000249800,true,1,15,1005
C,ETHEREAL_SCAPE,609,0.000197400,true,1,9,776
C,ETHEREAL_SCAPE,610,0.000217900,true,1,13,949
C,ETHEREAL_SCAPE,611,0.000195400,true,1,9,718
C,ETHEREAL_SCAPE,612,0.000225400,true,1,10,759
C,ETHEREAL_SCAPE,613,0.000371600,true,2,38,947
C,ETHEREAL_SCAPE,614,0.000680200,true,5,90,1130
C,ETHEREAL_SCAPE,615,0.000260100,true,1,12,1068
C,ETHEREAL_SCAPE,616,0.000183400,true,1,10,756
C,ETHEREAL_SCAPE,617,0.000186900,true,1,9,782
C,ETHEREAL_SCAPE,618,0.000191500,true,1,9,809
C,ETHEREAL_SCAPE,619,0.000205500,true,1,12,1002
C,ETHEREAL_SCAPE,620,0.000394300,true,3,41,971
C,ETHEREAL_SCAPE,621,0.000287100,true,1,14,1067
C,ETHEREAL_SCAPE,622,0.000455300,true,1,9,776
C,ETHEREAL_SCAPE,623,0.000333500,true,1,12,832
C,ETHEREAL_SCAPE,624,0.000730500,true,2,40,891
C,ETHEREAL_SCAPE,625,0.000222600,true,1,9,760
C,ETHEREAL_SCAPE,626,0.000209000,true,1,9,707
C,ETHEREAL_SCAPE,627,0.000257900,true,1,9,805
C,ETHEREAL_SCAPE,628,0.000444600,true,1,9,776
C,ETHEREAL_SCAPE,629,0.000410200,true,1,9,826
C,ETHEREAL_SCAPE,630,0.000347000,true,1,9,747
C,ETHEREAL_SCAPE,631,0.000380600,true,1,10,821
C,ETHEREAL_SCAPE,632,0.000319100,true,1,9,776
C,ETHEREAL_SCAPE,633,0.000218600,true,1,9,734
C,ETHEREAL_SCAPE,634,0.000220700,true,1,11,838
C,ETHEREAL_SCAPE,635,0.000181100,true,1,10,806
C,ETHEREAL_SCAPE,636,0.000206600,true,1,13,954
C,ETHEREAL_SCAPE,637,0.000180000,true,1,10,776
C,ETHEREAL_SCAPE,638,0.000224900,true,1,14,977
C,ETHEREAL_SCAPE,639,0.000208400,true,1,10,776
C,ETHEREAL_SCAPE,640,0.000213800,true,1,12,1004
C,ETHEREAL_SCAPE,641,0.000205300,true,1,13,743
C,ETHEREAL_SCAPE,642,0.000545800,true,4,78,1253
C,ETHEREAL_SCAPE,643,0.000203100,true,1,9,911
C,ETHEREAL_SCAPE,644,0.000188200,true,1,9,826
C,ETHEREAL_SCAPE,645,0.000176900,true,1,9,766
C,ETHEREAL_SCAPE,646,0.000210300,true,1,10,912
C,ETHEREAL_SCAPE,647,0.000310200,true,2,27,940
C,ETHEREAL_SCAPE,648,0.000201400,true,1,12,943
C,ETHEREAL_SCAPE,649,0.000186000,true,1,10,733
C,ETHEREAL_SCAPE,650,0.000179500,true,1,9,765
C,ETHEREAL_SCAPE,651,0.000349100,true,2,53,1114
C,ETHEREAL_SCAPE,652,0.000177700,true,1,9,672
C,ETHEREAL_SCAPE,653,0.000189200,true,1,10,820
C,ETHEREAL_SCAPE,654,0.000207000,true,1,11,829
C,ETHEREAL_SCAPE,655,0.000184300,true,1,9,760
C,ETHEREAL_SCAPE,656,0.000293600,true,2,38,820
C,ETHEREAL_SCAPE,657,0.000185500,true,1,9,826
C,ETHEREAL_SCAPE,658,0.000199100,true,1,11,770
C,ETHEREAL_SCAPE,659,0.000178700,true,1,9,773
C,ETHEREAL_SCAPE,660,0.000184700,true,1,11,855
C,ETHEREAL_SCAPE,661,0.000181100,true,1,11,782
C,ETHEREAL_SCAPE,662,0.000184900,true,1,10,748
C,ETHEREAL_SCAPE,663,0.000184700,true,1,9,772
C,ETHEREAL_SCAPE,664,0.000292300,true,2,29,955
C,ETHEREAL_SCAPE,665,0.000213700,true,1,10,768
C,ETHEREAL_SCAPE,666,0.000298700,true,2,26,995
C,ETHEREAL_SCAPE,667,0.000559000,true,4,81,1226
C,ETHEREAL_SCAPE,668,0.000170500,true,1,9,739
C,ETHEREAL_SCAPE,669,0.000187400,true,1,10,756
C,ETHEREAL_SCAPE,670,0.000307500,true,2,40,886
C,ETHEREAL_SCAPE,671,0.000183800,true,1,12,768
C,ETHEREAL_SCAPE,672,0.000172400,true,1,9,755
C,ETHEREAL_SCAPE,673,0.000293400,true,2,39,875
C,ETHEREAL_SCAPE,674,0.000182100,true,1,9,826
C,ETHEREAL_SCAPE,675,0.000174200,true,1,9,755
C,ETHEREAL_SCAPE,676,0.000278200,true,2,28,881
C,ETHEREAL_SCAPE,677,0.000192200,true,1,10,827
C,ETHEREAL_SCAPE,678,0.000189300,true,1,10,779
C,ETHEREAL_SCAPE,679,0.000371400,true,3,35,1022
C,ETHEREAL_SCAPE,680,0.000291200,true,2,23,850
C,ETHEREAL_SCAPE,681,0.000277200,true,2,28,812
C,ETHEREAL_SCAPE,682,0.000174900,true,1,9,776
C,ETHEREAL_SCAPE,683,0.000196400,true,1,12,900
C,ETHEREAL_SCAPE,684,0.000334900,true,2,49,1118
C,ETHEREAL_SCAPE,685,0.000198700,true,1,12,983
C,ETHEREAL_SCAPE,686,0.000414900,true,2,49,904
C,ETHEREAL_SCAPE,687,0.000207800,true,1,10,830
C,ETHEREAL_SCAPE,688,0.000217300,true,1,9,911
C,ETHEREAL_SCAPE,689,0.000302100,true,2,25,878
C,ETHEREAL_SCAPE,690,0.000182000,true,1,9,755
C,ETHEREAL_SCAPE,691,0.000211500,true,1,9,747
C,ETHEREAL_SCAPE,692,0.000236800,true,1,10,797
C,ETHEREAL_SCAPE,693,0.000222800,true,1,9,895
C,ETHEREAL_SCAPE,694,0.000346600,true,2,47,863
C,ETHEREAL_SCAPE,695,0.000409300,true,2,24,1053
C,ETHEREAL_SCAPE,696,0.000242000,true,1,12,934
C,ETHEREAL_SCAPE,697,0.000365600,true,2,33,937
C,ETHEREAL_SCAPE,698,0.000206400,true,1,10,828
C,ETHEREAL_SCAPE,699,0.000194500,true,1,11,780
C,ETHEREAL_SCAPE,700,0.000217700,true,1,14,870
C,ETHEREAL_SCAPE,701,0.000253600,true,1,10,829
C,ETHEREAL_SCAPE,702,0.000257700,true,1,9,751
C,ETHEREAL_SCAPE,703,0.000242600,true,1,9,680
C,ETHEREAL_SCAPE,704,0.000209200,true,1,10,841
C,ETHEREAL_SCAPE,705,0.000182000,true,1,9,826
C,ETHEREAL_SCAPE,706,0.000221700,true,1,10,770
C,ETHEREAL_SCAPE,707,0.000229400,true,1,13,910
C,ETHEREAL_SCAPE,708,0.000191200,true,1,10,758
C,ETHEREAL_SCAPE,709,0.000317100,true,2,28,791
C,ETHEREAL_SCAPE,710,0.000205900,true,1,9,776
C,ETHEREAL_SCAPE,711,0.001017600,true,5,106,1158
C,ETHEREAL_SCAPE,712,0.000341400,true,1,10,872
C,ETHEREAL_SCAPE,713,0.000339700,true,1,9,805
C,ETHEREAL_SCAPE,714,0.000492200,true,1,15,994
C,ETHEREAL_SCAPE,715,0.000384200,true,2,24,848
C,ETHEREAL_SCAPE,716,0.000212500,true,1,9,755
C,ETHEREAL_SCAPE,717,0.000180600,true,1,10,726
C,ETHEREAL_SCAPE,718,0.000298800,true,2,22,1030
C,ETHEREAL_SCAPE,719,0.000173000,true,1,9,755
C,ETHEREAL_SCAPE,720,0.000186800,true,1,10,860
C,ETHEREAL_SCAPE,721,0.000183400,true,1,9,805
C,ETHEREAL_SCAPE,722,0.000186400,true,1,10,806
C,ETHEREAL_SCAPE,723,0.000179300,true,1,9,807
C,ETHEREAL_SCAPE,724,0.000227600,true,1,16,1024
C,ETHEREAL_SCAPE,725,0.000178100,true,1,9,826
C,ETHEREAL_SCAPE,726,0.000320100,true,2,45,974
C,ETHEREAL_SCAPE,727,0.000279800,true,2,23,899
C,ETHEREAL_SCAPE,728,0.000258200,true,2,16,831
C,ETHEREAL_SCAPE,729,0.000181900,true,1,9,774
C,ETHEREAL_SCAPE,730,0.000188000,true,1,11,827
C,ETHEREAL_SCAPE,731,0.000240100,true,1,9,772
C,ETHEREAL_SCAPE,732,0.000203600,true,1,11,768
C,ETHEREAL_SCAPE,733,0.000183200,true,1,9,776
C,ETHEREAL_SCAPE,734,0.000199700,true,1,9,895
C,ETHEREAL_SCAPE,735,0.000179900,true,1,9,751
C,ETHEREAL_SCAPE,736,0.000174400,true,1,9,755
C,ETHEREAL_SCAPE,737,0.000190200,true,1,11,759
C,ETHEREAL_SCAPE,738,0.000177200,true,1,10,735
C,ETHEREAL_SCAPE,739,0.000190500,true,1,10,829
C,ETHEREAL_SCAPE,740,0.000185300,true,1,9,818
C,ETHEREAL_SCAPE,741,0.000278300,true,2,42,846
C,ETHEREAL_SCAPE,742,0.000255900,true,2,23,800
C,ETHEREAL_SCAPE,743,0.000215100,true,1,12,932
C,ETHEREAL_SCAPE,744,0.000179900,true,1,9,818
C,ETHEREAL_SCAPE,745,0.000181000,true,1,10,773
C,ETHEREAL_SCAPE,746,0.000199800,true,1,15,810
C,ETHEREAL_SCAPE,747,0.000170600,true,1,9,734
C,ETHEREAL_SCAPE,748,0.000178400,true,1,9,740
C,ETHEREAL_SCAPE,749,0.000183700,true,1,9,792
C,ETHEREAL_SCAPE,750,0.000165700,true,1,10,695
C,ETHEREAL_SCAPE,751,0.000183900,true,1,10,778
C,ETHEREAL_SCAPE,752,0.000305900,true,2,44,860
C,ETHEREAL_SCAPE,753,0.000184000,true,1,10,793
C,ETHEREAL_SCAPE,754,0.000174500,true,1,9,825
C,ETHEREAL_SCAPE,755,0.000266000,true,2,21,848
C,ETHEREAL_SCAPE,756,0.000205200,true,1,12,929
C,ETHEREAL_SCAPE,757,0.000177600,true,1,9,812
C,ETHEREAL_SCAPE,758,0.000196000,true,1,11,960
C,ETHEREAL_SCAPE,759,0.000171800,true,1,9,751
C,ETHEREAL_SCAPE,760,0.000187700,true,1,11,807
C,ETHEREAL_SCAPE,761,0.000181300,true,1,9,812
C,ETHEREAL_SCAPE,762,0.000205300,true,1,12,1019
C,ETHEREAL_SCAPE,763,0.000195700,true,1,11,845
C,ETHEREAL_SCAPE,764,0.000182100,true,1,9,766
C,ETHEREAL_SCAPE,765,0.000186800,true,1,11,782
C,ETHEREAL_SCAPE,766,0.000183900,true,1,9,814
C,ETHEREAL_SCAPE,767,0.000175200,true,1,9,747
C,ETHEREAL_SCAPE,768,0.000194900,true,1,11,770
C,ETHEREAL_SCAPE,769,0.000192800,true,1,10,779
C,ETHEREAL_SCAPE,770,0.000194500,true,1,11,923
C,ETHEREAL_SCAPE,771,0.000278800,true,2,27,868
C,ETHEREAL_SCAPE,772,0.000167000,true,1,9,751
C,ETHEREAL_SCAPE,773,0.000539100,true,4,85,1348
C,ETHEREAL_SCAPE,774,0.000182700,true,1,9,766
C,ETHEREAL_SCAPE,775,0.000180300,true,1,10,819
C,ETHEREAL_SCAPE,776,0.000465300,true,4,54,979
C,ETHEREAL_SCAPE,777,0.000180900,true,1,9,789
C,ETHEREAL_SCAPE,778,0.000187200,true,1,12,760
C,ETHEREAL_SCAPE,779,0.000430600,true,3,63,1156
C,ETHEREAL_SCAPE,780,0.000211600,true,1,10,798
C,ETHEREAL_SCAPE,781,0.000208200,true,1,9,812
C,ETHEREAL_SCAPE,782,0.000212600,true,1,9,849
C,ETHEREAL_SCAPE,783,0.000202900,true,1,14,747
C,ETHEREAL_SCAPE,784,0.000194100,true,1,9,755
C,ETHEREAL_SCAPE,785,0.000314300,true,2,28,780
C,ETHEREAL_SCAPE,786,0.000341800,true,2,30,896
C,ETHEREAL_SCAPE,787,0.000197700,true,1,9,775
C,ETHEREAL_SCAPE,788,0.000188300,true,1,10,798
C,ETHEREAL_SCAPE,789,0.000226000,true,1,13,898
C,ETHEREAL_SCAPE,790,0.000215000,true,1,10,860
C,ETHEREAL_SCAPE,791,0.000213800,true,1,13,747
C,ETHEREAL_SCAPE,792,0.000198000,true,1,11,773
C,ETHEREAL_SCAPE,793,0.000298700,true,2,47,771
C,ETHEREAL_SCAPE,794,0.000195100,true,1,9,788
C,ETHEREAL_SCAPE,795,0.000260500,true,1,15,1188
C,ETHEREAL_SCAPE,796,0.000197800,true,1,14,885
C,ETHEREAL_SCAPE,797,0.000194800,true,1,9,776
C,ETHEREAL_SCAPE,798,0.000247800,true,1,13,941
C,ETHEREAL_SCAPE,799,0.000202300,true,1,9,826
C,ETHEREAL_SCAPE,800,0.000313500,true,1,12,942
C,ETHEREAL_SCAPE,801,0.000406200,true,1,10,776
C,ETHEREAL_SCAPE,802,0.000364600,true,1,10,772
C,ETHEREAL_SCAPE,803,0.000333600,true,1,9,775
C,ETHEREAL_SCAPE,804,0.000553500,true,2,22,814
C,ETHEREAL_SCAPE,805,0.000225100,true,1,9,818
C,ETHEREAL_SCAPE,806,0.000352900,true,2,30,947
C,ETHEREAL_SCAPE,807,0.000264700,true,2,23,795
C,ETHEREAL_SCAPE,808,0.000174600,true,1,10,765
C,ETHEREAL_SCAPE,809,0.000372500,true,3,43,923
C,ETHEREAL_SCAPE,810,0.000178500,true,1,9,807
C,ETHEREAL_SCAPE,811,0.000177600,true,1,9,793
C,ETHEREAL_SCAPE,812,0.000415000,true,3,59,1061
C,ETHEREAL_SCAPE,813,0.000196600,true,1,12,792
C,ETHEREAL_SCAPE,814,0.000183000,true,1,10,767
C,ETHEREAL_SCAPE,815,0.000189100,true,1,10,795
C,ETHEREAL_SCAPE,816,0.000236600,true,2,15,763
C,ETHEREAL_SCAPE,817,0.000180700,true,1,9,826
C,ETHEREAL_SCAPE,818,0.000209600,true,1,12,921
C,ETHEREAL_SCAPE,819,0.000179600,true,1,10,797
C,ETHEREAL_SCAPE,820,0.000208400,true,1,12,932
C,ETHEREAL_SCAPE,821,0.000195000,true,1,11,828
C,ETHEREAL_SCAPE,822,0.000188400,true,1,9,826
C,ETHEREAL_SCAPE,823,0.000179100,true,1,11,768
C,ETHEREAL_SCAPE,824,0.000176800,true,1,10,809
C,ETHEREAL_SCAPE,825,0.000258800,true,2,22,850
C,ETHEREAL_SCAPE,826,0.000179800,true,1,10,758
C,ETHEREAL_SCAPE,827,0.000193800,true,1,9,830
C,ETHEREAL_SCAPE,828,0.000173000,true,1,11,692
C,ETHEREAL_SCAPE,829,0.000231300,true,1,15,933
C,ETHEREAL_SCAPE,830,0.000178100,true,1,9,764
C,ETHEREAL_SCAPE,831,0.000203400,true,1,13,976
C,ETHEREAL_SCAPE,832,0.000179400,true,1,9,730
C,ETHEREAL_SCAPE,833,0.000423900,true,1,17,954
C,ETHEREAL_SCAPE,834,0.000219300,true,1,9,812
C,ETHEREAL_SCAPE,835,0.000337000,true,2,31,907
C,ETHEREAL_SCAPE,836,0.000466400,true,1,11,829
C,ETHEREAL_SCAPE,837,0.000212900,true,1,13,882
C,ETHEREAL_SCAPE,838,0.000189300,true,1,9,715
C,ETHEREAL_SCAPE,839,0.000239200,true,1,14,977
C,ETHEREAL_SCAPE,840,0.000204000,true,1,11,779
C,ETHEREAL_SCAPE,841,0.000531600,true,4,80,1080
C,ETHEREAL_SCAPE,842,0.000180200,true,1,9,772
C,ETHEREAL_SCAPE,843,0.000176900,true,1,9,747
C,ETHEREAL_SCAPE,844,0.000176500,true,1,10,806
C,ETHEREAL_SCAPE,845,0.000188600,true,1,10,828
C,ETHEREAL_SCAPE,846,0.000166600,true,1,9,762
C,ETHEREAL_SCAPE,847,0.000175400,true,1,9,776
C,ETHEREAL_SCAPE,848,0.000266000,true,2,39,800
C,ETHEREAL_SCAPE,849,0.000171800,true,1,9,740
C,ETHEREAL_SCAPE,850,0.000332400,true,2,46,983
C,ETHEREAL_SCAPE,851,0.000187300,true,1,10,647
C,ETHEREAL_SCAPE,852,0.000185900,true,1,10,773
C,ETHEREAL_SCAPE,853,0.000251300,true,2,16,843
C,ETHEREAL_SCAPE,854,0.000209500,true,1,11,802
C,ETHEREAL_SCAPE,855,0.000294800,true,2,18,1005
C,ETHEREAL_SCAPE,856,0.000199300,true,1,11,814
C,ETHEREAL_SCAPE,857,0.000378500,true,2,53,1263
C,ETHEREAL_SCAPE,858,0.000186300,true,1,9,818
C,ETHEREAL_SCAPE,859,0.000243500,true,1,16,1122
C,ETHEREAL_SCAPE,860,0.000257500,true,2,19,792
C,ETHEREAL_SCAPE,861,0.000167100,true,1,10,757
C,ETHEREAL_SCAPE,862,0.000237400,true,1,15,955
C,ETHEREAL_SCAPE,863,0.000190700,true,1,10,808
C,ETHEREAL_SCAPE,864,0.000176300,true,1,9,773
C,ETHEREAL_SCAPE,865,0.000288000,true,2,28,909
C,ETHEREAL_SCAPE,866,0.000632100,true,5,85,1304
C,ETHEREAL_SCAPE,867,0.000212500,true,1,10,827
C,ETHEREAL_SCAPE,868,0.000340500,true,2,43,861
C,ETHEREAL_SCAPE,869,0.000198900,true,1,9,734
C,ETHEREAL_SCAPE,870,0.000221600,true,1,12,776
C,ETHEREAL_SCAPE,871,0.000299800,true,1,9,826
C,ETHEREAL_SCAPE,872,0.000222100,true,1,9,796
C,ETHEREAL_SCAPE,873,0.000213500,true,1,9,760
C,ETHEREAL_SCAPE,874,0.000244100,true,1,12,810
C,ETHEREAL_SCAPE,875,0.000208300,true,1,10,793
C,ETHEREAL_SCAPE,876,0.000193200,true,1,10,776
C,ETHEREAL_SCAPE,877,0.000244100,true,1,9,747
C,ETHEREAL_SCAPE,878,0.000223100,true,1,10,776
C,ETHEREAL_SCAPE,879,0.000262700,true,2,17,842
C,ETHEREAL_SCAPE,880,0.000263900,true,1,14,1225
C,ETHEREAL_SCAPE,881,0.000354200,true,2,55,1021
C,ETHEREAL_SCAPE,882,0.000217600,true,1,10,813
C,ETHEREAL_SCAPE,883,0.000179800,true,1,9,692
C,ETHEREAL_SCAPE,884,0.000180600,true,1,9,826
C,ETHEREAL_SCAPE,885,0.000200100,true,1,9,755
C,ETHEREAL_SCAPE,886,0.000215200,true,1,11,826
C,ETHEREAL_SCAPE,887,0.000199100,true,1,9,776
C,ETHEREAL_SCAPE,888,0.000297500,true,1,9,782
C,ETHEREAL_SCAPE,889,0.000441800,true,1,12,833
C,ETHEREAL_SCAPE,890,0.000354300,true,1,10,820
C,ETHEREAL_SCAPE,891,0.000580400,true,2,42,856
C,ETHEREAL_SCAPE,892,0.000348200,true,1,10,764
C,ETHEREAL_SCAPE,893,0.000216200,true,1,9,778
C,ETHEREAL_SCAPE,894,0.000250400,true,1,9,812
C,ETHEREAL_SCAPE,895,0.000215000,true,1,12,989
C,ETHEREAL_SCAPE,896,0.000185600,true,1,10,812
C,ETHEREAL_SCAPE,897,0.000203700,true,1,10,916
C,ETHEREAL_SCAPE,898,0.000187900,true,1,9,826
C,ETHEREAL_SCAPE,899,0.000168100,true,1,9,718
C,ETHEREAL_SCAPE,900,0.000186600,true,1,11,761
C,ETHEREAL_SCAPE,901,0.000219000,true,1,11,977
C,ETHEREAL_SCAPE,902,0.000181700,true,1,9,776
C,ETHEREAL_SCAPE,903,0.000168900,true,1,9,742
C,ETHEREAL_SCAPE,904,0.000186400,true,1,10,827
C,ETHEREAL_SCAPE,905,0.000175000,true,1,10,762
C,ETHEREAL_SCAPE,906,0.000204600,true,1,12,1004
C,ETHEREAL_SCAPE,907,0.000308300,true,2,40,801
C,ETHEREAL_SCAPE,908,0.000404400,true,3,42,1064
C,ETHEREAL_SCAPE,909,0.000174700,true,1,9,762
C,ETHEREAL_SCAPE,910,0.000323200,true,2,48,1100
C,ETHEREAL_SCAPE,911,0.000188300,true,1,10,820
C,ETHEREAL_SCAPE,912,0.000206200,true,1,13,942
C,ETHEREAL_SCAPE,913,0.000194700,true,1,12,873
C,ETHEREAL_SCAPE,914,0.000176900,true,1,9,792
C,ETHEREAL_SCAPE,915,0.000217000,true,1,14,765
C,ETHEREAL_SCAPE,916,0.000237400,true,2,15,825
C,ETHEREAL_SCAPE,917,0.000184300,true,1,9,796
C,ETHEREAL_SCAPE,918,0.000767200,true,1,9,826
C,ETHEREAL_SCAPE,919,0.000388500,true,1,10,778
C,ETHEREAL_SCAPE,920,0.000499900,true,1,12,782
C,ETHEREAL_SCAPE,921,0.000204200,true,1,9,796
C,ETHEREAL_SCAPE,922,0.000231200,true,1,14,989
C,ETHEREAL_SCAPE,923,0.000204100,true,1,10,764
C,ETHEREAL_SCAPE,924,0.000211300,true,1,10,797
C,ETHEREAL_SCAPE,925,0.000237800,true,1,13,971
C,ETHEREAL_SCAPE,926,0.000230400,true,1,10,801
C,ETHEREAL_SCAPE,927,0.000214500,true,1,10,785
C,ETHEREAL_SCAPE,928,0.000332100,true,2,27,879
C,ETHEREAL_SCAPE,929,0.000221600,true,1,10,797
C,ETHEREAL_SCAPE,930,0.000212200,true,1,9,799
C,ETHEREAL_SCAPE,931,0.000302400,true,2,23,987
C,ETHEREAL_SCAPE,932,0.000187200,true,1,9,782
C,ETHEREAL_SCAPE,933,0.000197800,true,1,9,755
C,ETHEREAL_SCAPE,934,0.000214900,true,1,10,822
C,ETHEREAL_SCAPE,935,0.000274700,true,1,13,930
C,ETHEREAL_SCAPE,936,0.000296700,true,2,15,834
C,ETHEREAL_SCAPE,937,0.000203200,true,1,10,828
C,ETHEREAL_SCAPE,938,0.000390600,true,1,12,900
C,ETHEREAL_SCAPE,939,0.000305700,true,2,25,858
C,ETHEREAL_SCAPE,940,0.000195200,true,1,9,762
C,ETHEREAL_SCAPE,941,0.000218300,true,1,9,805
C,ETHEREAL_SCAPE,942,0.000369600,true,2,31,906
C,ETHEREAL_SCAPE,943,0.000262000,true,1,14,933
C,ETHEREAL_SCAPE,944,0.000294200,true,2,18,840
C,ETHEREAL_SCAPE,945,0.000184800,true,1,10,778
C,ETHEREAL_SCAPE,946,0.000201400,true,1,10,829
C,ETHEREAL_SCAPE,947,0.000377300,true,3,37,889
C,ETHEREAL_SCAPE,948,0.000182700,true,1,9,755
C,ETHEREAL_SCAPE,949,0.000215200,true,1,9,755
C,ETHEREAL_SCAPE,950,0.000196600,true,1,10,814
C,ETHEREAL_SCAPE,951,0.000191600,true,1,10,827
C,ETHEREAL_SCAPE,952,0.000184800,true,1,9,776
C,ETHEREAL_SCAPE,953,0.000360200,true,2,42,1157
C,ETHEREAL_SCAPE,954,0.000300900,true,2,28,844
C,ETHEREAL_SCAPE,955,0.000284600,true,2,23,824
C,ETHEREAL_SCAPE,956,0.000178500,true,1,9,776
C,ETHEREAL_SCAPE,957,0.000314300,true,2,32,928
C,ETHEREAL_SCAPE,958,0.000263600,true,1,11,903
C,ETHEREAL_SCAPE,959,0.000207600,true,1,9,775
C,ETHEREAL_SCAPE,960,0.000221600,true,1,14,894
C,ETHEREAL_SCAPE,961,0.000208600,true,1,10,779
C,ETHEREAL_SCAPE,962,0.000213100,true,1,9,796
C,ETHEREAL_SCAPE,963,0.000364600,true,2,22,807
C,ETHEREAL_SCAPE,964,0.000268900,true,1,10,777
C,ETHEREAL_SCAPE,965,0.000242000,true,1,10,824
C,ETHEREAL_SCAPE,966,0.000256600,true,1,13,1067
C,ETHEREAL_SCAPE,967,0.000183500,true,1,9,758
C,ETHEREAL_SCAPE,968,0.000218600,true,1,10,808
C,ETHEREAL_SCAPE,969,0.000374200,true,2,29,1262
C,ETHEREAL_SCAPE,970,0.000297000,true,2,40,796
C,ETHEREAL_SCAPE,971,0.000186700,true,1,9,826
C,ETHEREAL_SCAPE,972,0.000207400,true,1,12,882
C,ETHEREAL_SCAPE,973,0.000221500,true,1,11,876
C,ETHEREAL_SCAPE,974,0.000204800,true,1,10,763
C,ETHEREAL_SCAPE,975,0.000221700,true,1,10,829
C,ETHEREAL_SCAPE,976,0.000216500,true,1,9,812
C,ETHEREAL_SCAPE,977,0.000206600,true,1,9,751
C,ETHEREAL_SCAPE,978,0.000196400,true,1,9,755
C,ETHEREAL_SCAPE,979,0.000457700,true,1,18,1394
C,ETHEREAL_SCAPE,980,0.000431900,true,1,10,777
C,ETHEREAL_SCAPE,981,0.000362300,true,1,13,855
C,ETHEREAL_SCAPE,982,0.000387000,true,1,9,826
C,ETHEREAL_SCAPE,983,0.000361100,true,1,11,740
C,ETHEREAL_SCAPE,984,0.000231500,true,1,9,776
C,ETHEREAL_SCAPE,985,0.000345200,true,2,27,897
C,ETHEREAL_SCAPE,986,0.000223100,true,1,9,812
C,ETHEREAL_SCAPE,987,0.000180300,true,1,9,793
C,ETHEREAL_SCAPE,988,0.000247500,true,1,11,840
C,ETHEREAL_SCAPE,989,0.000189300,true,1,11,808
C,ETHEREAL_SCAPE,990,0.000277100,true,1,9,751
C,ETHEREAL_SCAPE,991,0.000209500,true,1,9,763
C,ETHEREAL_SCAPE,992,0.000204900,true,1,10,829
C,ETHEREAL_SCAPE,993,0.000188300,true,1,9,789
C,ETHEREAL_SCAPE,994,0.000186600,true,1,9,769
C,ETHEREAL_SCAPE,995,0.000197600,true,1,9,831
C,ETHEREAL_SCAPE,996,0.000180700,true,1,10,735
C,ETHEREAL_SCAPE,997,0.000176500,true,1,9,764
C,ETHEREAL_SCAPE,998,0.000189000,true,1,14,831
C,ETHEREAL_SCAPE,999,0.000180200,true,1,9,826
C,ETHEREAL_SCAPE,1000,0.000204100,true,1,9,906
D,VERDANT_VALLEY,1,0.000102400,true,1,12,61
D,VERDANT_VALLEY,2,0.000089400,true,1,12,65
D,VERDANT_VALLEY,3,0.000089600,true,1,13,67
D,VERDANT_VALLEY,4,0.000123600,true,1,19,156
D,VERDANT_VALLEY,5,0.000201900,true,2,30,213
D,VERDANT_VALLEY,6,0.000119300,true,1,17,103
D,VERDANT_VALLEY,7,0.000128200,true,1,19,146
D,VERDANT_VALLEY,8,0.000111800,true,1,17,112
D,VERDANT_VALLEY,9,0.000228800,true,2,35,274
D,VERDANT_VALLEY,10,0.000115300,true,1,17,112
D,VERDANT_VALLEY,11,0.000128200,true,1,19,190
D,VERDANT_VALLEY,12,0.000090800,true,1,11,56
D,VERDANT_VALLEY,13,0.000115700,true,1,17,141
D,VERDANT_VALLEY,14,0.000083400,true,1,10,49
D,VERDANT_VALLEY,15,0.000244900,true,2,41,305
D,VERDANT_VALLEY,16,0.000085800,true,1,12,64
D,VERDANT_VALLEY,17,0.000104600,true,1,16,91
D,VERDANT_VALLEY,18,0.000091000,true,1,13,83
D,VERDANT_VALLEY,19,0.000104200,true,1,16,105
D,VERDANT_VALLEY,20,0.000171900,true,2,27,149
D,VERDANT_VALLEY,21,0.000116500,true,1,23,154
D,VERDANT_VALLEY,22,0.000088900,true,1,10,49
D,VERDANT_VALLEY,23,0.000162100,true,1,15,78
D,VERDANT_VALLEY,24,0.000119900,true,1,18,117
D,VERDANT_VALLEY,25,0.000122300,true,1,21,162
D,VERDANT_VALLEY,26,0.000109500,true,1,17,141
D,VERDANT_VALLEY,27,0.000080200,true,1,11,48
D,VERDANT_VALLEY,28,0.000114400,true,1,21,172
D,VERDANT_VALLEY,29,0.000098700,true,1,17,122
D,VERDANT_VALLEY,30,0.000093400,true,1,16,97
D,VERDANT_VALLEY,31,0.000088400,true,1,13,85
D,VERDANT_VALLEY,32,0.000349800,true,3,66,464
D,VERDANT_VALLEY,33,0.000086400,true,1,10,52
D,VERDANT_VALLEY,34,0.000157600,true,2,24,110
D,VERDANT_VALLEY,35,0.000083200,true,1,13,63
D,VERDANT_VALLEY,36,0.000096400,true,1,16,115
D,VERDANT_VALLEY,37,0.000094800,true,1,15,87
D,VERDANT_VALLEY,38,0.000100300,true,1,17,128
D,VERDANT_VALLEY,39,0.000086400,true,1,12,65
D,VERDANT_VALLEY,40,0.000086300,true,1,12,55
D,VERDANT_VALLEY,41,0.000104700,true,1,16,111
D,VERDANT_VALLEY,42,0.000103500,true,1,17,128
D,VERDANT_VALLEY,43,0.000117200,true,1,19,178
D,VERDANT_VALLEY,44,0.000086000,true,1,12,53
D,VERDANT_VALLEY,45,0.000089500,true,1,13,70
D,VERDANT_VALLEY,46,0.000129000,true,1,22,207
D,VERDANT_VALLEY,47,0.000085800,true,1,12,59
D,VERDANT_VALLEY,48,0.000079600,true,1,10,55
D,VERDANT_VALLEY,49,0.000122200,true,1,20,171
D,VERDANT_VALLEY,50,0.000205600,true,2,35,269
D,VERDANT_VALLEY,51,0.000093800,true,1,16,79
D,VERDANT_VALLEY,52,0.000085700,true,1,12,60
D,VERDANT_VALLEY,53,0.000121000,true,1,22,158
D,VERDANT_VALLEY,54,0.000088000,true,1,11,58
D,VERDANT_VALLEY,55,0.000100800,true,1,17,101
D,VERDANT_VALLEY,56,0.000081700,true,1,12,57
D,VERDANT_VALLEY,57,0.000084800,true,1,11,52
D,VERDANT_VALLEY,58,0.000109500,true,1,20,155
D,VERDANT_VALLEY,59,0.000087500,true,1,14,75
D,VERDANT_VALLEY,60,0.000112800,true,1,18,141
D,VERDANT_VALLEY,61,0.000092400,true,1,15,84
D,VERDANT_VALLEY,62,0.000312200,true,3,58,423
D,VERDANT_VALLEY,63,0.000093700,true,1,13,85
D,VERDANT_VALLEY,64,0.000096000,true,1,14,83
D,VERDANT_VALLEY,65,0.000091200,true,1,16,71
D,VERDANT_VALLEY,66,0.000221500,true,2,37,320
D,VERDANT_VALLEY,67,0.000103600,true,1,16,108
D,VERDANT_VALLEY,68,0.000104200,true,1,16,103
D,VERDANT_VALLEY,69,0.000091400,true,1,14,68
D,VERDANT_VALLEY,70,0.000200400,true,2,35,228
D,VERDANT_VALLEY,71,0.000110200,true,1,16,115
D,VERDANT_VALLEY,72,0.000075700,true,1,10,48
D,VERDANT_VALLEY,73,0.000125300,true,1,24,161
D,VERDANT_VALLEY,74,0.000088900,true,1,12,56
D,VERDANT_VALLEY,75,0.000100100,true,1,14,105
D,VERDANT_VALLEY,76,0.000119400,true,1,22,169
D,VERDANT_VALLEY,77,0.000087000,true,1,13,66
D,VERDANT_VALLEY,78,0.000085800,true,1,12,64
D,VERDANT_VALLEY,79,0.000107400,true,1,19,127
D,VERDANT_VALLEY,80,0.000083700,true,1,13,71
D,VERDANT_VALLEY,81,0.000086700,true,1,13,70
D,VERDANT_VALLEY,82,0.000167500,true,2,30,122
D,VERDANT_VALLEY,83,0.000086500,true,1,14,79
D,VERDANT_VALLEY,84,0.000086700,true,1,13,70
D,VERDANT_VALLEY,85,0.000200400,true,2,35,224
D,VERDANT_VALLEY,86,0.000096600,true,1,14,105
D,VERDANT_VALLEY,87,0.000104300,true,1,18,131
D,VERDANT_VALLEY,88,0.000112600,true,1,21,143
D,VERDANT_VALLEY,89,0.000079000,true,1,10,55
D,VERDANT_VALLEY,90,0.000093700,true,1,14,105
D,VERDANT_VALLEY,91,0.000093800,true,1,16,76
D,VERDANT_VALLEY,92,0.000128000,true,1,24,211
D,VERDANT_VALLEY,93,0.000095900,true,1,15,120
D,VERDANT_VALLEY,94,0.000097900,true,1,16,124
D,VERDANT_VALLEY,95,0.000209700,true,2,36,266
D,VERDANT_VALLEY,96,0.000090300,true,1,15,75
D,VERDANT_VALLEY,97,0.000206400,true,2,36,237
D,VERDANT_VALLEY,98,0.000081100,true,1,11,62
D,VERDANT_VALLEY,99,0.000167600,true,2,29,150
D,VERDANT_VALLEY,100,0.000097100,true,1,16,84
D,VERDANT_VALLEY,101,0.000088300,true,1,15,72
D,VERDANT_VALLEY,102,0.000085800,true,1,13,64
D,VERDANT_VALLEY,103,0.000210900,true,2,39,271
D,VERDANT_VALLEY,104,0.000105800,true,1,16,116
D,VERDANT_VALLEY,105,0.000247500,true,2,50,366
D,VERDANT_VALLEY,106,0.000111700,true,1,18,108
D,VERDANT_VALLEY,107,0.000083200,true,1,12,61
D,VERDANT_VALLEY,108,0.000092600,true,1,15,69
D,VERDANT_VALLEY,109,0.000333800,true,2,40,234
D,VERDANT_VALLEY,110,0.000103200,true,1,15,96
D,VERDANT_VALLEY,111,0.000082700,true,1,12,53
D,VERDANT_VALLEY,112,0.000108200,true,1,14,97
D,VERDANT_VALLEY,113,0.000247900,true,2,40,252
D,VERDANT_VALLEY,114,0.000097000,true,1,12,52
D,VERDANT_VALLEY,115,0.000103900,true,1,15,97
D,VERDANT_VALLEY,116,0.000126700,true,1,19,178
D,VERDANT_VALLEY,117,0.000106900,true,1,16,115
D,VERDANT_VALLEY,118,0.000104700,true,1,15,120
D,VERDANT_VALLEY,119,0.000096200,true,1,14,71
D,VERDANT_VALLEY,120,0.000089500,true,1,12,61
D,VERDANT_VALLEY,121,0.000089400,true,1,12,64
D,VERDANT_VALLEY,122,0.000169400,true,2,22,99
D,VERDANT_VALLEY,123,0.000111300,true,1,18,103
D,VERDANT_VALLEY,124,0.000130800,true,1,21,196
D,VERDANT_VALLEY,125,0.000243700,true,2,38,250
D,VERDANT_VALLEY,126,0.000105000,true,1,21,102
D,VERDANT_VALLEY,127,0.000091600,true,1,14,85
D,VERDANT_VALLEY,128,0.000263100,true,3,40,227
D,VERDANT_VALLEY,129,0.000081500,true,1,11,53
D,VERDANT_VALLEY,130,0.000084500,true,1,11,58
D,VERDANT_VALLEY,131,0.000125700,true,1,20,172
D,VERDANT_VALLEY,132,0.000081700,true,1,10,48
D,VERDANT_VALLEY,133,0.000095800,true,1,15,76
D,VERDANT_VALLEY,134,0.000081100,true,1,13,61
D,VERDANT_VALLEY,135,0.000190000,true,2,33,213
D,VERDANT_VALLEY,136,0.000100900,true,1,14,86
D,VERDANT_VALLEY,137,0.000088000,true,1,14,82
D,VERDANT_VALLEY,138,0.000081100,true,1,12,64
D,VERDANT_VALLEY,139,0.000103200,true,1,17,153
D,VERDANT_VALLEY,140,0.000117800,true,1,19,190
D,VERDANT_VALLEY,141,0.000204500,true,2,31,153
D,VERDANT_VALLEY,142,0.000100600,true,1,14,90
D,VERDANT_VALLEY,143,0.000094400,true,1,16,81
D,VERDANT_VALLEY,144,0.000092600,true,1,15,98
D,VERDANT_VALLEY,145,0.000171100,true,2,27,148
D,VERDANT_VALLEY,146,0.000081700,true,1,12,51
D,VERDANT_VALLEY,147,0.000086400,true,1,13,62
D,VERDANT_VALLEY,148,0.000088100,true,1,11,57
D,VERDANT_VALLEY,149,0.000094900,true,1,12,58
D,VERDANT_VALLEY,150,0.000114500,true,1,16,109
D,VERDANT_VALLEY,151,0.000085100,true,1,12,66
D,VERDANT_VALLEY,152,0.000082500,true,1,11,56
D,VERDANT_VALLEY,153,0.000109900,true,1,16,101
D,VERDANT_VALLEY,154,0.000098500,true,1,13,67
D,VERDANT_VALLEY,155,0.000120900,true,1,16,107
D,VERDANT_VALLEY,156,0.000199800,true,1,18,99
D,VERDANT_VALLEY,157,0.000212500,true,1,14,95
D,VERDANT_VALLEY,158,0.000435200,true,2,35,212
D,VERDANT_VALLEY,159,0.000148400,true,1,13,65
D,VERDANT_VALLEY,160,0.000159600,true,1,14,73
D,VERDANT_VALLEY,161,0.000153500,true,1,11,62
D,VERDANT_VALLEY,162,0.000194700,true,1,15,104
D,VERDANT_VALLEY,163,0.000449600,true,2,40,308
D,VERDANT_VALLEY,164,0.000189100,true,1,21,125
D,VERDANT_VALLEY,165,0.000091400,true,1,11,61
D,VERDANT_VALLEY,166,0.000114100,true,1,15,90
D,VERDANT_VALLEY,167,0.000108600,true,1,15,81
D,VERDANT_VALLEY,168,0.000096100,true,1,11,57
D,VERDANT_VALLEY,169,0.000134900,true,1,26,215
D,VERDANT_VALLEY,170,0.000189100,true,2,33,205
D,VERDANT_VALLEY,171,0.000196200,true,2,38,264
D,VERDANT_VALLEY,172,0.000091200,true,1,15,91
D,VERDANT_VALLEY,173,0.000091400,true,1,15,90
D,VERDANT_VALLEY,174,0.000091300,true,1,15,97
D,VERDANT_VALLEY,175,0.000082800,true,1,12,78
D,VERDANT_VALLEY,176,0.000076600,true,1,10,52
D,VERDANT_VALLEY,177,0.000094800,true,1,18,97
D,VERDANT_VALLEY,178,0.000082600,true,1,12,78
D,VERDANT_VALLEY,179,0.000098200,true,1,17,100
D,VERDANT_VALLEY,180,0.000206600,true,2,37,239
D,VERDANT_VALLEY,181,0.000100100,true,1,16,112
D,VERDANT_VALLEY,182,0.000108000,true,1,19,154
D,VERDANT_VALLEY,183,0.000179100,true,2,29,206
D,VERDANT_VALLEY,184,0.000093100,true,1,15,91
D,VERDANT_VALLEY,185,0.000081100,true,1,11,58
D,VERDANT_VALLEY,186,0.000187500,true,2,35,243
D,VERDANT_VALLEY,187,0.000098000,true,1,18,102
D,VERDANT_VALLEY,188,0.000083600,true,1,14,71
D,VERDANT_VALLEY,189,0.000081500,true,1,12,66
D,VERDANT_VALLEY,190,0.000109500,true,1,22,156
D,VERDANT_VALLEY,191,0.000095300,true,1,14,88
D,VERDANT_VALLEY,192,0.000097200,true,1,18,103
D,VERDANT_VALLEY,193,0.000163400,true,2,25,156
D,VERDANT_VALLEY,194,0.000079500,true,1,11,58
D,VERDANT_VALLEY,195,0.000100700,true,1,17,139
D,VERDANT_VALLEY,196,0.000085600,true,1,14,69
D,VERDANT_VALLEY,197,0.000094200,true,1,15,108
D,VERDANT_VALLEY,198,0.000082800,true,1,12,67
D,VERDANT_VALLEY,199,0.000222800,true,2,52,253
D,VERDANT_VALLEY,200,0.000111100,true,1,18,171
D,VERDANT_VALLEY,201,0.000091800,true,1,15,95
D,VERDANT_VALLEY,202,0.000118200,true,1,23,205
D,VERDANT_VALLEY,203,0.000099400,true,1,15,120
D,VERDANT_VALLEY,204,0.000102100,true,1,20,95
D,VERDANT_VALLEY,205,0.000100700,true,1,16,96
D,VERDANT_VALLEY,206,0.000097400,true,1,15,101
D,VERDANT_VALLEY,207,0.000099300,true,1,20,105
D,VERDANT_VALLEY,208,0.000190700,true,2,37,217
D,VERDANT_VALLEY,209,0.000079800,true,1,12,54
D,VERDANT_VALLEY,210,0.000080300,true,1,13,69
D,VERDANT_VALLEY,211,0.000104600,true,1,20,134
D,VERDANT_VALLEY,212,0.000092900,true,1,15,89
D,VERDANT_VALLEY,213,0.000086500,true,1,14,74
D,VERDANT_VALLEY,214,0.000091200,true,1,15,96
D,VERDANT_VALLEY,215,0.000091400,true,1,17,100
D,VERDANT_VALLEY,216,0.000099300,true,1,19,125
D,VERDANT_VALLEY,217,0.000086200,true,1,15,68
D,VERDANT_VALLEY,218,0.000083400,true,1,14,74
D,VERDANT_VALLEY,219,0.000085500,true,1,14,69
D,VERDANT_VALLEY,220,0.000099300,true,1,17,129
D,VERDANT_VALLEY,221,0.000081500,true,1,12,64
D,VERDANT_VALLEY,222,0.000087100,true,1,13,60
D,VERDANT_VALLEY,223,0.000210800,true,2,42,254
D,VERDANT_VALLEY,224,0.000174900,true,2,29,207
D,VERDANT_VALLEY,225,0.000104400,true,1,18,154
D,VERDANT_VALLEY,226,0.000211200,true,2,40,305
D,VERDANT_VALLEY,227,0.000101200,true,1,18,132
D,VERDANT_VALLEY,228,0.000216900,true,2,43,314
D,VERDANT_VALLEY,229,0.000112900,true,1,21,172
D,VERDANT_VALLEY,230,0.000094300,true,1,15,112
D,VERDANT_VALLEY,231,0.000145100,true,1,14,84
D,VERDANT_VALLEY,232,0.000163900,true,1,14,76
D,VERDANT_VALLEY,233,0.000137900,true,1,14,61
D,VERDANT_VALLEY,234,0.000149400,true,1,18,99
D,VERDANT_VALLEY,235,0.000131200,true,1,12,65
D,VERDANT_VALLEY,236,0.000312700,true,2,37,230
D,VERDANT_VALLEY,237,0.000127800,true,1,11,59
D,VERDANT_VALLEY,238,0.000187700,true,1,19,178
D,VERDANT_VALLEY,239,0.000155400,true,1,16,93
D,VERDANT_VALLEY,240,0.000144300,true,1,15,78
D,VERDANT_VALLEY,241,0.000133500,true,1,13,66
D,VERDANT_VALLEY,242,0.000165300,true,1,18,110
D,VERDANT_VALLEY,243,0.000188600,true,1,21,196
D,VERDANT_VALLEY,244,0.000152900,true,1,15,99
D,VERDANT_VALLEY,245,0.000145200,true,1,16,77
D,VERDANT_VALLEY,246,0.000159900,true,1,17,125
D,VERDANT_VALLEY,247,0.000236100,true,2,21,96
D,VERDANT_VALLEY,248,0.000129400,true,1,13,65
D,VERDANT_VALLEY,249,0.000155400,true,1,17,90
D,VERDANT_VALLEY,250,0.000313700,true,2,36,249
D,VERDANT_VALLEY,251,0.000175400,true,1,19,157
D,VERDANT_VALLEY,252,0.000163900,true,1,18,121
D,VERDANT_VALLEY,253,0.000119400,true,1,10,51
D,VERDANT_VALLEY,254,0.000126500,true,1,12,68
D,VERDANT_VALLEY,255,0.000126000,true,1,11,56
D,VERDANT_VALLEY,256,0.000193700,true,1,21,212
D,VERDANT_VALLEY,257,0.000173600,true,1,20,143
D,VERDANT_VALLEY,258,0.000142700,true,1,14,85
D,VERDANT_VALLEY,259,0.000169000,true,1,19,159
D,VERDANT_VALLEY,260,0.000174500,true,1,20,125
D,VERDANT_VALLEY,261,0.000118800,true,1,10,49
D,VERDANT_VALLEY,262,0.000131500,true,1,14,79
D,VERDANT_VALLEY,263,0.000144500,true,1,18,121
D,VERDANT_VALLEY,264,0.000149800,true,1,14,80
D,VERDANT_VALLEY,265,0.000142600,true,1,12,67
D,VERDANT_VALLEY,266,0.000135000,true,1,13,60
D,VERDANT_VALLEY,267,0.000195300,true,1,21,152
D,VERDANT_VALLEY,268,0.000373800,true,2,40,268
D,VERDANT_VALLEY,269,0.000173100,true,1,23,220
D,VERDANT_VALLEY,270,0.000122500,true,1,13,71
D,VERDANT_VALLEY,271,0.000084200,true,1,12,63
D,VERDANT_VALLEY,272,0.000103600,true,1,17,101
D,VERDANT_VALLEY,273,0.000239700,true,2,43,263
D,VERDANT_VALLEY,274,0.000102100,true,1,17,122
D,VERDANT_VALLEY,275,0.000096900,true,1,15,82
D,VERDANT_VALLEY,276,0.000124000,true,1,22,183
D,VERDANT_VALLEY,277,0.000101500,true,1,13,91
D,VERDANT_VALLEY,278,0.000107800,true,1,15,98
D,VERDANT_VALLEY,279,0.000099400,true,1,14,105
D,VERDANT_VALLEY,280,0.000127900,true,1,19,140
D,VERDANT_VALLEY,281,0.000101300,true,1,14,94
D,VERDANT_VALLEY,282,0.000088900,true,1,12,61
D,VERDANT_VALLEY,283,0.000103200,true,1,19,121
D,VERDANT_VALLEY,284,0.000083400,true,1,13,69
D,VERDANT_VALLEY,285,0.000074900,true,1,9,45
D,VERDANT_VALLEY,286,0.000080900,true,1,11,47
D,VERDANT_VALLEY,287,0.000099400,true,1,18,105
D,VERDANT_VALLEY,288,0.000111300,true,1,19,154
D,VERDANT_VALLEY,289,0.000085200,true,1,14,76
D,VERDANT_VALLEY,290,0.000097500,true,1,14,68
D,VERDANT_VALLEY,291,0.000097900,true,1,14,84
D,VERDANT_VALLEY,292,0.000124200,true,1,26,207
D,VERDANT_VALLEY,293,0.000083000,true,1,13,52
D,VERDANT_VALLEY,294,0.000096000,true,1,13,91
D,VERDANT_VALLEY,295,0.000084000,true,1,14,64
D,VERDANT_VALLEY,296,0.000095400,true,1,15,108
D,VERDANT_VALLEY,297,0.000109800,true,1,16,125
D,VERDANT_VALLEY,298,0.000121000,true,1,21,155
D,VERDANT_VALLEY,299,0.000199000,true,2,32,225
D,VERDANT_VALLEY,300,0.000102500,true,1,18,111
D,VERDANT_VALLEY,301,0.000077300,true,1,10,46
D,VERDANT_VALLEY,302,0.000080900,true,1,12,64
D,VERDANT_VALLEY,303,0.000079200,true,1,11,51
D,VERDANT_VALLEY,304,0.000088900,true,1,14,82
D,VERDANT_VALLEY,305,0.000083700,true,1,13,69
D,VERDANT_VALLEY,306,0.000073200,true,1,10,48
D,VERDANT_VALLEY,307,0.000120100,true,1,24,199
D,VERDANT_VALLEY,308,0.000085500,true,1,12,78
D,VERDANT_VALLEY,309,0.000076000,true,1,10,55
D,VERDANT_VALLEY,310,0.000207400,true,2,36,239
D,VERDANT_VALLEY,311,0.000181400,true,1,12,61
D,VERDANT_VALLEY,312,0.000108100,true,1,17,139
D,VERDANT_VALLEY,313,0.000094300,true,1,12,63
D,VERDANT_VALLEY,314,0.000225000,true,2,34,190
D,VERDANT_VALLEY,315,0.000197200,true,2,29,149
D,VERDANT_VALLEY,316,0.000095200,true,1,13,64
D,VERDANT_VALLEY,317,0.000122000,true,1,20,137
D,VERDANT_VALLEY,318,0.000093000,true,1,13,65
D,VERDANT_VALLEY,319,0.000103000,true,1,14,105
D,VERDANT_VALLEY,320,0.000232900,true,2,37,281
D,VERDANT_VALLEY,321,0.000118100,true,1,19,122
D,VERDANT_VALLEY,322,0.000093600,true,1,12,62
D,VERDANT_VALLEY,323,0.000085400,true,1,11,54
D,VERDANT_VALLEY,324,0.000086300,true,1,12,51
D,VERDANT_VALLEY,325,0.000109600,true,1,15,90
D,VERDANT_VALLEY,326,0.000115700,true,1,17,113
D,VERDANT_VALLEY,327,0.000119700,true,1,19,112
D,VERDANT_VALLEY,328,0.000458700,true,4,87,605
D,VERDANT_VALLEY,329,0.000079600,true,1,11,59
D,VERDANT_VALLEY,330,0.000121700,true,1,20,168
D,VERDANT_VALLEY,331,0.000110700,true,1,19,114
D,VERDANT_VALLEY,332,0.000122300,true,1,21,160
D,VERDANT_VALLEY,333,0.000112300,true,1,17,125
D,VERDANT_VALLEY,334,0.000118500,true,1,21,159
D,VERDANT_VALLEY,335,0.000099700,true,1,16,72
D,VERDANT_VALLEY,336,0.000235100,true,2,43,247
D,VERDANT_VALLEY,337,0.000308200,true,3,55,414
D,VERDANT_VALLEY,338,0.000107300,true,1,17,99
D,VERDANT_VALLEY,339,0.000223500,true,2,39,237
D,VERDANT_VALLEY,340,0.000092700,true,1,11,52
D,VERDANT_VALLEY,341,0.000079200,true,1,12,65
D,VERDANT_VALLEY,342,0.000228300,true,2,45,277
D,VERDANT_VALLEY,343,0.000088800,true,1,14,85
D,VERDANT_VALLEY,344,0.000116300,true,1,19,149
D,VERDANT_VALLEY,345,0.000131900,true,1,16,115
D,VERDANT_VALLEY,346,0.000092000,true,1,11,59
D,VERDANT_VALLEY,347,0.000092700,true,1,11,60
D,VERDANT_VALLEY,348,0.000110600,true,1,22,107
D,VERDANT_VALLEY,349,0.000079900,true,1,10,52
D,VERDANT_VALLEY,350,0.000086300,true,1,10,55
D,VERDANT_VALLEY,351,0.000274200,true,2,41,300
D,VERDANT_VALLEY,352,0.000207700,true,1,15,120
D,VERDANT_VALLEY,353,0.000188300,true,1,15,91
D,VERDANT_VALLEY,354,0.000176200,true,1,12,55
D,VERDANT_VALLEY,355,0.000176200,true,1,14,88
D,VERDANT_VALLEY,356,0.000198500,true,1,19,143
D,VERDANT_VALLEY,357,0.000216500,true,1,17,140
D,VERDANT_VALLEY,358,0.000174900,true,1,14,87
D,VERDANT_VALLEY,359,0.000168800,true,1,16,64
D,VERDANT_VALLEY,360,0.000194400,true,1,18,126
D,VERDANT_VALLEY,361,0.000180800,true,1,16,111
D,VERDANT_VALLEY,362,0.000117500,true,1,17,108
D,VERDANT_VALLEY,363,0.000102900,true,1,12,61
D,VERDANT_VALLEY,364,0.000254600,true,2,40,246
D,VERDANT_VALLEY,365,0.000085500,true,1,14,62
D,VERDANT_VALLEY,366,0.000098400,true,1,16,82
D,VERDANT_VALLEY,367,0.000109300,true,1,20,162
D,VERDANT_VALLEY,368,0.000210900,true,2,42,203
D,VERDANT_VALLEY,369,0.000292000,true,3,56,383
D,VERDANT_VALLEY,370,0.000190300,true,2,37,248
D,VERDANT_VALLEY,371,0.000086100,true,1,15,70
D,VERDANT_VALLEY,372,0.000075400,true,1,10,48
D,VERDANT_VALLEY,373,0.000082100,true,1,13,71
D,VERDANT_VALLEY,374,0.000103900,true,1,20,132
D,VERDANT_VALLEY,375,0.000095800,true,1,16,105
D,VERDANT_VALLEY,376,0.000198100,true,2,37,232
D,VERDANT_VALLEY,377,0.000090600,true,1,15,84
D,VERDANT_VALLEY,378,0.000081300,true,1,12,64
D,VERDANT_VALLEY,379,0.000082100,true,1,11,58
D,VERDANT_VALLEY,380,0.000108200,true,1,20,132
D,VERDANT_VALLEY,381,0.000102800,true,1,19,139
D,VERDANT_VALLEY,382,0.000075400,true,1,10,55
D,VERDANT_VALLEY,383,0.000082800,true,1,13,62
D,VERDANT_VALLEY,384,0.000086100,true,1,13,80
D,VERDANT_VALLEY,385,0.000106300,true,1,22,127
D,VERDANT_VALLEY,386,0.000089300,true,1,15,80
D,VERDANT_VALLEY,387,0.000074600,true,1,10,55
D,VERDANT_VALLEY,388,0.000086300,true,1,14,68
D,VERDANT_VALLEY,389,0.000223400,true,2,44,326
D,VERDANT_VALLEY,390,0.000094900,true,1,15,110
D,VERDANT_VALLEY,391,0.000088800,true,1,15,78
D,VERDANT_VALLEY,392,0.000088900,true,1,15,94
D,VERDANT_VALLEY,393,0.000095400,true,1,15,120
D,VERDANT_VALLEY,394,0.000163700,true,2,27,133
D,VERDANT_VALLEY,395,0.000095900,true,1,17,119
D,VERDANT_VALLEY,396,0.000082900,true,1,12,63
D,VERDANT_VALLEY,397,0.000080300,true,1,12,58
D,VERDANT_VALLEY,398,0.000113500,true,1,23,137
D,VERDANT_VALLEY,399,0.000089400,true,1,13,81
D,VERDANT_VALLEY,400,0.000108600,true,1,20,160
D,VERDANT_VALLEY,401,0.000219500,true,2,35,273
D,VERDANT_VALLEY,402,0.000193300,true,2,34,237
D,VERDANT_VALLEY,403,0.000105800,true,1,19,114
D,VERDANT_VALLEY,404,0.000080700,true,1,12,63
D,VERDANT_VALLEY,405,0.000192000,true,2,36,177
D,VERDANT_VALLEY,406,0.000104100,true,1,20,128
D,VERDANT_VALLEY,407,0.000100400,true,1,18,108
D,VERDANT_VALLEY,408,0.000097800,true,1,13,91
D,VERDANT_VALLEY,409,0.000218400,true,2,43,316
D,VERDANT_VALLEY,410,0.000093200,true,1,14,96
D,VERDANT_VALLEY,411,0.000469900,true,4,97,712
D,VERDANT_VALLEY,412,0.000089500,true,1,15,66
D,VERDANT_VALLEY,413,0.000103400,true,1,21,130
D,VERDANT_VALLEY,414,0.000086800,true,1,13,85
D,VERDANT_VALLEY,415,0.000096900,true,1,17,115
D,VERDANT_VALLEY,416,0.000298500,true,3,51,365
D,VERDANT_VALLEY,417,0.000108300,true,1,17,153
D,VERDANT_VALLEY,418,0.000081200,true,1,12,59
D,VERDANT_VALLEY,419,0.000100800,true,1,16,106
D,VERDANT_VALLEY,420,0.000160200,true,2,25,113
D,VERDANT_VALLEY,421,0.000184100,true,2,33,190
D,VERDANT_VALLEY,422,0.000084200,true,1,13,66
D,VERDANT_VALLEY,423,0.000096600,true,1,17,109
D,VERDANT_VALLEY,424,0.000092500,true,1,15,99
D,VERDANT_VALLEY,425,0.000087700,true,1,15,76
D,VERDANT_VALLEY,426,0.000103200,true,1,18,117
D,VERDANT_VALLEY,427,0.000106200,true,1,19,153
D,VERDANT_VALLEY,428,0.000094200,true,1,16,115
D,VERDANT_VALLEY,429,0.000098500,true,1,17,103
D,VERDANT_VALLEY,430,0.000112200,true,1,21,175
D,VERDANT_VALLEY,431,0.000093600,true,1,15,112
D,VERDANT_VALLEY,432,0.000085300,true,1,14,66
D,VERDANT_VALLEY,433,0.000115300,true,1,21,151
D,VERDANT_VALLEY,434,0.000112300,true,1,21,147
D,VERDANT_VALLEY,435,0.000081000,true,1,12,58
D,VERDANT_VALLEY,436,0.000155400,true,2,24,117
D,VERDANT_VALLEY,437,0.000086900,true,1,14,88
D,VERDANT_VALLEY,438,0.000079200,true,1,12,49
D,VERDANT_VALLEY,439,0.000092700,true,1,16,87
D,VERDANT_VALLEY,440,0.000085200,true,1,14,79
D,VERDANT_VALLEY,441,0.000092100,true,1,15,87
D,VERDANT_VALLEY,442,0.000188400,true,2,34,235
D,VERDANT_VALLEY,443,0.000186700,true,2,32,233
D,VERDANT_VALLEY,444,0.000098500,true,1,17,110
D,VERDANT_VALLEY,445,0.000097400,true,1,17,117
D,VERDANT_VALLEY,446,0.000082300,true,1,13,71
D,VERDANT_VALLEY,447,0.000123300,true,1,25,206
D,VERDANT_VALLEY,448,0.000097800,true,1,14,78
D,VERDANT_VALLEY,449,0.000194600,true,1,12,66
D,VERDANT_VALLEY,450,0.000133700,true,1,13,67
D,VERDANT_VALLEY,451,0.000204300,true,1,18,136
D,VERDANT_VALLEY,452,0.000108300,true,1,13,80
D,VERDANT_VALLEY,453,0.000201300,true,1,22,132
D,VERDANT_VALLEY,454,0.000196900,true,1,11,61
D,VERDANT_VALLEY,455,0.000147800,true,1,10,55
D,VERDANT_VALLEY,456,0.000107700,true,1,15,76
D,VERDANT_VALLEY,457,0.000087700,true,1,12,67
D,VERDANT_VALLEY,458,0.000086100,true,1,13,67
D,VERDANT_VALLEY,459,0.000089800,true,1,15,76
D,VERDANT_VALLEY,460,0.000081600,true,1,13,68
D,VERDANT_VALLEY,461,0.000081500,true,1,13,55
D,VERDANT_VALLEY,462,0.000101700,true,1,19,106
D,VERDANT_VALLEY,463,0.000090600,true,1,17,88
D,VERDANT_VALLEY,464,0.000094400,true,1,14,97
D,VERDANT_VALLEY,465,0.000222500,true,2,40,296
D,VERDANT_VALLEY,466,0.000099700,true,1,16,114
D,VERDANT_VALLEY,467,0.000107200,true,1,18,158
D,VERDANT_VALLEY,468,0.000108800,true,1,17,107
D,VERDANT_VALLEY,469,0.000120200,true,1,23,215
D,VERDANT_VALLEY,470,0.000089700,true,1,15,67
D,VERDANT_VALLEY,471,0.000213700,true,2,37,311
D,VERDANT_VALLEY,472,0.000105300,true,1,17,126
D,VERDANT_VALLEY,473,0.000079900,true,1,11,50
D,VERDANT_VALLEY,474,0.000088100,true,1,14,87
D,VERDANT_VALLEY,475,0.000095700,true,1,16,93
D,VERDANT_VALLEY,476,0.000082800,true,1,13,61
D,VERDANT_VALLEY,477,0.000111900,true,1,20,153
D,VERDANT_VALLEY,478,0.000103900,true,1,16,113
D,VERDANT_VALLEY,479,0.000094200,true,1,15,84
D,VERDANT_VALLEY,480,0.000096500,true,1,14,105
D,VERDANT_VALLEY,481,0.000081200,true,1,11,51
D,VERDANT_VALLEY,482,0.000096800,true,1,16,99
D,VERDANT_VALLEY,483,0.000225500,true,2,41,275
D,VERDANT_VALLEY,484,0.000093600,true,1,15,91
D,VERDANT_VALLEY,485,0.000107100,true,1,16,101
D,VERDANT_VALLEY,486,0.000088300,true,1,10,55
D,VERDANT_VALLEY,487,0.000103500,true,1,16,84
D,VERDANT_VALLEY,488,0.000098400,true,1,15,97
D,VERDANT_VALLEY,489,0.000091200,true,1,11,61
D,VERDANT_VALLEY,490,0.000095900,true,1,13,83
D,VERDANT_VALLEY,491,0.000227500,true,2,36,270
D,VERDANT_VALLEY,492,0.000092700,true,1,13,84
D,VERDANT_VALLEY,493,0.000103800,true,1,18,122
D,VERDANT_VALLEY,494,0.000105900,true,1,17,128
D,VERDANT_VALLEY,495,0.000220700,true,2,38,293
D,VERDANT_VALLEY,496,0.000094500,true,1,14,74
D,VERDANT_VALLEY,497,0.000094900,true,1,16,105
D,VERDANT_VALLEY,498,0.000100700,true,1,16,111
D,VERDANT_VALLEY,499,0.000091100,true,1,13,91
D,VERDANT_VALLEY,500,0.000102900,true,1,21,116
D,VERDANT_VALLEY,501,0.000087600,true,1,14,82
D,VERDANT_VALLEY,502,0.000077500,true,1,11,62
D,VERDANT_VALLEY,503,0.000080300,true,1,12,65
D,VERDANT_VALLEY,504,0.000115200,true,1,20,196
D,VERDANT_VALLEY,505,0.000119400,true,1,23,166
D,VERDANT_VALLEY,506,0.000119100,true,1,16,107
D,VERDANT_VALLEY,507,0.000223000,true,1,27,211
D,VERDANT_VALLEY,508,0.000105500,true,1,18,104
D,VERDANT_VALLEY,509,0.000105900,true,1,13,82
D,VERDANT_VALLEY,510,0.000174100,true,1,14,73
D,VERDANT_VALLEY,511,0.000148100,true,1,19,114
D,VERDANT_VALLEY,512,0.000106600,true,1,15,73
D,VERDANT_VALLEY,513,0.000135900,true,1,20,169
D,VERDANT_VALLEY,514,0.000091400,true,1,10,46
D,VERDANT_VALLEY,515,0.000116200,true,1,19,103
D,VERDANT_VALLEY,516,0.000106000,true,1,14,82
D,VERDANT_VALLEY,517,0.000153400,true,1,25,227
D,VERDANT_VALLEY,518,0.000090900,true,1,11,56
D,VERDANT_VALLEY,519,0.000089300,true,1,11,62
D,VERDANT_VALLEY,520,0.000125600,true,1,21,167
D,VERDANT_VALLEY,521,0.000087600,true,1,11,56
D,VERDANT_VALLEY,522,0.000119800,true,1,19,135
D,VERDANT_VALLEY,523,0.000094400,true,1,12,62
D,VERDANT_VALLEY,524,0.000097500,true,1,12,64
D,VERDANT_VALLEY,525,0.000116100,true,1,15,66
D,VERDANT_VALLEY,526,0.000270300,true,3,46,281
D,VERDANT_VALLEY,527,0.000072900,true,1,9,45
D,VERDANT_VALLEY,528,0.000089600,true,1,13,82
D,VERDANT_VALLEY,529,0.000093000,true,1,14,70
D,VERDANT_VALLEY,530,0.000086900,true,1,11,58
D,VERDANT_VALLEY,531,0.000088700,true,1,11,62
D,VERDANT_VALLEY,532,0.000118900,true,1,18,139
D,VERDANT_VALLEY,533,0.000093900,true,1,12,78
D,VERDANT_VALLEY,534,0.000100200,true,1,17,124
D,VERDANT_VALLEY,535,0.000251700,true,2,51,381
D,VERDANT_VALLEY,536,0.000151500,true,2,21,106
D,VERDANT_VALLEY,537,0.000098500,true,1,17,118
D,VERDANT_VALLEY,538,0.000208400,true,2,41,267
D,VERDANT_VALLEY,539,0.000120900,true,1,21,143
D,VERDANT_VALLEY,540,0.000100600,true,1,14,78
D,VERDANT_VALLEY,541,0.000098700,true,1,14,88
D,VERDANT_VALLEY,542,0.000226500,true,2,48,356
D,VERDANT_VALLEY,543,0.000104200,true,1,19,146
D,VERDANT_VALLEY,544,0.000121400,true,1,24,184
D,VERDANT_VALLEY,545,0.000166900,true,2,21,102
D,VERDANT_VALLEY,546,0.000103300,true,1,17,74
D,VERDANT_VALLEY,547,0.000092200,true,1,11,62
D,VERDANT_VALLEY,548,0.000181900,true,2,26,156
D,VERDANT_VALLEY,549,0.000093400,true,1,13,60
D,VERDANT_VALLEY,550,0.000101000,true,1,12,66
D,VERDANT_VALLEY,551,0.000098700,true,1,13,69
D,VERDANT_VALLEY,552,0.000168900,true,1,21,149
D,VERDANT_VALLEY,553,0.000206100,true,1,16,104
D,VERDANT_VALLEY,554,0.000201900,true,1,15,105
D,VERDANT_VALLEY,555,0.000180700,true,1,14,70
D,VERDANT_VALLEY,556,0.000152100,true,1,14,67
D,VERDANT_VALLEY,557,0.000339700,true,2,31,196
D,VERDANT_VALLEY,558,0.000154200,true,1,12,61
D,VERDANT_VALLEY,559,0.000158600,true,1,13,60
D,VERDANT_VALLEY,560,0.000181800,true,1,17,100
D,VERDANT_VALLEY,561,0.000149500,true,1,12,57
D,VERDANT_VALLEY,562,0.000273600,true,2,36,271
D,VERDANT_VALLEY,563,0.000109000,true,1,13,84
D,VERDANT_VALLEY,564,0.000127300,true,1,18,116
D,VERDANT_VALLEY,565,0.000096100,true,1,15,86
D,VERDANT_VALLEY,566,0.000094700,true,1,17,97
D,VERDANT_VALLEY,567,0.000083900,true,1,14,70
D,VERDANT_VALLEY,568,0.000085500,true,1,14,74
D,VERDANT_VALLEY,569,0.000095800,true,1,17,107
D,VERDANT_VALLEY,570,0.000177400,true,2,48,122
D,VERDANT_VALLEY,571,0.000082400,true,1,12,63
D,VERDANT_VALLEY,572,0.000081100,true,1,10,51
D,VERDANT_VALLEY,573,0.000090200,true,1,15,89
D,VERDANT_VALLEY,574,0.000085500,true,1,12,78
D,VERDANT_VALLEY,575,0.000087000,true,1,14,83
D,VERDANT_VALLEY,576,0.000096400,true,1,17,100
D,VERDANT_VALLEY,577,0.000079300,true,1,11,58
D,VERDANT_VALLEY,578,0.000100500,true,1,17,126
D,VERDANT_VALLEY,579,0.000079800,true,1,11,61
D,VERDANT_VALLEY,580,0.000118300,true,1,19,145
D,VERDANT_VALLEY,581,0.000107800,true,1,20,133
D,VERDANT_VALLEY,582,0.000226400,true,2,47,366
D,VERDANT_VALLEY,583,0.000177800,true,2,27,160
D,VERDANT_VALLEY,584,0.000081500,true,1,12,63
D,VERDANT_VALLEY,585,0.000119800,true,1,20,153
D,VERDANT_VALLEY,586,0.000089100,true,1,13,85
D,VERDANT_VALLEY,587,0.000089600,true,1,14,80
D,VERDANT_VALLEY,588,0.000092000,true,1,17,87
D,VERDANT_VALLEY,589,0.000109700,true,1,17,141
D,VERDANT_VALLEY,590,0.000084900,true,1,14,66
D,VERDANT_VALLEY,591,0.000099200,true,1,17,100
D,VERDANT_VALLEY,592,0.000082400,true,1,12,61
D,VERDANT_VALLEY,593,0.000092600,true,1,17,77
D,VERDANT_VALLEY,594,0.000094300,true,1,16,101
D,VERDANT_VALLEY,595,0.000097400,true,1,16,136
D,VERDANT_VALLEY,596,0.000093500,true,1,16,105
D,VERDANT_VALLEY,597,0.000093200,true,1,17,65
D,VERDANT_VALLEY,598,0.000102500,true,1,16,124
D,VERDANT_VALLEY,599,0.000215100,true,2,39,265
D,VERDANT_VALLEY,600,0.000080300,true,1,12,63
D,VERDANT_VALLEY,601,0.000099200,true,1,19,127
D,VERDANT_VALLEY,602,0.000106900,true,1,19,145
D,VERDANT_VALLEY,603,0.000221900,true,2,38,318
D,VERDANT_VALLEY,604,0.000180700,true,2,32,219
D,VERDANT_VALLEY,605,0.000080500,true,1,12,57
D,VERDANT_VALLEY,606,0.000115700,true,1,22,191
D,VERDANT_VALLEY,607,0.000079900,true,1,11,62
D,VERDANT_VALLEY,608,0.000103000,true,1,18,128
D,VERDANT_VALLEY,609,0.000094100,true,1,16,104
D,VERDANT_VALLEY,610,0.000089800,true,1,16,83
D,VERDANT_VALLEY,611,0.000101000,true,1,14,105
D,VERDANT_VALLEY,612,0.000091000,true,1,15,81
D,VERDANT_VALLEY,613,0.000092700,true,1,13,74
D,VERDANT_VALLEY,614,0.000095400,true,1,17,90
D,VERDANT_VALLEY,615,0.000080000,true,1,11,61
D,VERDANT_VALLEY,616,0.000073500,true,1,9,45
D,VERDANT_VALLEY,617,0.000105300,true,1,18,115
D,VERDANT_VALLEY,618,0.000106900,true,1,19,151
D,VERDANT_VALLEY,619,0.000090800,true,1,13,91
D,VERDANT_VALLEY,620,0.000081600,true,1,13,60
D,VERDANT_VALLEY,621,0.000076400,true,1,10,55
D,VERDANT_VALLEY,622,0.000082200,true,1,13,65
D,VERDANT_VALLEY,623,0.000097100,true,1,16,124
D,VERDANT_VALLEY,624,0.000088900,true,1,13,83
D,VERDANT_VALLEY,625,0.000100400,true,1,19,119
D,VERDANT_VALLEY,626,0.000197700,true,2,35,281
D,VERDANT_VALLEY,627,0.000112400,true,1,20,146
D,VERDANT_VALLEY,628,0.000113800,true,1,22,164
D,VERDANT_VALLEY,629,0.000098400,true,1,17,113
D,VERDANT_VALLEY,630,0.000081400,true,1,12,66
D,VERDANT_VALLEY,631,0.000111800,true,1,21,134
D,VERDANT_VALLEY,632,0.000083100,true,1,13,64
D,VERDANT_VALLEY,633,0.000110700,true,1,21,137
D,VERDANT_VALLEY,634,0.000080400,true,1,12,62
D,VERDANT_VALLEY,635,0.000245900,true,2,47,414
D,VERDANT_VALLEY,636,0.000093800,true,1,14,97
D,VERDANT_VALLEY,637,0.000099700,true,1,17,101
D,VERDANT_VALLEY,638,0.000099100,true,1,16,107
D,VERDANT_VALLEY,639,0.000076700,true,1,10,55
D,VERDANT_VALLEY,640,0.000089100,true,1,16,74
D,VERDANT_VALLEY,641,0.000096900,true,1,17,108
D,VERDANT_VALLEY,642,0.000113300,true,1,18,146
D,VERDANT_VALLEY,643,0.000078300,true,1,11,56
D,VERDANT_VALLEY,644,0.000086500,true,1,14,74
D,VERDANT_VALLEY,645,0.000188300,true,2,34,211
D,VERDANT_VALLEY,646,0.000093800,true,1,15,73
D,VERDANT_VALLEY,647,0.000078900,true,1,12,55
D,VERDANT_VALLEY,648,0.000088400,true,1,13,82
D,VERDANT_VALLEY,649,0.000101400,true,1,18,126
D,VERDANT_VALLEY,650,0.000090700,true,1,16,85
D,VERDANT_VALLEY,651,0.000078600,true,1,12,59
D,VERDANT_VALLEY,652,0.000087800,true,1,15,74
D,VERDANT_VALLEY,653,0.000079900,true,1,12,66
D,VERDANT_VALLEY,654,0.000088200,true,1,15,82
D,VERDANT_VALLEY,655,0.000112500,true,1,21,181
D,VERDANT_VALLEY,656,0.000118200,true,1,23,174
D,VERDANT_VALLEY,657,0.000248400,true,2,43,315
D,VERDANT_VALLEY,658,0.000086900,true,1,14,68
D,VERDANT_VALLEY,659,0.000113700,true,1,17,153
D,VERDANT_VALLEY,660,0.000084300,true,1,12,56
D,VERDANT_VALLEY,661,0.000229900,true,2,44,343
D,VERDANT_VALLEY,662,0.000085600,true,1,13,64
D,VERDANT_VALLEY,663,0.000101200,true,1,18,106
D,VERDANT_VALLEY,664,0.000077500,true,1,10,55
D,VERDANT_VALLEY,665,0.000082200,true,1,13,58
D,VERDANT_VALLEY,666,0.000080100,true,1,13,64
D,VERDANT_VALLEY,667,0.000079100,true,1,12,67
D,VERDANT_VALLEY,668,0.000184400,true,2,32,261
D,VERDANT_VALLEY,669,0.000081200,true,1,12,54
D,VERDANT_VALLEY,670,0.000090900,true,1,15,112
D,VERDANT_VALLEY,671,0.000199500,true,2,34,247
D,VERDANT_VALLEY,672,0.000097100,true,1,16,104
D,VERDANT_VALLEY,673,0.000353200,true,3,68,576
D,VERDANT_VALLEY,674,0.000087800,true,1,16,82
D,VERDANT_VALLEY,675,0.000093500,true,1,17,104
D,VERDANT_VALLEY,676,0.000100000,true,1,16,136
D,VERDANT_VALLEY,677,0.000095500,true,1,16,105
D,VERDANT_VALLEY,678,0.000082300,true,1,13,66
D,VERDANT_VALLEY,679,0.000075400,true,1,11,53
D,VERDANT_VALLEY,680,0.000078800,true,1,12,63
D,VERDANT_VALLEY,681,0.000080300,true,1,13,56
D,VERDANT_VALLEY,682,0.000092500,true,1,17,97
D,VERDANT_VALLEY,683,0.000078300,true,1,11,60
D,VERDANT_VALLEY,684,0.000076700,true,1,11,53
D,VERDANT_VALLEY,685,0.000078600,true,1,12,68
D,VERDANT_VALLEY,686,0.000104100,true,1,20,140
D,VERDANT_VALLEY,687,0.000087400,true,1,13,64
D,VERDANT_VALLEY,688,0.000101600,true,1,19,120
D,VERDANT_VALLEY,689,0.000104200,true,1,17,126
D,VERDANT_VALLEY,690,0.000082500,true,1,12,62
D,VERDANT_VALLEY,691,0.000080300,true,1,12,64
D,VERDANT_VALLEY,692,0.000090000,true,1,16,76
D,VERDANT_VALLEY,693,0.000092200,true,1,15,110
D,VERDANT_VALLEY,694,0.000076300,true,1,11,57
D,VERDANT_VALLEY,695,0.000128500,true,1,24,228
D,VERDANT_VALLEY,696,0.000115300,true,1,22,182
D,VERDANT_VALLEY,697,0.000089300,true,1,14,94
D,VERDANT_VALLEY,698,0.000094500,true,1,15,98
D,VERDANT_VALLEY,699,0.000086600,true,1,14,72
D,VERDANT_VALLEY,700,0.000095500,true,1,18,101
D,VERDANT_VALLEY,701,0.000221100,true,2,44,276
D,VERDANT_VALLEY,702,0.000073500,true,1,9,45
D,VERDANT_VALLEY,703,0.000081900,true,1,13,62
D,VERDANT_VALLEY,704,0.000103800,true,1,19,118
D,VERDANT_VALLEY,705,0.000085600,true,1,13,81
D,VERDANT_VALLEY,706,0.000087500,true,1,15,73
D,VERDANT_VALLEY,707,0.000092600,true,1,15,88
D,VERDANT_VALLEY,708,0.000107900,true,1,16,92
D,VERDANT_VALLEY,709,0.000090300,true,1,12,66
D,VERDANT_VALLEY,710,0.000183900,true,1,15,91
D,VERDANT_VALLEY,711,0.000109800,true,1,18,149
D,VERDANT_VALLEY,712,0.000110800,true,1,13,91
D,VERDANT_VALLEY,713,0.000233400,true,2,40,255
D,VERDANT_VALLEY,714,0.000101000,true,1,14,89
D,VERDANT_VALLEY,715,0.000103300,true,1,12,78
D,VERDANT_VALLEY,716,0.000228200,true,2,39,256
D,VERDANT_VALLEY,717,0.000111700,true,1,15,104
D,VERDANT_VALLEY,718,0.000106300,true,1,15,87
D,VERDANT_VALLEY,719,0.000113500,true,1,19,120
D,VERDANT_VALLEY,720,0.000108000,true,1,14,89
D,VERDANT_VALLEY,721,0.000228700,true,2,37,254
D,VERDANT_VALLEY,722,0.000096800,true,1,13,63
D,VERDANT_VALLEY,723,0.000216500,true,2,31,207
D,VERDANT_VALLEY,724,0.000109200,true,1,13,63
D,VERDANT_VALLEY,725,0.000361400,true,1,20,135
D,VERDANT_VALLEY,726,0.000167000,true,1,14,105
D,VERDANT_VALLEY,727,0.000141600,true,1,13,62
D,VERDANT_VALLEY,728,0.000115400,true,1,13,58
D,VERDANT_VALLEY,729,0.000090600,true,1,11,58
D,VERDANT_VALLEY,730,0.000086800,true,1,11,60
D,VERDANT_VALLEY,731,0.000108500,true,1,17,110
D,VERDANT_VALLEY,732,0.000210000,true,2,33,221
D,VERDANT_VALLEY,733,0.000084500,true,1,10,55
D,VERDANT_VALLEY,734,0.000087400,true,1,14,67
D,VERDANT_VALLEY,735,0.000227300,true,2,34,256
D,VERDANT_VALLEY,736,0.000092200,true,1,16,70
D,VERDANT_VALLEY,737,0.000085300,true,1,14,70
D,VERDANT_VALLEY,738,0.000116600,true,1,21,156
D,VERDANT_VALLEY,739,0.000223200,true,2,37,261
D,VERDANT_VALLEY,740,0.000234600,true,2,37,242
D,VERDANT_VALLEY,741,0.000109500,true,1,15,92
D,VERDANT_VALLEY,742,0.000102000,true,1,15,85
D,VERDANT_VALLEY,743,0.000109200,true,1,17,141
D,VERDANT_VALLEY,744,0.000119700,true,1,22,150
D,VERDANT_VALLEY,745,0.000150500,true,1,13,64
D,VERDANT_VALLEY,746,0.000111600,true,1,16,110
D,VERDANT_VALLEY,747,0.000126400,true,1,22,137
D,VERDANT_VALLEY,748,0.000198700,true,2,26,147
D,VERDANT_VALLEY,749,0.000094100,true,1,14,62
D,VERDANT_VALLEY,750,0.000093100,true,1,13,69
D,VERDANT_VALLEY,751,0.000102300,true,1,14,70
D,VERDANT_VALLEY,752,0.000099300,true,1,13,85
D,VERDANT_VALLEY,753,0.000393900,true,2,44,348
D,VERDANT_VALLEY,754,0.000453800,true,2,40,281
D,VERDANT_VALLEY,755,0.000219300,true,1,19,174
D,VERDANT_VALLEY,756,0.000705600,true,3,75,613
D,VERDANT_VALLEY,757,0.000175600,true,1,14,83
D,VERDANT_VALLEY,758,0.000148400,true,1,10,55
D,VERDANT_VALLEY,759,0.000171800,true,1,21,135
D,VERDANT_VALLEY,760,0.000113100,true,1,16,94
D,VERDANT_VALLEY,761,0.000116100,true,1,15,101
D,VERDANT_VALLEY,762,0.000092000,true,1,11,62
D,VERDANT_VALLEY,763,0.000216900,true,2,40,267
D,VERDANT_VALLEY,764,0.000087000,true,1,15,74
D,VERDANT_VALLEY,765,0.000098500,true,1,9,45
D,VERDANT_VALLEY,766,0.000101000,true,1,18,93
D,VERDANT_VALLEY,767,0.000106600,true,1,17,103
D,VERDANT_VALLEY,768,0.000091100,true,1,15,83
D,VERDANT_VALLEY,769,0.000085000,true,1,13,63
D,VERDANT_VALLEY,770,0.000119400,true,1,21,195
D,VERDANT_VALLEY,771,0.000122600,true,1,21,187
D,VERDANT_VALLEY,772,0.000193100,true,2,35,209
D,VERDANT_VALLEY,773,0.000101100,true,1,17,138
D,VERDANT_VALLEY,774,0.000084100,true,1,13,65
D,VERDANT_VALLEY,775,0.000088500,true,1,14,97
D,VERDANT_VALLEY,776,0.000079800,true,1,11,57
D,VERDANT_VALLEY,777,0.000110600,true,1,22,127
D,VERDANT_VALLEY,778,0.000100100,true,1,18,116
D,VERDANT_VALLEY,779,0.000093700,true,1,16,90
D,VERDANT_VALLEY,780,0.000080300,true,1,12,63
D,VERDANT_VALLEY,781,0.000096800,true,1,18,102
D,VERDANT_VALLEY,782,0.000081100,true,1,13,62
D,VERDANT_VALLEY,783,0.000243400,true,2,55,332
D,VERDANT_VALLEY,784,0.000089200,true,1,16,80
D,VERDANT_VALLEY,785,0.000086400,true,1,15,79
D,VERDANT_VALLEY,786,0.000087300,true,1,13,82
D,VERDANT_VALLEY,787,0.000082100,true,1,13,68
D,VERDANT_VALLEY,788,0.000077700,true,1,11,58
D,VERDANT_VALLEY,789,0.000088600,true,1,15,73
D,VERDANT_VALLEY,790,0.000099800,true,1,16,103
D,VERDANT_VALLEY,791,0.000080900,true,1,12,64
D,VERDANT_VALLEY,792,0.000100700,true,1,16,109
D,VERDANT_VALLEY,793,0.000110600,true,1,19,148
D,VERDANT_VALLEY,794,0.000099300,true,1,19,103
D,VERDANT_VALLEY,795,0.000104400,true,1,18,154
D,VERDANT_VALLEY,796,0.000079200,true,1,11,59
D,VERDANT_VALLEY,797,0.000079000,true,1,11,53
D,VERDANT_VALLEY,798,0.000176100,true,1,20,169
D,VERDANT_VALLEY,799,0.000106700,true,1,17,82
D,VERDANT_VALLEY,800,0.000098200,true,1,13,91
D,VERDANT_VALLEY,801,0.000404100,true,4,73,459
D,VERDANT_VALLEY,802,0.000127000,true,1,21,180
D,VERDANT_VALLEY,803,0.000179600,true,2,39,116
D,VERDANT_VALLEY,804,0.000082700,true,1,12,59
D,VERDANT_VALLEY,805,0.000099400,true,1,17,113
D,VERDANT_VALLEY,806,0.000193400,true,1,15,110
D,VERDANT_VALLEY,807,0.000094700,true,1,12,78
D,VERDANT_VALLEY,808,0.000096200,true,1,17,78
D,VERDANT_VALLEY,809,0.000256800,true,2,48,399
D,VERDANT_VALLEY,810,0.000138600,true,1,24,193
D,VERDANT_VALLEY,811,0.000093200,true,1,16,83
D,VERDANT_VALLEY,812,0.000095200,true,1,17,76
D,VERDANT_VALLEY,813,0.000096800,true,1,15,97
D,VERDANT_VALLEY,814,0.000077600,true,1,10,50
D,VERDANT_VALLEY,815,0.000103600,true,1,20,124
D,VERDANT_VALLEY,816,0.000079400,true,1,10,55
D,VERDANT_VALLEY,817,0.000109000,true,1,19,146
D,VERDANT_VALLEY,818,0.000170700,true,1,17,122
D,VERDANT_VALLEY,819,0.000148100,true,1,17,104
D,VERDANT_VALLEY,820,0.000152900,true,1,14,92
D,VERDANT_VALLEY,821,0.000107000,true,1,13,68
D,VERDANT_VALLEY,822,0.000121300,true,1,15,68
D,VERDANT_VALLEY,823,0.000100900,true,1,16,89
D,VERDANT_VALLEY,824,0.000092300,true,1,13,83
D,VERDANT_VALLEY,825,0.000083600,true,1,13,61
D,VERDANT_VALLEY,826,0.000103700,true,1,17,114
D,VERDANT_VALLEY,827,0.000092200,true,1,14,80
D,VERDANT_VALLEY,828,0.000158100,true,1,21,204
D,VERDANT_VALLEY,829,0.000123800,true,1,12,78
D,VERDANT_VALLEY,830,0.000101800,true,1,17,112
D,VERDANT_VALLEY,831,0.000097600,true,1,16,116
D,VERDANT_VALLEY,832,0.000117700,true,1,23,176
D,VERDANT_VALLEY,833,0.000113100,true,1,11,53
D,VERDANT_VALLEY,834,0.000105600,true,1,12,78
D,VERDANT_VALLEY,835,0.000098000,true,1,15,93
D,VERDANT_VALLEY,836,0.000084100,true,1,12,61
D,VERDANT_VALLEY,837,0.000085700,true,1,12,67
D,VERDANT_VALLEY,838,0.000256300,true,2,47,398
D,VERDANT_VALLEY,839,0.000082500,true,1,12,65
D,VERDANT_VALLEY,840,0.000080600,true,1,12,67
D,VERDANT_VALLEY,841,0.000091900,true,1,15,103
D,VERDANT_VALLEY,842,0.000080600,true,1,11,56
D,VERDANT_VALLEY,843,0.000103000,true,1,21,112
D,VERDANT_VALLEY,844,0.000224500,true,2,46,246
D,VERDANT_VALLEY,845,0.000203000,true,2,37,214
D,VERDANT_VALLEY,846,0.000085900,true,1,14,70
D,VERDANT_VALLEY,847,0.000194700,true,2,35,252
D,VERDANT_VALLEY,848,0.000097900,true,1,16,109
D,VERDANT_VALLEY,849,0.000099800,true,1,17,110
D,VERDANT_VALLEY,850,0.000173700,true,2,29,142
D,VERDANT_VALLEY,851,0.000085300,true,1,13,73
D,VERDANT_VALLEY,852,0.000103300,true,1,18,129
D,VERDANT_VALLEY,853,0.000105400,true,1,18,138
D,VERDANT_VALLEY,854,0.000093300,true,1,14,84
D,VERDANT_VALLEY,855,0.000112300,true,1,20,143
D,VERDANT_VALLEY,856,0.000179800,true,2,30,166
D,VERDANT_VALLEY,857,0.000098500,true,1,17,119
D,VERDANT_VALLEY,858,0.000093500,true,1,14,77
D,VERDANT_VALLEY,859,0.000093500,true,1,15,99
D,VERDANT_VALLEY,860,0.000210200,true,2,34,255
D,VERDANT_VALLEY,861,0.000116100,true,1,18,145
D,VERDANT_VALLEY,862,0.000117200,true,1,21,144
D,VERDANT_VALLEY,863,0.000091500,true,1,14,84
D,VERDANT_VALLEY,864,0.000083000,true,1,12,63
D,VERDANT_VALLEY,865,0.000213800,true,2,42,282
D,VERDANT_VALLEY,866,0.000084700,true,1,10,55
D,VERDANT_VALLEY,867,0.000113800,true,1,19,146
D,VERDANT_VALLEY,868,0.000112700,true,1,17,133
D,VERDANT_VALLEY,869,0.000120400,true,1,20,145
D,VERDANT_VALLEY,870,0.000128800,true,1,19,106
D,VERDANT_VALLEY,871,0.000098900,true,1,14,65
D,VERDANT_VALLEY,872,0.000098300,true,1,15,75
D,VERDANT_VALLEY,873,0.000146500,true,1,28,246
D,VERDANT_VALLEY,874,0.000108400,true,1,17,128
D,VERDANT_VALLEY,875,0.000118000,true,1,21,149
D,VERDANT_VALLEY,876,0.000110400,true,1,20,105
D,VERDANT_VALLEY,877,0.000120200,true,1,20,193
D,VERDANT_VALLEY,878,0.000085000,true,1,12,69
D,VERDANT_VALLEY,879,0.000091200,true,1,12,61
D,VERDANT_VALLEY,880,0.000243500,true,2,44,322
D,VERDANT_VALLEY,881,0.000084500,true,1,10,55
D,VERDANT_VALLEY,882,0.000094700,true,1,14,92
D,VERDANT_VALLEY,883,0.000101300,true,1,14,94
D,VERDANT_VALLEY,884,0.000094300,true,1,14,87
D,VERDANT_VALLEY,885,0.000117700,true,1,19,153
D,VERDANT_VALLEY,886,0.000166800,true,2,27,103
D,VERDANT_VALLEY,887,0.000119300,true,1,19,161
D,VERDANT_VALLEY,888,0.000309900,true,3,57,393
D,VERDANT_VALLEY,889,0.000088200,true,1,12,78
D,VERDANT_VALLEY,890,0.000094000,true,1,16,106
D,VERDANT_VALLEY,891,0.000109800,true,1,22,136
D,VERDANT_VALLEY,892,0.000103600,true,1,15,120
D,VERDANT_VALLEY,893,0.000203700,true,2,39,271
D,VERDANT_VALLEY,894,0.000084500,true,1,13,60
D,VERDANT_VALLEY,895,0.000091900,true,1,15,99
D,VERDANT_VALLEY,896,0.000088500,true,1,14,75
D,VERDANT_VALLEY,897,0.000100700,true,1,18,115
D,VERDANT_VALLEY,898,0.000093500,true,1,12,59
D,VERDANT_VALLEY,899,0.000093100,true,1,12,59
D,VERDANT_VALLEY,900,0.000117100,true,1,21,108
D,VERDANT_VALLEY,901,0.000118500,true,1,19,177
D,VERDANT_VALLEY,902,0.000109200,true,1,17,129
D,VERDANT_VALLEY,903,0.000108800,true,1,15,93
D,VERDANT_VALLEY,904,0.000096800,true,1,14,76
D,VERDANT_VALLEY,905,0.000094500,true,1,13,73
D,VERDANT_VALLEY,906,0.000102500,true,1,17,85
D,VERDANT_VALLEY,907,0.000126500,true,1,20,128
D,VERDANT_VALLEY,908,0.000257100,true,2,50,225
D,VERDANT_VALLEY,909,0.000098700,true,1,15,72
D,VERDANT_VALLEY,910,0.000126900,true,1,19,162
D,VERDANT_VALLEY,911,0.000103800,true,1,14,61
D,VERDANT_VALLEY,912,0.000255400,true,2,42,375
D,VERDANT_VALLEY,913,0.000097200,true,1,13,83
D,VERDANT_VALLEY,914,0.000135500,true,1,20,175
D,VERDANT_VALLEY,915,0.000105600,true,1,14,88
D,VERDANT_VALLEY,916,0.000111400,true,1,18,116
D,VERDANT_VALLEY,917,0.000095600,true,1,16,87
D,VERDANT_VALLEY,918,0.000092700,true,1,17,87
D,VERDANT_VALLEY,919,0.000084800,true,1,12,78
D,VERDANT_VALLEY,920,0.000084300,true,1,12,54
D,VERDANT_VALLEY,921,0.000090800,true,1,17,72
D,VERDANT_VALLEY,922,0.000093400,true,1,13,76
D,VERDANT_VALLEY,923,0.000091000,true,1,14,72
D,VERDANT_VALLEY,924,0.000107100,true,1,19,119
D,VERDANT_VALLEY,925,0.000109300,true,1,17,132
D,VERDANT_VALLEY,926,0.000090000,true,1,14,69
D,VERDANT_VALLEY,927,0.000173100,true,2,29,183
D,VERDANT_VALLEY,928,0.000104900,true,1,14,68
D,VERDANT_VALLEY,929,0.000115400,true,1,11,51
D,VERDANT_VALLEY,930,0.000117100,true,1,13,71
D,VERDANT_VALLEY,931,0.000129400,true,1,19,161
D,VERDANT_VALLEY,932,0.000093600,true,1,13,79
D,VERDANT_VALLEY,933,0.000089600,true,1,12,66
D,VERDANT_VALLEY,934,0.000098000,true,1,13,71
D,VERDANT_VALLEY,935,0.000118900,true,1,18,122
D,VERDANT_VALLEY,936,0.000104800,true,1,13,68
D,VERDANT_VALLEY,937,0.000185400,true,2,31,203
D,VERDANT_VALLEY,938,0.000346100,true,3,58,426
D,VERDANT_VALLEY,939,0.000104200,true,1,14,67
D,VERDANT_VALLEY,940,0.000264200,true,2,37,355
D,VERDANT_VALLEY,941,0.000111200,true,1,18,154
D,VERDANT_VALLEY,942,0.000089500,true,1,11,60
D,VERDANT_VALLEY,943,0.000116200,true,1,18,113
D,VERDANT_VALLEY,944,0.000106700,true,1,12,78
D,VERDANT_VALLEY,945,0.000148000,true,1,16,96
D,VERDANT_VALLEY,946,0.000231000,true,1,18,127
D,VERDANT_VALLEY,947,0.000497100,true,2,44,370
D,VERDANT_VALLEY,948,0.000170200,true,1,16,89
D,VERDANT_VALLEY,949,0.000380100,true,2,37,245
D,VERDANT_VALLEY,950,0.000191500,true,1,19,116
D,VERDANT_VALLEY,951,0.000150800,true,1,12,66
D,VERDANT_VALLEY,952,0.000165700,true,1,16,78
D,VERDANT_VALLEY,953,0.000141000,true,1,21,140
D,VERDANT_VALLEY,954,0.000107000,true,1,17,67
D,VERDANT_VALLEY,955,0.000124900,true,1,18,114
D,VERDANT_VALLEY,956,0.000104400,true,1,16,74
D,VERDANT_VALLEY,957,0.000079200,true,1,10,47
D,VERDANT_VALLEY,958,0.000099700,true,1,19,107
D,VERDANT_VALLEY,959,0.000124000,true,1,22,235
D,VERDANT_VALLEY,960,0.000079100,true,1,11,53
D,VERDANT_VALLEY,961,0.000083900,true,1,12,63
D,VERDANT_VALLEY,962,0.000303600,true,1,15,84
D,VERDANT_VALLEY,963,0.000201100,true,1,20,193
D,VERDANT_VALLEY,964,0.000183700,true,1,19,118
D,VERDANT_VALLEY,965,0.000176300,true,1,20,140
D,VERDANT_VALLEY,966,0.000503900,true,3,60,411
D,VERDANT_VALLEY,967,0.000135200,true,1,16,101
D,VERDANT_VALLEY,968,0.000090900,true,1,14,73
D,VERDANT_VALLEY,969,0.000317000,true,3,45,274
D,VERDANT_VALLEY,970,0.000088700,true,1,12,57
D,VERDANT_VALLEY,971,0.000107900,true,1,20,134
D,VERDANT_VALLEY,972,0.000083800,true,1,12,63
D,VERDANT_VALLEY,973,0.000091900,true,1,14,85
D,VERDANT_VALLEY,974,0.000112600,true,1,19,150
D,VERDANT_VALLEY,975,0.000105400,true,1,16,136
D,VERDANT_VALLEY,976,0.000096000,true,1,15,95
D,VERDANT_VALLEY,977,0.000102300,true,1,20,117
D,VERDANT_VALLEY,978,0.000178000,true,2,30,190
D,VERDANT_VALLEY,979,0.000108300,true,1,20,147
D,VERDANT_VALLEY,980,0.000100600,true,1,16,96
D,VERDANT_VALLEY,981,0.000081300,true,1,12,67
D,VERDANT_VALLEY,982,0.000083400,true,1,13,67
D,VERDANT_VALLEY,983,0.000198500,true,2,35,211
D,VERDANT_VALLEY,984,0.000102200,true,1,22,110
D,VERDANT_VALLEY,985,0.000084400,true,1,14,73
D,VERDANT_VALLEY,986,0.000200000,true,2,32,259
D,VERDANT_VALLEY,987,0.000113600,true,1,20,163
D,VERDANT_VALLEY,988,0.000086800,true,1,14,95
D,VERDANT_VALLEY,989,0.000230100,true,2,40,328
D,VERDANT_VALLEY,990,0.000277600,true,3,51,293
D,VERDANT_VALLEY,991,0.000071300,true,1,9,45
D,VERDANT_VALLEY,992,0.000088200,true,1,15,69
D,VERDANT_VALLEY,993,0.000097100,true,1,16,85
D,VERDANT_VALLEY,994,0.000172600,true,2,28,173
D,VERDANT_VALLEY,995,0.000080800,true,1,12,60
D,VERDANT_VALLEY,996,0.000099400,true,1,16,104
D,VERDANT_VALLEY,997,0.000467200,true,4,103,639
D,VERDANT_VALLEY,998,0.000105100,true,1,16,96
D,VERDANT_VALLEY,999,0.000102400,true,1,16,126
D,VERDANT_VALLEY,1000,0.000174200,true,1,15,88
D,SKY_CITADEL,1,0.000137500,true,1,13,91
D,SKY_CITADEL,2,0.000100300,true,1,10,46
D,SKY_CITADEL,3,0.000304000,true,2,35,266
D,SKY_CITADEL,4,0.000114000,true,1,12,78
D,SKY_CITADEL,5,0.000094000,true,1,11,58
D,SKY_CITADEL,6,0.000106600,true,1,14,96
D,SKY_CITADEL,7,0.000099400,true,1,13,91
D,SKY_CITADEL,8,0.000139300,true,1,21,231
D,SKY_CITADEL,9,0.000276600,true,2,45,198
D,SKY_CITADEL,10,0.000091300,true,1,11,62
D,SKY_CITADEL,11,0.000095900,true,1,12,78
D,SKY_CITADEL,12,0.000102800,true,1,14,105
D,SKY_CITADEL,13,0.000084000,true,1,10,47
D,SKY_CITADEL,14,0.000096300,true,1,13,91
D,SKY_CITADEL,15,0.000081600,true,1,9,45
D,SKY_CITADEL,16,0.000110600,true,1,17,139
D,SKY_CITADEL,17,0.000088400,true,1,10,55
D,SKY_CITADEL,18,0.000108200,true,1,15,120
D,SKY_CITADEL,19,0.000087200,true,1,11,61
D,SKY_CITADEL,20,0.000089700,true,1,12,63
D,SKY_CITADEL,21,0.000082500,true,1,9,45
D,SKY_CITADEL,22,0.000111900,true,1,13,84
D,SKY_CITADEL,23,0.000105100,true,1,15,111
D,SKY_CITADEL,24,0.000096400,true,1,13,91
D,SKY_CITADEL,25,0.000091500,true,1,11,59
D,SKY_CITADEL,26,0.000084300,true,1,10,47
D,SKY_CITADEL,27,0.000083500,true,1,10,50
D,SKY_CITADEL,28,0.000201600,true,2,40,88
D,SKY_CITADEL,29,0.000096100,true,1,12,78
D,SKY_CITADEL,30,0.000103000,true,1,16,124
D,SKY_CITADEL,31,0.000099000,true,1,13,91
D,SKY_CITADEL,32,0.000096000,true,1,13,91
D,SKY_CITADEL,33,0.000083200,true,1,9,45
D,SKY_CITADEL,34,0.000100700,true,1,13,91
D,SKY_CITADEL,35,0.000096300,true,1,13,91
D,SKY_CITADEL,36,0.000082900,true,1,9,45
D,SKY_CITADEL,37,0.000091900,true,1,10,47
D,SKY_CITADEL,38,0.000087900,true,1,9,45
D,SKY_CITADEL,39,0.000107900,true,1,15,106
D,SKY_CITADEL,40,0.000207000,true,2,40,172
D,SKY_CITADEL,41,0.000083800,true,1,9,45
D,SKY_CITADEL,42,0.000082400,true,1,9,45
D,SKY_CITADEL,43,0.000091000,true,1,11,56
D,SKY_CITADEL,44,0.000093700,true,1,12,78
D,SKY_CITADEL,45,0.000084300,true,1,10,51
D,SKY_CITADEL,46,0.000091700,true,1,12,78
D,SKY_CITADEL,47,0.000097900,true,1,14,74
D,SKY_CITADEL,48,0.000094400,true,1,12,57
D,SKY_CITADEL,49,0.000085600,true,1,10,50
D,SKY_CITADEL,50,0.000098700,true,1,12,54
D,SKY_CITADEL,51,0.000102200,true,1,13,91
D,SKY_CITADEL,52,0.000091300,true,1,9,45
D,SKY_CITADEL,53,0.000085800,true,1,10,55
D,SKY_CITADEL,54,0.000114800,true,1,16,136
D,SKY_CITADEL,55,0.000082000,true,1,9,45
D,SKY_CITADEL,56,0.000098000,true,1,13,91
D,SKY_CITADEL,57,0.000112000,true,1,15,120
D,SKY_CITADEL,58,0.000088800,true,1,9,45
D,SKY_CITADEL,59,0.000121500,true,1,18,171
D,SKY_CITADEL,60,0.000097900,true,1,12,78
D,SKY_CITADEL,61,0.000088300,true,1,10,55
D,SKY_CITADEL,62,0.000081900,true,1,9,45
D,SKY_CITADEL,63,0.000099600,true,1,12,78
D,SKY_CITADEL,64,0.000086200,true,1,9,45
D,SKY_CITADEL,65,0.000088400,true,1,10,48
D,SKY_CITADEL,66,0.000085400,true,1,9,45
D,SKY_CITADEL,67,0.000109600,true,1,16,136
D,SKY_CITADEL,68,0.000089600,true,1,10,55
D,SKY_CITADEL,69,0.000116600,true,1,18,157
D,SKY_CITADEL,70,0.000088700,true,1,10,50
D,SKY_CITADEL,71,0.000090900,true,1,12,65
D,SKY_CITADEL,72,0.000104200,true,1,14,97
D,SKY_CITADEL,73,0.000088600,true,1,10,51
D,SKY_CITADEL,74,0.000082000,true,1,10,47
D,SKY_CITADEL,75,0.000083400,true,1,10,52
D,SKY_CITADEL,76,0.000272700,true,2,48,311
D,SKY_CITADEL,77,0.000085800,true,1,9,45
D,SKY_CITADEL,78,0.000094700,true,1,10,52
D,SKY_CITADEL,79,0.000085800,true,1,9,45
D,SKY_CITADEL,80,0.000092100,true,1,11,51
D,SKY_CITADEL,81,0.000082900,true,1,9,45
D,SKY_CITADEL,82,0.000084500,true,1,10,55
D,SKY_CITADEL,83,0.000236200,true,2,35,208
D,SKY_CITADEL,84,0.000247200,true,2,37,262
D,SKY_CITADEL,85,0.000104000,true,1,14,93
D,SKY_CITADEL,86,0.000083900,true,1,9,45
D,SKY_CITADEL,87,0.000084700,true,1,9,45
D,SKY_CITADEL,88,0.000084800,true,1,10,46
D,SKY_CITADEL,89,0.000082400,true,1,9,45
D,SKY_CITADEL,90,0.000080300,true,1,9,45
D,SKY_CITADEL,91,0.000083100,true,1,10,50
D,SKY_CITADEL,92,0.000086400,true,1,10,46
D,SKY_CITADEL,93,0.000096400,true,1,13,91
D,SKY_CITADEL,94,0.000208700,true,2,27,166
D,SKY_CITADEL,95,0.000084900,true,1,10,48
D,SKY_CITADEL,96,0.000092300,true,1,11,57
D,SKY_CITADEL,97,0.000087100,true,1,10,48
D,SKY_CITADEL,98,0.000090700,true,1,11,57
D,SKY_CITADEL,99,0.000102800,true,1,12,78
D,SKY_CITADEL,100,0.000194700,true,2,25,151
D,SKY_CITADEL,101,0.000095300,true,1,12,66
D,SKY_CITADEL,102,0.000111300,true,1,17,143
D,SKY_CITADEL,103,0.000090800,true,1,12,64
D,SKY_CITADEL,104,0.000209400,true,2,35,209
D,SKY_CITADEL,105,0.000093700,true,1,9,45
D,SKY_CITADEL,106,0.000093900,true,1,10,55
D,SKY_CITADEL,107,0.000196300,true,1,16,136
D,SKY_CITADEL,108,0.000213700,true,2,27,180
D,SKY_CITADEL,109,0.000129600,true,1,14,93
D,SKY_CITADEL,110,0.000116000,true,1,13,91
D,SKY_CITADEL,111,0.000099700,true,1,9,45
D,SKY_CITADEL,112,0.000145200,true,1,23,190
D,SKY_CITADEL,113,0.000120500,true,1,16,125
D,SKY_CITADEL,114,0.000229200,true,2,26,153
D,SKY_CITADEL,115,0.000424600,true,2,41,249
D,SKY_CITADEL,116,0.000105100,true,1,9,45
D,SKY_CITADEL,117,0.000135400,true,1,14,98
D,SKY_CITADEL,118,0.000095600,true,1,9,45
D,SKY_CITADEL,119,0.000100200,true,1,9,45
D,SKY_CITADEL,120,0.000160500,true,1,12,78
D,SKY_CITADEL,121,0.000114400,true,1,9,45
D,SKY_CITADEL,122,0.000112800,true,1,11,57
D,SKY_CITADEL,123,0.000084700,true,1,9,45
D,SKY_CITADEL,124,0.000082400,true,1,9,45
D,SKY_CITADEL,125,0.000087200,true,1,10,52
D,SKY_CITADEL,126,0.000085800,true,1,10,55
D,SKY_CITADEL,127,0.000086100,true,1,10,48
D,SKY_CITADEL,128,0.000086300,true,1,10,52
D,SKY_CITADEL,129,0.000111600,true,1,15,96
D,SKY_CITADEL,130,0.000093700,true,1,9,45
D,SKY_CITADEL,131,0.000109800,true,1,13,84
D,SKY_CITADEL,132,0.000131900,true,1,12,66
D,SKY_CITADEL,133,0.000094000,true,1,13,70
D,SKY_CITADEL,134,0.000092100,true,1,10,50
D,SKY_CITADEL,135,0.000088200,true,1,11,54
D,SKY_CITADEL,136,0.000107200,true,1,12,78
D,SKY_CITADEL,137,0.000106300,true,1,13,79
D,SKY_CITADEL,138,0.000102000,true,1,12,78
D,SKY_CITADEL,139,0.000272500,true,1,9,45
D,SKY_CITADEL,140,0.000342300,true,1,12,78
D,SKY_CITADEL,141,0.000376100,true,1,12,78
D,SKY_CITADEL,142,0.000115400,true,1,10,48
D,SKY_CITADEL,143,0.000146600,true,1,9,45
D,SKY_CITADEL,144,0.000137200,true,1,13,81
D,SKY_CITADEL,145,0.000089200,true,1,9,45
D,SKY_CITADEL,146,0.000129700,true,1,19,173
D,SKY_CITADEL,147,0.000091800,true,1,11,62
D,SKY_CITADEL,148,0.000083800,true,1,9,45
D,SKY_CITADEL,149,0.000218900,true,2,40,117
D,SKY_CITADEL,150,0.000103000,true,1,9,45
D,SKY_CITADEL,151,0.000106000,true,1,10,55
D,SKY_CITADEL,152,0.000101900,true,1,9,45
D,SKY_CITADEL,153,0.000371400,true,3,55,229
D,SKY_CITADEL,154,0.000101500,true,1,11,55
D,SKY_CITADEL,155,0.000160300,true,1,14,95
D,SKY_CITADEL,156,0.000201200,true,1,11,61
D,SKY_CITADEL,157,0.000207200,true,1,12,78
D,SKY_CITADEL,158,0.000191400,true,1,9,45
D,SKY_CITADEL,159,0.000184900,true,1,10,47
D,SKY_CITADEL,160,0.000138600,true,1,10,51
D,SKY_CITADEL,161,0.000245200,true,1,18,171
D,SKY_CITADEL,162,0.000209600,true,1,13,91
D,SKY_CITADEL,163,0.000203600,true,1,9,45
D,SKY_CITADEL,164,0.000166300,true,1,9,45
D,SKY_CITADEL,165,0.000400600,true,2,30,199
D,SKY_CITADEL,166,0.000134500,true,1,15,120
D,SKY_CITADEL,167,0.000116100,true,1,12,66
D,SKY_CITADEL,168,0.000118200,true,1,13,91
D,SKY_CITADEL,169,0.000106800,true,1,14,105
D,SKY_CITADEL,170,0.000086400,true,1,10,47
D,SKY_CITADEL,171,0.000082500,true,1,9,45
D,SKY_CITADEL,172,0.000111600,true,1,15,108
D,SKY_CITADEL,173,0.000081400,true,1,9,45
D,SKY_CITADEL,174,0.000085400,true,1,10,46
D,SKY_CITADEL,175,0.000085100,true,1,10,55
D,SKY_CITADEL,176,0.000118600,true,1,19,175
D,SKY_CITADEL,177,0.000080900,true,1,9,45
D,SKY_CITADEL,178,0.000102700,true,1,16,102
D,SKY_CITADEL,179,0.000252900,true,3,49,183
D,SKY_CITADEL,180,0.000079100,true,1,9,45
D,SKY_CITADEL,181,0.000187400,true,2,27,153
D,SKY_CITADEL,182,0.000087500,true,1,11,51
D,SKY_CITADEL,183,0.000084300,true,1,10,47
D,SKY_CITADEL,184,0.000079300,true,1,9,45
D,SKY_CITADEL,185,0.000086600,true,1,11,54
D,SKY_CITADEL,186,0.000080100,true,1,9,45
D,SKY_CITADEL,187,0.000082200,true,1,10,48
D,SKY_CITADEL,188,0.000082600,true,1,9,45
D,SKY_CITADEL,189,0.000081900,true,1,9,45
D,SKY_CITADEL,190,0.000258100,true,2,49,237
D,SKY_CITADEL,191,0.000200400,true,2,28,181
D,SKY_CITADEL,192,0.000086600,true,1,10,55
D,SKY_CITADEL,193,0.000081500,true,1,9,45
D,SKY_CITADEL,194,0.000116300,true,1,17,153
D,SKY_CITADEL,195,0.000084200,true,1,9,45
D,SKY_CITADEL,196,0.000087600,true,1,10,55
D,SKY_CITADEL,197,0.000083600,true,1,10,50
D,SKY_CITADEL,198,0.000103900,true,1,14,95
D,SKY_CITADEL,199,0.000095300,true,1,13,91
D,SKY_CITADEL,200,0.000104500,true,1,13,91
D,SKY_CITADEL,201,0.000080400,true,1,9,45
D,SKY_CITADEL,202,0.000082500,true,1,10,48
D,SKY_CITADEL,203,0.000081100,true,1,9,45
D,SKY_CITADEL,204,0.000205400,true,2,37,148
D,SKY_CITADEL,205,0.000088400,true,1,10,55
D,SKY_CITADEL,206,0.000097500,true,1,14,91
D,SKY_CITADEL,207,0.000109400,true,1,17,138
D,SKY_CITADEL,208,0.000086700,true,1,11,56
D,SKY_CITADEL,209,0.000214100,true,2,37,145
D,SKY_CITADEL,210,0.000092600,true,1,10,51
D,SKY_CITADEL,211,0.000093000,true,1,10,55
D,SKY_CITADEL,212,0.000079600,true,1,9,45
D,SKY_CITADEL,213,0.000232200,true,2,36,266
D,SKY_CITADEL,214,0.000083800,true,1,9,45
D,SKY_CITADEL,215,0.000098200,true,1,14,92
D,SKY_CITADEL,216,0.000092300,true,1,12,78
D,SKY_CITADEL,217,0.000089400,true,1,11,58
D,SKY_CITADEL,218,0.000095300,true,1,14,84
D,SKY_CITADEL,219,0.000108700,true,1,17,102
D,SKY_CITADEL,220,0.000085900,true,1,9,45
D,SKY_CITADEL,221,0.000098700,true,1,13,91
D,SKY_CITADEL,222,0.000223600,true,2,37,332
D,SKY_CITADEL,223,0.000086200,true,1,10,46
D,SKY_CITADEL,224,0.000093100,true,1,9,45
D,SKY_CITADEL,225,0.000096700,true,1,9,45
D,SKY_CITADEL,226,0.000090400,true,1,9,45
D,SKY_CITADEL,227,0.000108000,true,1,10,46
D,SKY_CITADEL,228,0.000100400,true,1,10,55
D,SKY_CITADEL,229,0.000093600,true,1,10,55
D,SKY_CITADEL,230,0.000084400,true,1,9,45
D,SKY_CITADEL,231,0.000085300,true,1,9,45
D,SKY_CITADEL,232,0.000310300,true,3,65,217
D,SKY_CITADEL,233,0.000081900,true,1,9,45
D,SKY_CITADEL,234,0.000084900,true,1,11,54
D,SKY_CITADEL,235,0.000177900,true,2,40,193
D,SKY_CITADEL,236,0.000206500,true,2,35,246
D,SKY_CITADEL,237,0.000216400,true,1,15,120
D,SKY_CITADEL,238,0.000103000,true,1,11,60
D,SKY_CITADEL,239,0.000233900,true,2,39,275
D,SKY_CITADEL,240,0.000242600,true,2,38,256
D,SKY_CITADEL,241,0.000089100,true,1,10,51
D,SKY_CITADEL,242,0.000100300,true,1,14,93
D,SKY_CITADEL,243,0.000112800,true,1,17,153
D,SKY_CITADEL,244,0.000083300,true,1,9,45
D,SKY_CITADEL,245,0.000096200,true,1,12,78
D,SKY_CITADEL,246,0.000079100,true,1,9,45
D,SKY_CITADEL,247,0.000091100,true,1,12,78
D,SKY_CITADEL,248,0.000082500,true,1,9,45
D,SKY_CITADEL,249,0.000085700,true,1,11,51
D,SKY_CITADEL,250,0.000099500,true,1,12,78
D,SKY_CITADEL,251,0.000096500,true,1,12,78
D,SKY_CITADEL,252,0.000087500,true,1,10,55
D,SKY_CITADEL,253,0.000204800,true,2,28,223
D,SKY_CITADEL,254,0.000095800,true,1,13,85
D,SKY_CITADEL,255,0.000086200,true,1,11,54
D,SKY_CITADEL,256,0.000081700,true,1,9,45
D,SKY_CITADEL,257,0.000085200,true,1,10,55
D,SKY_CITADEL,258,0.000081400,true,1,9,45
D,SKY_CITADEL,259,0.000082400,true,1,10,52
D,SKY_CITADEL,260,0.000086900,true,1,11,56
D,SKY_CITADEL,261,0.000084400,true,1,10,50
D,SKY_CITADEL,262,0.000083900,true,1,10,52
D,SKY_CITADEL,263,0.000097200,true,1,13,91
D,SKY_CITADEL,264,0.000119600,true,1,20,191
D,SKY_CITADEL,265,0.000082700,true,1,9,45
D,SKY_CITADEL,266,0.000224800,true,2,45,157
D,SKY_CITADEL,267,0.000081700,true,1,9,45
D,SKY_CITADEL,268,0.000115900,true,1,18,154
D,SKY_CITADEL,269,0.000084700,true,1,10,51
D,SKY_CITADEL,270,0.000095400,true,1,11,62
D,SKY_CITADEL,271,0.000092900,true,1,12,78
D,SKY_CITADEL,272,0.000087800,true,1,11,49
D,SKY_CITADEL,273,0.000083100,true,1,9,45
D,SKY_CITADEL,274,0.000087300,true,1,10,55
D,SKY_CITADEL,275,0.000233200,true,2,41,183
D,SKY_CITADEL,276,0.000088800,true,1,10,55
D,SKY_CITADEL,277,0.000194900,true,2,24,138
D,SKY_CITADEL,278,0.000111000,true,1,13,91
D,SKY_CITADEL,279,0.000090900,true,1,12,56
D,SKY_CITADEL,280,0.000100400,true,1,13,91
D,SKY_CITADEL,281,0.000087000,true,1,9,45
D,SKY_CITADEL,282,0.000120400,true,1,18,157
D,SKY_CITADEL,283,0.000127800,true,1,19,175
D,SKY_CITADEL,284,0.000205600,true,2,29,228
D,SKY_CITADEL,285,0.000193400,true,2,42,210
D,SKY_CITADEL,286,0.000100700,true,1,14,105
D,SKY_CITADEL,287,0.000085100,true,1,10,52
D,SKY_CITADEL,288,0.000094400,true,1,12,78
D,SKY_CITADEL,289,0.000087200,true,1,10,55
D,SKY_CITADEL,290,0.000088600,true,1,10,49
D,SKY_CITADEL,291,0.000092100,true,1,11,61
D,SKY_CITADEL,292,0.000085800,true,1,10,47
D,SKY_CITADEL,293,0.000098000,true,1,13,91
D,SKY_CITADEL,294,0.000087200,true,1,11,53
D,SKY_CITADEL,295,0.000087800,true,1,9,45
D,SKY_CITADEL,296,0.000222000,true,2,34,179
D,SKY_CITADEL,297,0.000088600,true,1,10,55
D,SKY_CITADEL,298,0.000107800,true,1,14,105
D,SKY_CITADEL,299,0.000085400,true,1,9,45
D,SKY_CITADEL,300,0.000081900,true,1,9,45
D,SKY_CITADEL,301,0.000103000,true,1,13,91
D,SKY_CITADEL,302,0.000095700,true,1,10,55
D,SKY_CITADEL,303,0.000104900,true,1,14,84
D,SKY_CITADEL,304,0.000093200,true,1,11,53
D,SKY_CITADEL,305,0.000087100,true,1,10,46
D,SKY_CITADEL,306,0.000102000,true,1,14,105
D,SKY_CITADEL,307,0.000084100,true,1,9,45
D,SKY_CITADEL,308,0.000087000,true,1,9,45
D,SKY_CITADEL,309,0.000098100,true,1,14,81
D,SKY_CITADEL,310,0.000093900,true,1,9,45
D,SKY_CITADEL,311,0.000177600,true,1,9,45
D,SKY_CITADEL,312,0.000104600,true,1,13,84
D,SKY_CITADEL,313,0.000105300,true,1,13,64
D,SKY_CITADEL,314,0.000139500,true,1,18,171
D,SKY_CITADEL,315,0.000102300,true,1,10,52
D,SKY_CITADEL,316,0.000102700,true,1,11,54
D,SKY_CITADEL,317,0.000100400,true,1,9,45
D,SKY_CITADEL,318,0.000118000,true,1,13,91
D,SKY_CITADEL,319,0.000113400,true,1,10,51
D,SKY_CITADEL,320,0.000104100,true,1,10,55
D,SKY_CITADEL,321,0.000107200,true,1,12,78
D,SKY_CITADEL,322,0.000097100,true,1,11,54
D,SKY_CITADEL,323,0.000102500,true,1,9,45
D,SKY_CITADEL,324,0.000129400,true,1,17,127
D,SKY_CITADEL,325,0.000116400,true,1,15,109
D,SKY_CITADEL,326,0.000092000,true,1,10,48
D,SKY_CITADEL,327,0.000115200,true,1,15,120
D,SKY_CITADEL,328,0.000241900,true,2,33,257
D,SKY_CITADEL,329,0.000148200,true,1,18,171
D,SKY_CITADEL,330,0.000104300,true,1,9,45
D,SKY_CITADEL,331,0.000101700,true,1,13,85
D,SKY_CITADEL,332,0.000080400,true,1,9,45
D,SKY_CITADEL,333,0.000183900,true,2,25,161
D,SKY_CITADEL,334,0.000099600,true,1,10,55
D,SKY_CITADEL,335,0.000088400,true,1,9,45
D,SKY_CITADEL,336,0.000090500,true,1,10,49
D,SKY_CITADEL,337,0.000094500,true,1,11,61
D,SKY_CITADEL,338,0.000088100,true,1,9,45
D,SKY_CITADEL,339,0.000092900,true,1,10,48
D,SKY_CITADEL,340,0.000086200,true,1,11,53
D,SKY_CITADEL,341,0.000100300,true,1,13,81
D,SKY_CITADEL,342,0.000080900,true,1,9,45
D,SKY_CITADEL,343,0.000125900,true,1,12,78
D,SKY_CITADEL,344,0.000089900,true,1,10,55
D,SKY_CITADEL,345,0.000109800,true,1,16,124
D,SKY_CITADEL,346,0.000093400,true,1,13,83
D,SKY_CITADEL,347,0.000080800,true,1,9,45
D,SKY_CITADEL,348,0.000110600,true,1,13,91
D,SKY_CITADEL,349,0.000160200,true,1,17,153
D,SKY_CITADEL,350,0.000136500,true,1,15,96
D,SKY_CITADEL,351,0.000090400,true,1,10,47
D,SKY_CITADEL,352,0.000091700,true,1,9,45
D,SKY_CITADEL,353,0.000084300,true,1,9,45
D,SKY_CITADEL,354,0.000087000,true,1,11,49
D,SKY_CITADEL,355,0.000081300,true,1,9,45
D,SKY_CITADEL,356,0.000104700,true,1,13,81
D,SKY_CITADEL,357,0.000094000,true,1,9,45
D,SKY_CITADEL,358,0.000262700,true,2,48,187
D,SKY_CITADEL,359,0.000199300,true,2,38,84
D,SKY_CITADEL,360,0.000098100,true,1,9,45
D,SKY_CITADEL,361,0.000090200,true,1,9,45
D,SKY_CITADEL,362,0.000114000,true,1,11,54
D,SKY_CITADEL,363,0.000127800,true,1,9,45
D,SKY_CITADEL,364,0.000157900,true,1,10,47
D,SKY_CITADEL,365,0.000191100,true,1,10,52
D,SKY_CITADEL,366,0.000176300,true,1,10,55
D,SKY_CITADEL,367,0.000161900,true,1,10,50
D,SKY_CITADEL,368,0.000210000,true,1,18,147
D,SKY_CITADEL,369,0.000200400,true,1,13,91
D,SKY_CITADEL,370,0.000277100,true,1,18,171
D,SKY_CITADEL,371,0.000184900,true,1,10,48
D,SKY_CITADEL,372,0.000176800,true,1,10,55
D,SKY_CITADEL,373,0.000174300,true,1,13,91
D,SKY_CITADEL,374,0.000134400,true,1,17,153
D,SKY_CITADEL,375,0.000162000,true,1,20,177
D,SKY_CITADEL,376,0.000096200,true,1,9,45
D,SKY_CITADEL,377,0.000115900,true,1,17,140
D,SKY_CITADEL,378,0.000099700,true,1,13,83
D,SKY_CITADEL,379,0.000086800,true,1,9,45
D,SKY_CITADEL,380,0.000079700,true,1,9,45
D,SKY_CITADEL,381,0.000083800,true,1,10,55
D,SKY_CITADEL,382,0.000092700,true,1,12,78
D,SKY_CITADEL,383,0.000081000,true,1,9,45
D,SKY_CITADEL,384,0.000097500,true,1,12,78
D,SKY_CITADEL,385,0.000081100,true,1,9,45
D,SKY_CITADEL,386,0.000096600,true,1,14,88
D,SKY_CITADEL,387,0.000098200,true,1,13,91
D,SKY_CITADEL,388,0.000085900,true,1,11,51
D,SKY_CITADEL,389,0.000082700,true,1,10,50
D,SKY_CITADEL,390,0.000097400,true,1,13,84
D,SKY_CITADEL,391,0.000208200,true,2,33,246
D,SKY_CITADEL,392,0.000079700,true,1,9,45
D,SKY_CITADEL,393,0.000083700,true,1,10,52
D,SKY_CITADEL,394,0.000187400,true,2,20,104
D,SKY_CITADEL,395,0.000081800,true,1,10,46
D,SKY_CITADEL,396,0.000079900,true,1,9,45
D,SKY_CITADEL,397,0.000091200,true,1,12,78
D,SKY_CITADEL,398,0.000223000,true,2,36,265
D,SKY_CITADEL,399,0.000110300,true,1,15,99
D,SKY_CITADEL,400,0.000085700,true,1,9,45
D,SKY_CITADEL,401,0.000090200,true,1,11,58
D,SKY_CITADEL,402,0.000094200,true,1,12,78
D,SKY_CITADEL,403,0.000087800,true,1,11,51
D,SKY_CITADEL,404,0.000083800,true,1,10,55
D,SKY_CITADEL,405,0.000097600,true,1,13,91
D,SKY_CITADEL,406,0.000184700,true,2,25,132
D,SKY_CITADEL,407,0.000091900,true,1,10,55
D,SKY_CITADEL,408,0.000087600,true,1,9,45
D,SKY_CITADEL,409,0.000372800,true,1,11,53
D,SKY_CITADEL,410,0.000218800,true,1,14,95
D,SKY_CITADEL,411,0.000165900,true,1,9,45
D,SKY_CITADEL,412,0.000629300,true,2,29,161
D,SKY_CITADEL,413,0.000095600,true,1,9,45
D,SKY_CITADEL,414,0.000552000,true,2,34,251
D,SKY_CITADEL,415,0.000134400,true,1,18,171
D,SKY_CITADEL,416,0.000098800,true,1,11,58
D,SKY_CITADEL,417,0.000087300,true,1,10,55
D,SKY_CITADEL,418,0.000087700,true,1,10,52
D,SKY_CITADEL,419,0.000093900,true,1,12,78
D,SKY_CITADEL,420,0.000099300,true,1,12,78
D,SKY_CITADEL,421,0.000114600,true,1,17,142
D,SKY_CITADEL,422,0.000081800,true,1,9,45
D,SKY_CITADEL,423,0.000138400,true,1,23,258
D,SKY_CITADEL,424,0.000196000,true,2,41,155
D,SKY_CITADEL,425,0.000118300,true,1,10,47
D,SKY_CITADEL,426,0.000104800,true,1,10,55
D,SKY_CITADEL,427,0.000107600,true,1,13,91
D,SKY_CITADEL,428,0.000093500,true,1,10,51
D,SKY_CITADEL,429,0.000087700,true,1,10,55
D,SKY_CITADEL,430,0.000083300,true,1,9,45
D,SKY_CITADEL,431,0.000089700,true,1,12,56
D,SKY_CITADEL,432,0.000088100,true,1,10,50
D,SKY_CITADEL,433,0.000174600,true,2,41,107
D,SKY_CITADEL,434,0.000119000,true,1,19,190
D,SKY_CITADEL,435,0.000093600,true,1,12,78
D,SKY_CITADEL,436,0.000098500,true,1,14,93
D,SKY_CITADEL,437,0.000090300,true,1,12,78
D,SKY_CITADEL,438,0.000081600,true,1,9,45
D,SKY_CITADEL,439,0.000090500,true,1,10,55
D,SKY_CITADEL,440,0.000103800,true,1,14,92
D,SKY_CITADEL,441,0.000100500,true,1,15,109
D,SKY_CITADEL,442,0.000082700,true,1,9,45
D,SKY_CITADEL,443,0.000081800,true,1,10,52
D,SKY_CITADEL,444,0.000083300,true,1,10,46
D,SKY_CITADEL,445,0.000099900,true,1,14,105
D,SKY_CITADEL,446,0.000190800,true,2,28,163
D,SKY_CITADEL,447,0.000082200,true,1,9,45
D,SKY_CITADEL,448,0.000096100,true,1,11,48
D,SKY_CITADEL,449,0.000127500,true,1,10,47
D,SKY_CITADEL,450,0.000112300,true,1,13,91
D,SKY_CITADEL,451,0.000086100,true,1,10,55
D,SKY_CITADEL,452,0.000096100,true,1,13,83
D,SKY_CITADEL,453,0.000184900,true,2,42,107
D,SKY_CITADEL,454,0.000184200,true,1,20,197
D,SKY_CITADEL,455,0.000135900,true,1,17,153
D,SKY_CITADEL,456,0.000098400,true,1,10,51
D,SKY_CITADEL,457,0.000087600,true,1,9,45
D,SKY_CITADEL,458,0.000097600,true,1,12,78
D,SKY_CITADEL,459,0.000092700,true,1,12,61
D,SKY_CITADEL,460,0.000094500,true,1,12,78
D,SKY_CITADEL,461,0.000083100,true,1,9,45
D,SKY_CITADEL,462,0.000086900,true,1,10,55
D,SKY_CITADEL,463,0.000085500,true,1,10,48
D,SKY_CITADEL,464,0.000109300,true,1,17,153
D,SKY_CITADEL,465,0.000104300,true,1,15,120
D,SKY_CITADEL,466,0.000083700,true,1,10,55
D,SKY_CITADEL,467,0.000081200,true,1,9,45
D,SKY_CITADEL,468,0.000128600,true,1,18,171
D,SKY_CITADEL,469,0.000087500,true,1,9,45
D,SKY_CITADEL,470,0.000086700,true,1,10,55
D,SKY_CITADEL,471,0.000090600,true,1,10,52
D,SKY_CITADEL,472,0.000082400,true,1,9,45
D,SKY_CITADEL,473,0.000090300,true,1,12,53
D,SKY_CITADEL,474,0.000086600,true,1,11,56
D,SKY_CITADEL,475,0.000081000,true,1,9,45
D,SKY_CITADEL,476,0.000096400,true,1,13,91
D,SKY_CITADEL,477,0.000082600,true,1,9,45
D,SKY_CITADEL,478,0.000099600,true,1,14,94
D,SKY_CITADEL,479,0.000080000,true,1,9,45
D,SKY_CITADEL,480,0.000234300,true,2,38,207
D,SKY_CITADEL,481,0.000085500,true,1,10,55
D,SKY_CITADEL,482,0.000227600,true,2,39,288
D,SKY_CITADEL,483,0.000114400,true,1,15,120
D,SKY_CITADEL,484,0.000089100,true,1,12,58
D,SKY_CITADEL,485,0.000089400,true,1,10,46
D,SKY_CITADEL,486,0.000082900,true,1,9,45
D,SKY_CITADEL,487,0.000104700,true,1,15,110
D,SKY_CITADEL,488,0.000081200,true,1,9,45
D,SKY_CITADEL,489,0.000082600,true,1,10,46
D,SKY_CITADEL,490,0.000081100,true,1,9,45
D,SKY_CITADEL,491,0.000090400,true,1,10,49
D,SKY_CITADEL,492,0.000081000,true,1,9,45
D,SKY_CITADEL,493,0.000120900,true,1,19,146
D,SKY_CITADEL,494,0.000089300,true,1,11,59
D,SKY_CITADEL,495,0.000090200,true,1,11,52
D,SKY_CITADEL,496,0.000099000,true,1,14,96
D,SKY_CITADEL,497,0.000092700,true,1,12,78
D,SKY_CITADEL,498,0.000114600,true,1,17,153
D,SKY_CITADEL,499,0.000087700,true,1,11,59
D,SKY_CITADEL,500,0.000088100,true,1,9,45
D,SKY_CITADEL,501,0.000081500,true,1,9,45
D,SKY_CITADEL,502,0.000081000,true,1,9,45
D,SKY_CITADEL,503,0.000086700,true,1,10,55
D,SKY_CITADEL,504,0.000081200,true,1,9,45
D,SKY_CITADEL,505,0.000121700,true,1,17,153
D,SKY_CITADEL,506,0.000104800,true,1,13,91
D,SKY_CITADEL,507,0.000085300,true,1,10,55
D,SKY_CITADEL,508,0.000318400,true,3,71,285
D,SKY_CITADEL,509,0.000096900,true,1,12,78
D,SKY_CITADEL,510,0.000095900,true,1,12,78
D,SKY_CITADEL,511,0.000084500,true,1,9,45
D,SKY_CITADEL,512,0.000099400,true,1,13,83
D,SKY_CITADEL,513,0.000119000,true,1,18,171
D,SKY_CITADEL,514,0.000094000,true,1,10,49
D,SKY_CITADEL,515,0.000091600,true,1,11,58
D,SKY_CITADEL,516,0.000086500,true,1,10,50
D,SKY_CITADEL,517,0.000084500,true,1,9,45
D,SKY_CITADEL,518,0.000104500,true,1,15,120
D,SKY_CITADEL,519,0.000296200,true,3,68,125
D,SKY_CITADEL,520,0.000079600,true,1,9,45
D,SKY_CITADEL,521,0.000185400,true,2,25,128
D,SKY_CITADEL,522,0.000085000,true,1,9,45
D,SKY_CITADEL,523,0.000095700,true,1,12,61
D,SKY_CITADEL,524,0.000100200,true,1,13,91
D,SKY_CITADEL,525,0.000128300,true,1,9,45
D,SKY_CITADEL,526,0.000119100,true,1,10,55
D,SKY_CITADEL,527,0.000109600,true,1,12,78
D,SKY_CITADEL,528,0.000094400,true,1,9,45
D,SKY_CITADEL,529,0.000091000,true,1,10,55
D,SKY_CITADEL,530,0.000117200,true,1,17,127
D,SKY_CITADEL,531,0.000095500,true,1,9,45
D,SKY_CITADEL,532,0.000092500,true,1,9,45
D,SKY_CITADEL,533,0.000098100,true,1,12,78
D,SKY_CITADEL,534,0.000091300,true,1,10,46
D,SKY_CITADEL,535,0.000088800,true,1,10,55
D,SKY_CITADEL,536,0.000086900,true,1,9,45
D,SKY_CITADEL,537,0.000089600,true,1,10,51
D,SKY_CITADEL,538,0.000107100,true,1,12,51
D,SKY_CITADEL,539,0.000102900,true,1,9,45
D,SKY_CITADEL,540,0.000195800,true,1,13,91
D,SKY_CITADEL,541,0.000087300,true,1,10,55
D,SKY_CITADEL,542,0.000233900,true,2,28,196
D,SKY_CITADEL,543,0.000116900,true,1,13,91
D,SKY_CITADEL,544,0.000118000,true,1,14,105
D,SKY_CITADEL,545,0.000104800,true,1,13,68
D,SKY_CITADEL,546,0.000096300,true,1,10,49
D,SKY_CITADEL,547,0.000097700,true,1,10,55
D,SKY_CITADEL,548,0.000093500,true,1,10,55
D,SKY_CITADEL,549,0.000101100,true,1,12,78
D,SKY_CITADEL,550,0.000110400,true,1,12,78
D,SKY_CITADEL,551,0.000107600,true,1,12,78
D,SKY_CITADEL,552,0.000097100,true,1,11,61
D,SKY_CITADEL,553,0.000094200,true,1,10,48
D,SKY_CITADEL,554,0.000107600,true,1,13,91
D,SKY_CITADEL,555,0.000093400,true,1,9,45
D,SKY_CITADEL,556,0.000093600,true,1,9,45
D,SKY_CITADEL,557,0.000119100,true,1,15,120
D,SKY_CITADEL,558,0.000215900,true,2,38,89
D,SKY_CITADEL,559,0.000101200,true,1,14,96
D,SKY_CITADEL,560,0.000210400,true,2,36,175
D,SKY_CITADEL,561,0.000257600,true,2,40,332
D,SKY_CITADEL,562,0.000093400,true,1,9,45
D,SKY_CITADEL,563,0.000092200,true,1,9,45
D,SKY_CITADEL,564,0.000093100,true,1,10,49
D,SKY_CITADEL,565,0.000094900,true,1,10,51
D,SKY_CITADEL,566,0.000079600,true,1,9,45
D,SKY_CITADEL,567,0.000452000,true,4,89,423
D,SKY_CITADEL,568,0.000088400,true,1,11,53
D,SKY_CITADEL,569,0.000083500,true,1,10,47
D,SKY_CITADEL,570,0.000081300,true,1,10,48
D,SKY_CITADEL,571,0.000097100,true,1,10,55
D,SKY_CITADEL,572,0.000101900,true,1,12,78
D,SKY_CITADEL,573,0.000231700,true,2,39,114
D,SKY_CITADEL,574,0.000100700,true,1,13,91
D,SKY_CITADEL,575,0.000092800,true,1,11,56
D,SKY_CITADEL,576,0.000095000,true,1,11,62
D,SKY_CITADEL,577,0.000109600,true,1,13,91
D,SKY_CITADEL,578,0.000113100,true,1,14,94
D,SKY_CITADEL,579,0.000110000,true,1,12,63
D,SKY_CITADEL,580,0.000099800,true,1,10,50
D,SKY_CITADEL,581,0.000103800,true,1,9,45
D,SKY_CITADEL,582,0.000113500,true,1,13,80
D,SKY_CITADEL,583,0.000260000,true,2,39,362
D,SKY_CITADEL,584,0.000102700,true,1,9,45
D,SKY_CITADEL,585,0.000112400,true,1,11,58
D,SKY_CITADEL,586,0.000156000,true,1,12,78
D,SKY_CITADEL,587,0.000215900,true,1,12,78
D,SKY_CITADEL,588,0.000186500,true,1,10,55
D,SKY_CITADEL,589,0.000168500,true,1,9,45
D,SKY_CITADEL,590,0.000168100,true,1,9,45
D,SKY_CITADEL,591,0.000234300,true,1,14,98
D,SKY_CITADEL,592,0.000253900,true,1,13,91
D,SKY_CITADEL,593,0.000195300,true,1,11,60
D,SKY_CITADEL,594,0.000185600,true,1,9,45
D,SKY_CITADEL,595,0.000205400,true,1,13,91
D,SKY_CITADEL,596,0.000181600,true,1,11,54
D,SKY_CITADEL,597,0.000130100,true,1,10,55
D,SKY_CITADEL,598,0.000106400,true,1,9,45
D,SKY_CITADEL,599,0.000138200,true,1,13,91
D,SKY_CITADEL,600,0.000137900,true,1,16,123
D,SKY_CITADEL,601,0.000093200,true,1,9,45
D,SKY_CITADEL,602,0.000123900,true,1,18,171
D,SKY_CITADEL,603,0.000111800,true,1,16,136
D,SKY_CITADEL,604,0.000096600,true,1,12,78
D,SKY_CITADEL,605,0.000094700,true,1,12,78
D,SKY_CITADEL,606,0.000083600,true,1,10,47
D,SKY_CITADEL,607,0.000081600,true,1,9,45
D,SKY_CITADEL,608,0.000086900,true,1,10,55
D,SKY_CITADEL,609,0.000082300,true,1,9,45
D,SKY_CITADEL,610,0.000084700,true,1,10,49
D,SKY_CITADEL,611,0.000101400,true,1,13,91
D,SKY_CITADEL,612,0.000082600,true,1,9,45
D,SKY_CITADEL,613,0.000085100,true,1,9,45
D,SKY_CITADEL,614,0.000099200,true,1,14,105
D,SKY_CITADEL,615,0.000095000,true,1,13,91
D,SKY_CITADEL,616,0.000081800,true,1,9,45
D,SKY_CITADEL,617,0.000083800,true,1,10,47
D,SKY_CITADEL,618,0.000085300,true,1,9,45
D,SKY_CITADEL,619,0.000317000,true,2,36,255
D,SKY_CITADEL,620,0.000110700,true,1,13,79
D,SKY_CITADEL,621,0.000091600,true,1,10,51
D,SKY_CITADEL,622,0.000091000,true,1,11,57
D,SKY_CITADEL,623,0.000085800,true,1,10,50
D,SKY_CITADEL,624,0.000109200,true,1,15,96
D,SKY_CITADEL,625,0.000097800,true,1,12,78
D,SKY_CITADEL,626,0.000081000,true,1,9,45
D,SKY_CITADEL,627,0.000105900,true,1,9,45
D,SKY_CITADEL,628,0.000104900,true,1,11,49
D,SKY_CITADEL,629,0.000087400,true,1,9,45
D,SKY_CITADEL,630,0.000118500,true,1,18,140
D,SKY_CITADEL,631,0.000084600,true,1,9,45
D,SKY_CITADEL,632,0.000089900,true,1,9,45
D,SKY_CITADEL,633,0.000110700,true,1,15,120
D,SKY_CITADEL,634,0.000113800,true,1,13,91
D,SKY_CITADEL,635,0.000111600,true,1,14,105
D,SKY_CITADEL,636,0.000132600,true,1,19,190
D,SKY_CITADEL,637,0.000093200,true,1,9,45
D,SKY_CITADEL,638,0.000086500,true,1,10,55
D,SKY_CITADEL,639,0.000297800,true,2,33,280
D,SKY_CITADEL,640,0.000107800,true,1,12,78
D,SKY_CITADEL,641,0.000092100,true,1,10,47
D,SKY_CITADEL,642,0.000088000,true,1,10,55
D,SKY_CITADEL,643,0.000091600,true,1,11,60
D,SKY_CITADEL,644,0.000101400,true,1,14,89
D,SKY_CITADEL,645,0.000086500,true,1,10,48
D,SKY_CITADEL,646,0.000092000,true,1,12,78
D,SKY_CITADEL,647,0.000181200,true,2,24,138
D,SKY_CITADEL,648,0.000199500,true,2,40,124
D,SKY_CITADEL,649,0.000100700,true,1,14,96
D,SKY_CITADEL,650,0.000081500,true,1,9,45
D,SKY_CITADEL,651,0.000102100,true,1,14,95
D,SKY_CITADEL,652,0.000111200,true,1,16,108
D,SKY_CITADEL,653,0.000084400,true,1,9,45
D,SKY_CITADEL,654,0.000083800,true,1,10,47
D,SKY_CITADEL,655,0.000082200,true,1,9,45
D,SKY_CITADEL,656,0.000094500,true,1,13,91
D,SKY_CITADEL,657,0.000083000,true,1,9,45
D,SKY_CITADEL,658,0.000183500,true,2,41,200
D,SKY_CITADEL,659,0.000082900,true,1,9,45
D,SKY_CITADEL,660,0.000098300,true,1,14,84
D,SKY_CITADEL,661,0.000097400,true,1,14,92
D,SKY_CITADEL,662,0.000081800,true,1,9,45
D,SKY_CITADEL,663,0.000092700,true,1,12,78
D,SKY_CITADEL,664,0.000108900,true,1,16,136
D,SKY_CITADEL,665,0.000089500,true,1,12,57
D,SKY_CITADEL,666,0.000081700,true,1,9,45
D,SKY_CITADEL,667,0.000097300,true,1,13,91
D,SKY_CITADEL,668,0.000114600,true,1,14,98
D,SKY_CITADEL,669,0.000092100,true,1,11,56
D,SKY_CITADEL,670,0.000081700,true,1,9,45
D,SKY_CITADEL,671,0.000085100,true,1,9,45
D,SKY_CITADEL,672,0.000181800,true,2,43,115
D,SKY_CITADEL,673,0.000086400,true,1,10,46
D,SKY_CITADEL,674,0.000082900,true,1,10,51
D,SKY_CITADEL,675,0.000237200,true,2,42,120
D,SKY_CITADEL,676,0.000091900,true,1,12,78
D,SKY_CITADEL,677,0.000084600,true,1,10,51
D,SKY_CITADEL,678,0.000120600,true,1,20,180
D,SKY_CITADEL,679,0.000093900,true,1,12,78
D,SKY_CITADEL,680,0.000085200,true,1,9,45
D,SKY_CITADEL,681,0.000189200,true,2,40,98
D,SKY_CITADEL,682,0.000087200,true,1,9,45
D,SKY_CITADEL,683,0.000220700,true,2,35,234
D,SKY_CITADEL,684,0.000094500,true,1,9,45
D,SKY_CITADEL,685,0.000107500,true,1,13,91
D,SKY_CITADEL,686,0.000347900,true,3,70,193
D,SKY_CITADEL,687,0.000325000,true,2,38,198
D,SKY_CITADEL,688,0.000109000,true,1,13,91
D,SKY_CITADEL,689,0.000234900,true,2,35,258
D,SKY_CITADEL,690,0.000085400,true,1,10,48
D,SKY_CITADEL,691,0.000089500,true,1,10,47
D,SKY_CITADEL,692,0.000224300,true,2,29,196
D,SKY_CITADEL,693,0.000081400,true,1,9,45
D,SKY_CITADEL,694,0.000095400,true,1,12,78
D,SKY_CITADEL,695,0.000084600,true,1,10,55
D,SKY_CITADEL,696,0.000082100,true,1,9,45
D,SKY_CITADEL,697,0.000207700,true,2,33,182
D,SKY_CITADEL,698,0.000081200,true,1,9,45
D,SKY_CITADEL,699,0.000093700,true,1,11,62
D,SKY_CITADEL,700,0.000207500,true,2,29,195
D,SKY_CITADEL,701,0.000082400,true,1,9,45
D,SKY_CITADEL,702,0.000091300,true,1,11,52
D,SKY_CITADEL,703,0.000085400,true,1,9,45
D,SKY_CITADEL,704,0.000084300,true,1,9,45
D,SKY_CITADEL,705,0.000083900,true,1,10,51
D,SKY_CITADEL,706,0.000088100,true,1,10,46
D,SKY_CITADEL,707,0.000100800,true,1,15,98
D,SKY_CITADEL,708,0.000087800,true,1,10,50
D,SKY_CITADEL,709,0.000096000,true,1,13,91
D,SKY_CITADEL,710,0.000197800,true,2,34,125
D,SKY_CITADEL,711,0.000220800,true,2,29,219
D,SKY_CITADEL,712,0.000081000,true,1,9,45
D,SKY_CITADEL,713,0.000083400,true,1,10,55
D,SKY_CITADEL,714,0.000099300,true,1,14,85
D,SKY_CITADEL,715,0.000085700,true,1,11,50
D,SKY_CITADEL,716,0.000078400,true,1,9,45
D,SKY_CITADEL,717,0.000090800,true,1,12,78
D,SKY_CITADEL,718,0.000084400,true,1,10,46
D,SKY_CITADEL,719,0.000080000,true,1,9,45
D,SKY_CITADEL,720,0.000235300,true,2,34,277
D,SKY_CITADEL,721,0.000084000,true,1,9,45
D,SKY_CITADEL,722,0.000083600,true,1,10,48
D,SKY_CITADEL,723,0.000079200,true,1,9,45
D,SKY_CITADEL,724,0.000098200,true,1,13,81
D,SKY_CITADEL,725,0.000087500,true,1,10,55
D,SKY_CITADEL,726,0.000094500,true,1,13,91
D,SKY_CITADEL,727,0.000081400,true,1,9,45
D,SKY_CITADEL,728,0.000088100,true,1,11,59
D,SKY_CITADEL,729,0.000166200,true,2,20,95
D,SKY_CITADEL,730,0.000099900,true,1,15,120
D,SKY_CITADEL,731,0.000102400,true,1,15,120
D,SKY_CITADEL,732,0.000080700,true,1,9,45
D,SKY_CITADEL,733,0.000098300,true,1,14,90
D,SKY_CITADEL,734,0.000092600,true,1,12,78
D,SKY_CITADEL,735,0.000080500,true,1,9,45
D,SKY_CITADEL,736,0.000122000,true,1,11,61
D,SKY_CITADEL,737,0.000104200,true,1,9,45
D,SKY_CITADEL,738,0.000089800,true,1,9,45
D,SKY_CITADEL,739,0.000101600,true,1,13,80
D,SKY_CITADEL,740,0.000089100,true,1,10,55
D,SKY_CITADEL,741,0.000235700,true,2,41,135
D,SKY_CITADEL,742,0.000103100,true,1,14,105
D,SKY_CITADEL,743,0.000085500,true,1,9,45
D,SKY_CITADEL,744,0.000084200,true,1,9,45
D,SKY_CITADEL,745,0.000200400,true,2,44,134
D,SKY_CITADEL,746,0.000083100,true,1,9,45
D,SKY_CITADEL,747,0.000091900,true,1,10,49
D,SKY_CITADEL,748,0.000135500,true,1,14,105
D,SKY_CITADEL,749,0.000100900,true,1,10,55
D,SKY_CITADEL,750,0.000105800,true,1,11,51
D,SKY_CITADEL,751,0.000092800,true,1,11,56
D,SKY_CITADEL,752,0.000102700,true,1,13,81
D,SKY_CITADEL,753,0.000081800,true,1,9,45
D,SKY_CITADEL,754,0.000082200,true,1,9,45
D,SKY_CITADEL,755,0.000101100,true,1,11,56
D,SKY_CITADEL,756,0.000188800,true,2,19,89
D,SKY_CITADEL,757,0.000177200,true,1,9,45
D,SKY_CITADEL,758,0.000096700,true,1,13,84
D,SKY_CITADEL,759,0.000274000,true,2,47,192
D,SKY_CITADEL,760,0.000103800,true,1,11,62
D,SKY_CITADEL,761,0.000121900,true,1,15,101
D,SKY_CITADEL,762,0.000096500,true,1,10,55
D,SKY_CITADEL,763,0.000096600,true,1,9,45
D,SKY_CITADEL,764,0.000102100,true,1,10,52
D,SKY_CITADEL,765,0.000093900,true,1,10,49
D,SKY_CITADEL,766,0.000089000,true,1,9,45
D,SKY_CITADEL,767,0.000144200,true,1,20,193
D,SKY_CITADEL,768,0.000093000,true,1,9,45
D,SKY_CITADEL,769,0.000095100,true,1,9,45
D,SKY_CITADEL,770,0.000256200,true,2,31,220
D,SKY_CITADEL,771,0.000116000,true,1,14,95
D,SKY_CITADEL,772,0.000111900,true,1,12,78
D,SKY_CITADEL,773,0.000292400,true,2,22,129
D,SKY_CITADEL,774,0.000095600,true,1,12,78
D,SKY_CITADEL,775,0.000098000,true,1,13,85
D,SKY_CITADEL,776,0.000081300,true,1,9,45
D,SKY_CITADEL,777,0.000173200,true,2,41,107
D,SKY_CITADEL,778,0.000088100,true,1,9,45
D,SKY_CITADEL,779,0.000103400,true,1,13,81
D,SKY_CITADEL,780,0.000090300,true,1,9,45
D,SKY_CITADEL,781,0.000086400,true,1,9,45
D,SKY_CITADEL,782,0.000092300,true,1,10,48
D,SKY_CITADEL,783,0.000084800,true,1,10,51
D,SKY_CITADEL,784,0.000249200,true,2,43,283
D,SKY_CITADEL,785,0.000097100,true,1,13,91
D,SKY_CITADEL,786,0.000112400,true,1,17,130
D,SKY_CITADEL,787,0.000085300,true,1,10,47
D,SKY_CITADEL,788,0.000084200,true,1,10,49
D,SKY_CITADEL,789,0.000110000,true,1,14,98
D,SKY_CITADEL,790,0.000089100,true,1,9,45
D,SKY_CITADEL,791,0.000099200,true,1,9,45
D,SKY_CITADEL,792,0.000111100,true,1,11,56
D,SKY_CITADEL,793,0.000097800,true,1,12,78
D,SKY_CITADEL,794,0.000080600,true,1,9,45
D,SKY_CITADEL,795,0.000102300,true,1,13,91
D,SKY_CITADEL,796,0.000121500,true,1,17,137
D,SKY_CITADEL,797,0.000092100,true,1,11,51
D,SKY_CITADEL,798,0.000108800,true,1,13,91
D,SKY_CITADEL,799,0.000099800,true,1,10,48
D,SKY_CITADEL,800,0.000099000,true,1,10,46
D,SKY_CITADEL,801,0.000111400,true,1,13,91
D,SKY_CITADEL,802,0.000097800,true,1,10,55
D,SKY_CITADEL,803,0.000095000,true,1,9,45
D,SKY_CITADEL,804,0.000111300,true,1,14,92
D,SKY_CITADEL,805,0.000096400,true,1,9,45
D,SKY_CITADEL,806,0.000214200,true,1,17,143
D,SKY_CITADEL,807,0.000229100,true,1,9,45
D,SKY_CITADEL,808,0.000202800,true,1,10,55
D,SKY_CITADEL,809,0.000414300,true,2,33,235
D,SKY_CITADEL,810,0.000169200,true,1,10,55
D,SKY_CITADEL,811,0.000193900,true,1,12,59
D,SKY_CITADEL,812,0.000543100,true,3,50,170
D,SKY_CITADEL,813,0.000169600,true,1,10,50
D,SKY_CITADEL,814,0.000159900,true,1,13,60
D,SKY_CITADEL,815,0.000094100,true,1,9,45
D,SKY_CITADEL,816,0.000134600,true,1,17,153
D,SKY_CITADEL,817,0.000108800,true,1,11,61
D,SKY_CITADEL,818,0.000098600,true,1,10,55
D,SKY_CITADEL,819,0.000104500,true,1,9,45
D,SKY_CITADEL,820,0.000126800,true,1,20,193
D,SKY_CITADEL,821,0.000084600,true,1,9,45
D,SKY_CITADEL,822,0.000083100,true,1,9,45
D,SKY_CITADEL,823,0.000095800,true,1,13,91
D,SKY_CITADEL,824,0.000096900,true,1,13,91
D,SKY_CITADEL,825,0.000092400,true,1,12,78
D,SKY_CITADEL,826,0.000084300,true,1,10,55
D,SKY_CITADEL,827,0.000079700,true,1,9,45
D,SKY_CITADEL,828,0.000080300,true,1,9,45
D,SKY_CITADEL,829,0.000085400,true,1,11,51
D,SKY_CITADEL,830,0.000079800,true,1,9,45
D,SKY_CITADEL,831,0.000093200,true,1,12,78
D,SKY_CITADEL,832,0.000083600,true,1,10,55
D,SKY_CITADEL,833,0.000093300,true,1,12,78
D,SKY_CITADEL,834,0.000102800,true,1,15,120
D,SKY_CITADEL,835,0.000097400,true,1,14,84
D,SKY_CITADEL,836,0.000110400,true,1,9,45
D,SKY_CITADEL,837,0.000097900,true,1,13,91
D,SKY_CITADEL,838,0.000105100,true,1,13,91
D,SKY_CITADEL,839,0.000085400,true,1,11,57
D,SKY_CITADEL,840,0.000229700,true,2,45,239
D,SKY_CITADEL,841,0.000085400,true,1,10,46
D,SKY_CITADEL,842,0.000086800,true,1,11,57
D,SKY_CITADEL,843,0.000091500,true,1,9,45
D,SKY_CITADEL,844,0.000092200,true,1,12,78
D,SKY_CITADEL,845,0.000098100,true,1,12,61
D,SKY_CITADEL,846,0.000084500,true,1,10,48
D,SKY_CITADEL,847,0.000080900,true,1,9,45
D,SKY_CITADEL,848,0.000219000,true,2,36,284
D,SKY_CITADEL,849,0.000083000,true,1,10,46
D,SKY_CITADEL,850,0.000102600,true,1,15,120
D,SKY_CITADEL,851,0.000093800,true,1,12,78
D,SKY_CITADEL,852,0.000085900,true,1,11,56
D,SKY_CITADEL,853,0.000084800,true,1,9,45
D,SKY_CITADEL,854,0.000079700,true,1,9,45
D,SKY_CITADEL,855,0.000084500,true,1,9,45
D,SKY_CITADEL,856,0.000080800,true,1,10,50
D,SKY_CITADEL,857,0.000095400,true,1,14,95
D,SKY_CITADEL,858,0.000097600,true,1,13,91
D,SKY_CITADEL,859,0.000103100,true,1,16,109
D,SKY_CITADEL,860,0.000079300,true,1,9,45
D,SKY_CITADEL,861,0.000099500,true,1,13,91
D,SKY_CITADEL,862,0.000078700,true,1,9,45
D,SKY_CITADEL,863,0.000201200,true,2,32,226
D,SKY_CITADEL,864,0.000109500,true,1,10,52
D,SKY_CITADEL,865,0.000103300,true,1,15,120
D,SKY_CITADEL,866,0.000102900,true,1,13,91
D,SKY_CITADEL,867,0.000089400,true,1,12,63
D,SKY_CITADEL,868,0.000080900,true,1,9,45
D,SKY_CITADEL,869,0.000089900,true,1,12,78
D,SKY_CITADEL,870,0.000100900,true,1,12,67
D,SKY_CITADEL,871,0.000081400,true,1,9,45
D,SKY_CITADEL,872,0.000113900,true,1,10,47
D,SKY_CITADEL,873,0.000112600,true,1,10,52
D,SKY_CITADEL,874,0.000089400,true,1,10,48
D,SKY_CITADEL,875,0.000080100,true,1,9,45
D,SKY_CITADEL,876,0.000097200,true,1,13,91
D,SKY_CITADEL,877,0.000093200,true,1,10,50
D,SKY_CITADEL,878,0.000112000,true,1,15,109
D,SKY_CITADEL,879,0.000111300,true,1,15,120
D,SKY_CITADEL,880,0.000217800,true,2,30,231
D,SKY_CITADEL,881,0.000130300,true,1,18,171
D,SKY_CITADEL,882,0.000100000,true,1,11,62
D,SKY_CITADEL,883,0.000087800,true,1,10,47
D,SKY_CITADEL,884,0.000088200,true,1,10,49
D,SKY_CITADEL,885,0.000084300,true,1,9,45
D,SKY_CITADEL,886,0.000088100,true,1,10,46
D,SKY_CITADEL,887,0.000087800,true,1,10,55
D,SKY_CITADEL,888,0.000083900,true,1,9,45
D,SKY_CITADEL,889,0.000107100,true,1,14,94
D,SKY_CITADEL,890,0.000176000,true,2,41,98
D,SKY_CITADEL,891,0.000250600,true,3,50,241
D,SKY_CITADEL,892,0.000086700,true,1,11,61
D,SKY_CITADEL,893,0.000173700,true,2,37,81
D,SKY_CITADEL,894,0.000082400,true,1,10,46
D,SKY_CITADEL,895,0.000086400,true,1,11,57
D,SKY_CITADEL,896,0.000224600,true,2,45,190
D,SKY_CITADEL,897,0.000079900,true,1,9,45
D,SKY_CITADEL,898,0.000095100,true,1,13,83
D,SKY_CITADEL,899,0.000082800,true,1,10,50
D,SKY_CITADEL,900,0.000082200,true,1,9,45
D,SKY_CITADEL,901,0.000090100,true,1,12,78
D,SKY_CITADEL,902,0.000084500,true,1,10,49
D,SKY_CITADEL,903,0.000080800,true,1,9,45
D,SKY_CITADEL,904,0.000117000,true,1,19,174
D,SKY_CITADEL,905,0.000093100,true,1,12,78
D,SKY_CITADEL,906,0.000093100,true,1,12,78
D,SKY_CITADEL,907,0.000092800,true,1,12,78
D,SKY_CITADEL,908,0.000103100,true,1,15,120
D,SKY_CITADEL,909,0.000082000,true,1,9,45
D,SKY_CITADEL,910,0.000096800,true,1,13,91
D,SKY_CITADEL,911,0.000082100,true,1,9,45
D,SKY_CITADEL,912,0.000081600,true,1,9,45
D,SKY_CITADEL,913,0.000079500,true,1,9,45
D,SKY_CITADEL,914,0.000097300,true,1,13,91
D,SKY_CITADEL,915,0.000085000,true,1,10,55
D,SKY_CITADEL,916,0.000087200,true,1,10,49
D,SKY_CITADEL,917,0.000083700,true,1,10,52
D,SKY_CITADEL,918,0.000208600,true,2,36,273
D,SKY_CITADEL,919,0.000086900,true,1,11,58
D,SKY_CITADEL,920,0.000090000,true,1,13,59
D,SKY_CITADEL,921,0.000097800,true,1,14,94
D,SKY_CITADEL,922,0.000090900,true,1,12,78
D,SKY_CITADEL,923,0.000195800,true,2,26,168
D,SKY_CITADEL,924,0.000084200,true,1,10,55
D,SKY_CITADEL,925,0.000089700,true,1,10,49
D,SKY_CITADEL,926,0.000093800,true,1,13,85
D,SKY_CITADEL,927,0.000087000,true,1,9,45
D,SKY_CITADEL,928,0.000083000,true,1,9,45
D,SKY_CITADEL,929,0.000112400,true,1,17,153
D,SKY_CITADEL,930,0.000283300,true,2,38,184
D,SKY_CITADEL,931,0.000086100,true,1,10,46
D,SKY_CITADEL,932,0.000096400,true,1,13,91
D,SKY_CITADEL,933,0.000085000,true,1,10,55
D,SKY_CITADEL,934,0.000087200,true,1,10,49
D,SKY_CITADEL,935,0.000083700,true,1,10,46
D,SKY_CITADEL,936,0.000084300,true,1,10,48
D,SKY_CITADEL,937,0.000082400,true,1,9,45
D,SKY_CITADEL,938,0.000090400,true,1,12,78
D,SKY_CITADEL,939,0.000102500,true,1,15,106
D,SKY_CITADEL,940,0.000081600,true,1,9,45
D,SKY_CITADEL,941,0.000081700,true,1,10,50
D,SKY_CITADEL,942,0.000114200,true,1,18,157
D,SKY_CITADEL,943,0.000216600,true,2,37,260
D,SKY_CITADEL,944,0.000103900,true,1,15,92
D,SKY_CITADEL,945,0.000088400,true,1,10,52
D,SKY_CITADEL,946,0.000078900,true,1,9,45
D,SKY_CITADEL,947,0.000078600,true,1,9,45
D,SKY_CITADEL,948,0.000086600,true,1,11,57
D,SKY_CITADEL,949,0.000082500,true,1,10,55
D,SKY_CITADEL,950,0.000081800,true,1,9,45
D,SKY_CITADEL,951,0.000097600,true,1,14,84
D,SKY_CITADEL,952,0.000082200,true,1,9,45
D,SKY_CITADEL,953,0.000227700,true,2,38,171
D,SKY_CITADEL,954,0.000101200,true,1,14,105
D,SKY_CITADEL,955,0.000203600,true,2,32,234
D,SKY_CITADEL,956,0.000082300,true,1,9,45
D,SKY_CITADEL,957,0.000236800,true,2,39,240
D,SKY_CITADEL,958,0.000082000,true,1,9,45
D,SKY_CITADEL,959,0.000099800,true,1,14,98
D,SKY_CITADEL,960,0.000091800,true,1,12,78
D,SKY_CITADEL,961,0.000081400,true,1,9,45
D,SKY_CITADEL,962,0.000090200,true,1,12,78
D,SKY_CITADEL,963,0.000083400,true,1,10,50
D,SKY_CITADEL,964,0.000115400,true,1,9,45
D,SKY_CITADEL,965,0.000126800,true,1,15,120
D,SKY_CITADEL,966,0.000113300,true,1,13,81
D,SKY_CITADEL,967,0.000085300,true,1,9,45
D,SKY_CITADEL,968,0.000087400,true,1,10,47
D,SKY_CITADEL,969,0.000085500,true,1,10,55
D,SKY_CITADEL,970,0.000103900,true,1,14,91
D,SKY_CITADEL,971,0.000084700,true,1,10,55
D,SKY_CITADEL,972,0.000083300,true,1,9,45
D,SKY_CITADEL,973,0.000089600,true,1,10,52
D,SKY_CITADEL,974,0.000086700,true,1,9,45
D,SKY_CITADEL,975,0.000095100,true,1,9,45
D,SKY_CITADEL,976,0.000098200,true,1,11,51
D,SKY_CITADEL,977,0.000378500,true,2,42,140
D,SKY_CITADEL,978,0.000104600,true,1,9,45
D,SKY_CITADEL,979,0.000125300,true,1,13,84
D,SKY_CITADEL,980,0.000106200,true,1,10,46
D,SKY_CITADEL,981,0.000117500,true,1,11,49
D,SKY_CITADEL,982,0.000108700,true,1,12,78
D,SKY_CITADEL,983,0.000099100,true,1,9,45
D,SKY_CITADEL,984,0.000109300,true,1,11,50
D,SKY_CITADEL,985,0.000132000,true,1,17,153
D,SKY_CITADEL,986,0.000267300,true,2,40,105
D,SKY_CITADEL,987,0.000101900,true,1,10,55
D,SKY_CITADEL,988,0.000110100,true,1,13,91
D,SKY_CITADEL,989,0.000162900,true,1,11,56
D,SKY_CITADEL,990,0.000131300,true,1,14,98
D,SKY_CITADEL,991,0.000103800,true,1,10,55
D,SKY_CITADEL,992,0.000110000,true,1,10,47
D,SKY_CITADEL,993,0.000094500,true,1,9,45
D,SKY_CITADEL,994,0.000140100,true,1,17,153
D,SKY_CITADEL,995,0.000083100,true,1,9,45
D,SKY_CITADEL,996,0.000185500,true,2,25,137
D,SKY_CITADEL,997,0.000089900,true,1,10,55
D,SKY_CITADEL,998,0.000086800,true,1,11,61
D,SKY_CITADEL,999,0.000084800,true,1,10,55
D,SKY_CITADEL,1000,0.000099800,true,1,12,78
D,ETHEREAL_SCAPE,1,0.000208700,true,1,10,672
D,ETHEREAL_SCAPE,2,0.000171600,true,1,10,738
D,ETHEREAL_SCAPE,3,0.000249100,true,1,15,1101
D,ETHEREAL_SCAPE,4,0.000182600,true,1,10,758
D,ETHEREAL_SCAPE,5,0.000191700,true,1,9,768
D,ETHEREAL_SCAPE,6,0.000308400,true,2,21,819
D,ETHEREAL_SCAPE,7,0.000227800,true,1,14,999
D,ETHEREAL_SCAPE,8,0.000377400,true,2,29,951
D,ETHEREAL_SCAPE,9,0.000198500,true,1,9,804
D,ETHEREAL_SCAPE,10,0.000203200,true,1,9,721
D,ETHEREAL_SCAPE,11,0.000562300,true,2,29,1007
D,ETHEREAL_SCAPE,12,0.000551300,true,2,19,805
D,ETHEREAL_SCAPE,13,0.000424000,true,1,9,802
D,ETHEREAL_SCAPE,14,0.000428100,true,1,13,1019
D,ETHEREAL_SCAPE,15,0.000405600,true,2,26,1214
D,ETHEREAL_SCAPE,16,0.000186200,true,1,10,820
D,ETHEREAL_SCAPE,17,0.000239600,true,1,13,989
D,ETHEREAL_SCAPE,18,0.000288800,true,2,22,933
D,ETHEREAL_SCAPE,19,0.000210800,true,1,9,755
D,ETHEREAL_SCAPE,20,0.000187100,true,1,9,776
D,ETHEREAL_SCAPE,21,0.000273900,true,2,22,835
D,ETHEREAL_SCAPE,22,0.000298200,true,2,41,904
D,ETHEREAL_SCAPE,23,0.000189100,true,1,11,778
D,ETHEREAL_SCAPE,24,0.000207300,true,1,12,929
D,ETHEREAL_SCAPE,25,0.000196300,true,1,11,671
D,ETHEREAL_SCAPE,26,0.000224700,true,1,12,1049
D,ETHEREAL_SCAPE,27,0.000172900,true,1,10,648
D,ETHEREAL_SCAPE,28,0.000184000,true,1,10,779
D,ETHEREAL_SCAPE,29,0.000218700,true,1,9,915
D,ETHEREAL_SCAPE,30,0.000236100,true,1,14,914
D,ETHEREAL_SCAPE,31,0.000438200,true,3,40,977
D,ETHEREAL_SCAPE,32,0.000190800,true,1,9,760
D,ETHEREAL_SCAPE,33,0.000201900,true,1,9,806
D,ETHEREAL_SCAPE,34,0.000213200,true,1,10,901
D,ETHEREAL_SCAPE,35,0.000553700,true,2,30,934
D,ETHEREAL_SCAPE,36,0.000404700,true,1,9,826
D,ETHEREAL_SCAPE,37,0.000235200,true,1,9,798
D,ETHEREAL_SCAPE,38,0.000401700,true,2,27,856
D,ETHEREAL_SCAPE,39,0.000390500,true,1,10,691
D,ETHEREAL_SCAPE,40,0.000526000,true,2,23,780
D,ETHEREAL_SCAPE,41,0.000220200,true,1,10,769
D,ETHEREAL_SCAPE,42,0.000193100,true,1,11,837
D,ETHEREAL_SCAPE,43,0.000204900,true,1,10,774
D,ETHEREAL_SCAPE,44,0.000410500,true,3,59,1017
D,ETHEREAL_SCAPE,45,0.000182000,true,1,10,756
D,ETHEREAL_SCAPE,46,0.000196800,true,1,11,810
D,ETHEREAL_SCAPE,47,0.000183500,true,1,10,778
D,ETHEREAL_SCAPE,48,0.000303300,true,2,28,852
D,ETHEREAL_SCAPE,49,0.000180900,true,1,9,826
D,ETHEREAL_SCAPE,50,0.000172300,true,1,9,805
D,ETHEREAL_SCAPE,51,0.000250500,true,2,15,792
D,ETHEREAL_SCAPE,52,0.000181500,true,1,9,766
D,ETHEREAL_SCAPE,53,0.000196800,true,1,10,836
D,ETHEREAL_SCAPE,54,0.000270900,true,2,37,781
D,ETHEREAL_SCAPE,55,0.000176300,true,1,12,793
D,ETHEREAL_SCAPE,56,0.000350300,true,2,44,1188
D,ETHEREAL_SCAPE,57,0.000253100,true,2,15,778
D,ETHEREAL_SCAPE,58,0.000184600,true,1,9,817
D,ETHEREAL_SCAPE,59,0.000225600,true,1,14,1032
D,ETHEREAL_SCAPE,60,0.000179400,true,1,9,747
D,ETHEREAL_SCAPE,61,0.000195300,true,1,10,777
D,ETHEREAL_SCAPE,62,0.000274600,true,2,24,828
D,ETHEREAL_SCAPE,63,0.000181000,true,1,11,868
D,ETHEREAL_SCAPE,64,0.000199100,true,1,10,757
D,ETHEREAL_SCAPE,65,0.000190000,true,1,10,779
D,ETHEREAL_SCAPE,66,0.000207200,true,1,9,870
D,ETHEREAL_SCAPE,67,0.000241400,true,1,12,1105
D,ETHEREAL_SCAPE,68,0.000225600,true,1,11,757
D,ETHEREAL_SCAPE,69,0.000210200,true,1,10,827
D,ETHEREAL_SCAPE,70,0.000270800,true,2,40,774
D,ETHEREAL_SCAPE,71,0.000242500,true,1,12,975
D,ETHEREAL_SCAPE,72,0.000222900,true,1,14,893
D,ETHEREAL_SCAPE,73,0.000186800,true,1,9,826
D,ETHEREAL_SCAPE,74,0.000455400,true,2,23,877
D,ETHEREAL_SCAPE,75,0.000198700,true,1,10,780
D,ETHEREAL_SCAPE,76,0.000199500,true,1,13,793
D,ETHEREAL_SCAPE,77,0.000179000,true,1,9,764
D,ETHEREAL_SCAPE,78,0.000180900,true,1,11,830
D,ETHEREAL_SCAPE,79,0.000200600,true,1,9,674
D,ETHEREAL_SCAPE,80,0.000224900,true,1,12,834
D,ETHEREAL_SCAPE,81,0.000203000,true,1,9,702
D,ETHEREAL_SCAPE,82,0.000194600,true,1,9,755
D,ETHEREAL_SCAPE,83,0.000293700,true,2,23,818
D,ETHEREAL_SCAPE,84,0.000512100,true,3,45,983
D,ETHEREAL_SCAPE,85,0.000225100,true,1,9,826
D,ETHEREAL_SCAPE,86,0.000267400,true,1,12,985
D,ETHEREAL_SCAPE,87,0.000344800,true,2,45,907
D,ETHEREAL_SCAPE,88,0.000202800,true,1,10,848
D,ETHEREAL_SCAPE,89,0.000187700,true,1,9,776
D,ETHEREAL_SCAPE,90,0.000191300,true,1,9,789
D,ETHEREAL_SCAPE,91,0.000326900,true,2,33,877
D,ETHEREAL_SCAPE,92,0.000190300,true,1,10,794
D,ETHEREAL_SCAPE,93,0.000554000,true,4,73,1215
D,ETHEREAL_SCAPE,94,0.000175000,true,1,9,751
D,ETHEREAL_SCAPE,95,0.000199600,true,1,9,871
D,ETHEREAL_SCAPE,96,0.000300100,true,2,19,857
D,ETHEREAL_SCAPE,97,0.000198600,true,1,9,807
D,ETHEREAL_SCAPE,98,0.000206700,true,1,9,768
D,ETHEREAL_SCAPE,99,0.000422500,true,1,10,830
D,ETHEREAL_SCAPE,100,0.000497800,true,1,13,1090
D,ETHEREAL_SCAPE,101,0.000342400,true,1,9,762
D,ETHEREAL_SCAPE,102,0.000453300,true,1,13,988
D,ETHEREAL_SCAPE,103,0.000361800,true,1,12,994
D,ETHEREAL_SCAPE,104,0.000248400,true,1,13,861
D,ETHEREAL_SCAPE,105,0.000183000,true,1,9,826
D,ETHEREAL_SCAPE,106,0.000196900,true,1,11,830
D,ETHEREAL_SCAPE,107,0.000187900,true,1,12,825
D,ETHEREAL_SCAPE,108,0.000411700,true,3,60,944
D,ETHEREAL_SCAPE,109,0.000177400,true,1,10,729
D,ETHEREAL_SCAPE,110,0.000170800,true,1,9,755
D,ETHEREAL_SCAPE,111,0.000194400,true,1,9,876
D,ETHEREAL_SCAPE,112,0.000202900,true,1,13,951
D,ETHEREAL_SCAPE,113,0.000182500,true,1,9,818
D,ETHEREAL_SCAPE,114,0.000399900,true,2,77,1211
D,ETHEREAL_SCAPE,115,0.000331900,true,2,34,998
D,ETHEREAL_SCAPE,116,0.000173300,true,1,10,762
D,ETHEREAL_SCAPE,117,0.000203400,true,1,13,854
D,ETHEREAL_SCAPE,118,0.000320200,true,2,27,809
D,ETHEREAL_SCAPE,119,0.000189900,true,1,9,820
D,ETHEREAL_SCAPE,120,0.000178600,true,1,9,826
D,ETHEREAL_SCAPE,121,0.000603200,true,5,77,1274
D,ETHEREAL_SCAPE,122,0.000195700,true,1,11,767
D,ETHEREAL_SCAPE,123,0.000194300,true,1,9,812
D,ETHEREAL_SCAPE,124,0.000173600,true,1,10,726
D,ETHEREAL_SCAPE,125,0.000195900,true,1,10,794
D,ETHEREAL_SCAPE,126,0.000174200,true,1,9,755
D,ETHEREAL_SCAPE,127,0.000181000,true,1,9,769
D,ETHEREAL_SCAPE,128,0.000171700,true,1,9,805
D,ETHEREAL_SCAPE,129,0.000306200,true,2,39,937
D,ETHEREAL_SCAPE,130,0.000184000,true,1,10,820
D,ETHEREAL_SCAPE,131,0.000332400,true,2,42,1150
D,ETHEREAL_SCAPE,132,0.000192400,true,1,9,823
D,ETHEREAL_SCAPE,133,0.000184900,true,1,11,778
D,ETHEREAL_SCAPE,134,0.000172400,true,1,9,776
D,ETHEREAL_SCAPE,135,0.000178200,true,1,9,755
D,ETHEREAL_SCAPE,136,0.000339900,true,2,53,1042
D,ETHEREAL_SCAPE,137,0.000276100,true,2,24,811
D,ETHEREAL_SCAPE,138,0.000271000,true,2,25,819
D,ETHEREAL_SCAPE,139,0.000301100,true,2,45,815
D,ETHEREAL_SCAPE,140,0.000173900,true,1,9,769
D,ETHEREAL_SCAPE,141,0.000174100,true,1,9,760
D,ETHEREAL_SCAPE,142,0.000171300,true,1,9,751
D,ETHEREAL_SCAPE,143,0.000183100,true,1,9,807
D,ETHEREAL_SCAPE,144,0.000213000,true,1,13,1020
D,ETHEREAL_SCAPE,145,0.000332100,true,2,48,1082
D,ETHEREAL_SCAPE,146,0.000335600,true,2,49,954
D,ETHEREAL_SCAPE,147,0.000191000,true,1,9,790
D,ETHEREAL_SCAPE,148,0.000190900,true,1,10,795
D,ETHEREAL_SCAPE,149,0.000354600,true,2,53,1209
D,ETHEREAL_SCAPE,150,0.000183300,true,1,9,826
D,ETHEREAL_SCAPE,151,0.000179100,true,1,9,747
D,ETHEREAL_SCAPE,152,0.000180200,true,1,10,752
D,ETHEREAL_SCAPE,153,0.000179500,true,1,11,768
D,ETHEREAL_SCAPE,154,0.000173000,true,1,9,781
D,ETHEREAL_SCAPE,155,0.000170300,true,1,9,772
D,ETHEREAL_SCAPE,156,0.000192500,true,1,9,876
D,ETHEREAL_SCAPE,157,0.000178700,true,1,9,775
D,ETHEREAL_SCAPE,158,0.000171800,true,1,9,684
D,ETHEREAL_SCAPE,159,0.000187600,true,1,11,754
D,ETHEREAL_SCAPE,160,0.000182200,true,1,10,816
D,ETHEREAL_SCAPE,161,0.000366200,true,3,37,938
D,ETHEREAL_SCAPE,162,0.000167600,true,1,11,730
D,ETHEREAL_SCAPE,163,0.000333600,true,2,51,1111
D,ETHEREAL_SCAPE,164,0.000181800,true,1,9,820
D,ETHEREAL_SCAPE,165,0.000361700,true,2,25,970
D,ETHEREAL_SCAPE,166,0.000466700,true,3,63,1030
D,ETHEREAL_SCAPE,167,0.000219500,true,1,10,756
D,ETHEREAL_SCAPE,168,0.000378900,true,1,9,793
D,ETHEREAL_SCAPE,169,0.000460700,true,1,9,826
D,ETHEREAL_SCAPE,170,0.000314200,true,1,9,776
D,ETHEREAL_SCAPE,171,0.000462200,true,2,20,879
D,ETHEREAL_SCAPE,172,0.000287700,true,1,13,990
D,ETHEREAL_SCAPE,173,0.000232800,true,1,9,819
D,ETHEREAL_SCAPE,174,0.000342100,true,2,21,851
D,ETHEREAL_SCAPE,175,0.000226700,true,1,15,905
D,ETHEREAL_SCAPE,176,0.000189400,true,1,10,775
D,ETHEREAL_SCAPE,177,0.000198400,true,1,9,826
D,ETHEREAL_SCAPE,178,0.000234600,true,1,12,977
D,ETHEREAL_SCAPE,179,0.000189100,true,1,9,751
D,ETHEREAL_SCAPE,180,0.000181700,true,1,9,755
D,ETHEREAL_SCAPE,181,0.000203100,true,1,10,781
D,ETHEREAL_SCAPE,182,0.000223300,true,1,10,827
D,ETHEREAL_SCAPE,183,0.000390400,true,3,51,848
D,ETHEREAL_SCAPE,184,0.000189100,true,1,9,755
D,ETHEREAL_SCAPE,185,0.000230400,true,1,11,782
D,ETHEREAL_SCAPE,186,0.000372300,true,2,29,1213
D,ETHEREAL_SCAPE,187,0.000343800,true,1,9,755
D,ETHEREAL_SCAPE,188,0.000405900,true,1,9,755
D,ETHEREAL_SCAPE,189,0.000359000,true,1,10,749
D,ETHEREAL_SCAPE,190,0.000444800,true,1,13,983
D,ETHEREAL_SCAPE,191,0.000535600,true,2,28,873
D,ETHEREAL_SCAPE,192,0.000351100,true,2,36,783
D,ETHEREAL_SCAPE,193,0.000206500,true,1,12,977
D,ETHEREAL_SCAPE,194,0.000195600,true,1,13,890
D,ETHEREAL_SCAPE,195,0.000203300,true,1,12,964
D,ETHEREAL_SCAPE,196,0.000189800,true,1,11,788
D,ETHEREAL_SCAPE,197,0.000196600,true,1,10,900
D,ETHEREAL_SCAPE,198,0.000181300,true,1,13,770
D,ETHEREAL_SCAPE,199,0.000172200,true,1,9,774
D,ETHEREAL_SCAPE,200,0.000186100,true,1,12,780
D,ETHEREAL_SCAPE,201,0.000178400,true,1,9,818
D,ETHEREAL_SCAPE,202,0.000186300,true,1,9,832
D,ETHEREAL_SCAPE,203,0.000170400,true,1,10,675
D,ETHEREAL_SCAPE,204,0.000173500,true,1,9,755
D,ETHEREAL_SCAPE,205,0.000186900,true,1,11,793
D,ETHEREAL_SCAPE,206,0.000270100,true,2,24,798
D,ETHEREAL_SCAPE,207,0.000294000,true,2,27,851
D,ETHEREAL_SCAPE,208,0.000196000,true,1,12,900
D,ETHEREAL_SCAPE,209,0.000294600,true,2,30,913
D,ETHEREAL_SCAPE,210,0.000193900,true,1,9,826
D,ETHEREAL_SCAPE,211,0.000187200,true,1,10,778
D,ETHEREAL_SCAPE,212,0.000178400,true,1,9,732
D,ETHEREAL_SCAPE,213,0.000208900,true,1,13,930
D,ETHEREAL_SCAPE,214,0.000175300,true,1,9,784
D,ETHEREAL_SCAPE,215,0.000167400,true,1,10,765
D,ETHEREAL_SCAPE,216,0.000189400,true,1,12,814
D,ETHEREAL_SCAPE,217,0.000176800,true,1,9,776
D,ETHEREAL_SCAPE,218,0.000288300,true,2,28,996
D,ETHEREAL_SCAPE,219,0.000189300,true,1,10,784
D,ETHEREAL_SCAPE,220,0.000185900,true,1,11,778
D,ETHEREAL_SCAPE,221,0.000195000,true,1,10,866
D,ETHEREAL_SCAPE,222,0.000180100,true,1,10,851
D,ETHEREAL_SCAPE,223,0.000210200,true,1,12,915
D,ETHEREAL_SCAPE,224,0.000303900,true,2,30,1044
D,ETHEREAL_SCAPE,225,0.000206000,true,1,12,929
D,ETHEREAL_SCAPE,226,0.000180500,true,1,10,808
D,ETHEREAL_SCAPE,227,0.000304000,true,2,41,970
D,ETHEREAL_SCAPE,228,0.000426400,true,3,45,995
D,ETHEREAL_SCAPE,229,0.000183600,true,1,9,789
D,ETHEREAL_SCAPE,230,0.000519300,true,4,94,1073
D,ETHEREAL_SCAPE,231,0.000181300,true,1,10,779
D,ETHEREAL_SCAPE,232,0.000541800,true,2,19,864
D,ETHEREAL_SCAPE,233,0.000289600,true,1,10,758
D,ETHEREAL_SCAPE,234,0.000199900,true,1,9,792
D,ETHEREAL_SCAPE,235,0.000214600,true,1,15,956
D,ETHEREAL_SCAPE,236,0.000235300,true,1,15,937
D,ETHEREAL_SCAPE,237,0.000337400,true,2,33,818
D,ETHEREAL_SCAPE,238,0.000189100,true,1,10,810
D,ETHEREAL_SCAPE,239,0.000190300,true,1,13,831
D,ETHEREAL_SCAPE,240,0.000239300,true,1,14,1076
D,ETHEREAL_SCAPE,241,0.000191300,true,1,9,811
D,ETHEREAL_SCAPE,242,0.000183600,true,1,9,817
D,ETHEREAL_SCAPE,243,0.000400400,true,3,45,984
D,ETHEREAL_SCAPE,244,0.000210500,true,1,12,814
D,ETHEREAL_SCAPE,245,0.000177700,true,1,9,755
D,ETHEREAL_SCAPE,246,0.000176100,true,1,10,754
D,ETHEREAL_SCAPE,247,0.000183100,true,1,9,826
D,ETHEREAL_SCAPE,248,0.000185600,true,1,9,680
D,ETHEREAL_SCAPE,249,0.000177100,true,1,9,776
D,ETHEREAL_SCAPE,250,0.000292700,true,2,38,848
D,ETHEREAL_SCAPE,251,0.000402200,true,2,37,825
D,ETHEREAL_SCAPE,252,0.000210500,true,1,9,747
D,ETHEREAL_SCAPE,253,0.000397700,true,2,72,987
D,ETHEREAL_SCAPE,254,0.000219700,true,1,9,823
D,ETHEREAL_SCAPE,255,0.000251500,true,1,9,825
D,ETHEREAL_SCAPE,256,0.000438700,true,2,24,868
D,ETHEREAL_SCAPE,257,0.000224700,true,1,10,687
D,ETHEREAL_SCAPE,258,0.000262400,true,1,11,952
D,ETHEREAL_SCAPE,259,0.000335200,true,2,18,827
D,ETHEREAL_SCAPE,260,0.000197500,true,1,12,815
D,ETHEREAL_SCAPE,261,0.000325900,true,2,29,830
D,ETHEREAL_SCAPE,262,0.000275900,true,2,18,958
D,ETHEREAL_SCAPE,263,0.000185200,true,1,9,805
D,ETHEREAL_SCAPE,264,0.000286500,true,2,31,959
D,ETHEREAL_SCAPE,265,0.000215900,true,1,9,818
D,ETHEREAL_SCAPE,266,0.000212200,true,1,11,837
D,ETHEREAL_SCAPE,267,0.000186000,true,1,10,777
D,ETHEREAL_SCAPE,268,0.000317900,true,2,21,960
D,ETHEREAL_SCAPE,269,0.000218300,true,1,11,861
D,ETHEREAL_SCAPE,270,0.000291900,true,2,21,805
D,ETHEREAL_SCAPE,271,0.000393900,true,1,12,819
D,ETHEREAL_SCAPE,272,0.000392300,true,1,9,755
D,ETHEREAL_SCAPE,273,0.000355200,true,1,12,827
D,ETHEREAL_SCAPE,274,0.000346600,true,1,10,681
D,ETHEREAL_SCAPE,275,0.000341100,true,1,10,672
D,ETHEREAL_SCAPE,276,0.000215300,true,1,11,767
D,ETHEREAL_SCAPE,277,0.000407300,true,3,48,911
D,ETHEREAL_SCAPE,278,0.000187600,true,1,9,812
D,ETHEREAL_SCAPE,279,0.000192000,true,1,9,911
D,ETHEREAL_SCAPE,280,0.000195400,true,1,12,950
D,ETHEREAL_SCAPE,281,0.000322600,true,2,45,1013
D,ETHEREAL_SCAPE,282,0.000523200,true,4,83,1063
D,ETHEREAL_SCAPE,283,0.000209400,true,1,12,943
D,ETHEREAL_SCAPE,284,0.000166900,true,1,9,689
D,ETHEREAL_SCAPE,285,0.000199500,true,1,12,900
D,ETHEREAL_SCAPE,286,0.000182200,true,1,9,826
D,ETHEREAL_SCAPE,287,0.000184100,true,1,9,825
D,ETHEREAL_SCAPE,288,0.000186800,true,1,10,756
D,ETHEREAL_SCAPE,289,0.000194500,true,1,13,811
D,ETHEREAL_SCAPE,290,0.000175500,true,1,9,776
D,ETHEREAL_SCAPE,291,0.000164800,true,1,9,741
D,ETHEREAL_SCAPE,292,0.000176000,true,1,10,795
D,ETHEREAL_SCAPE,293,0.000269400,true,2,25,823
D,ETHEREAL_SCAPE,294,0.000185100,true,1,10,758
D,ETHEREAL_SCAPE,295,0.000182600,true,1,9,773
D,ETHEREAL_SCAPE,296,0.000185700,true,1,11,726
D,ETHEREAL_SCAPE,297,0.000195700,true,1,11,809
D,ETHEREAL_SCAPE,298,0.000326800,true,2,48,978
D,ETHEREAL_SCAPE,299,0.000191300,true,1,10,814
D,ETHEREAL_SCAPE,300,0.000172400,true,1,9,805
D,ETHEREAL_SCAPE,301,0.000213000,true,1,14,1015
D,ETHEREAL_SCAPE,302,0.000265200,true,2,20,880
D,ETHEREAL_SCAPE,303,0.000176700,true,1,9,768
D,ETHEREAL_SCAPE,304,0.000204300,true,1,10,777
D,ETHEREAL_SCAPE,305,0.000178300,true,1,10,682
D,ETHEREAL_SCAPE,306,0.000165400,true,1,9,734
D,ETHEREAL_SCAPE,307,0.000210100,true,1,14,901
D,ETHEREAL_SCAPE,308,0.000256800,true,1,11,787
D,ETHEREAL_SCAPE,309,0.000319800,true,2,42,952
D,ETHEREAL_SCAPE,310,0.000178000,true,1,9,826
D,ETHEREAL_SCAPE,311,0.000280300,true,2,24,835
D,ETHEREAL_SCAPE,312,0.000175100,true,1,11,779
D,ETHEREAL_SCAPE,313,0.000183500,true,1,10,793
D,ETHEREAL_SCAPE,314,0.000172400,true,1,10,766
D,ETHEREAL_SCAPE,315,0.000197500,true,1,12,929
D,ETHEREAL_SCAPE,316,0.000164300,true,1,9,686
D,ETHEREAL_SCAPE,317,0.000276400,true,2,24,896
D,ETHEREAL_SCAPE,318,0.000173000,true,1,9,760
D,ETHEREAL_SCAPE,319,0.000190700,true,1,10,860
D,ETHEREAL_SCAPE,320,0.000186600,true,1,10,777
D,ETHEREAL_SCAPE,321,0.000203300,true,1,13,1028
D,ETHEREAL_SCAPE,322,0.000206200,true,1,13,798
D,ETHEREAL_SCAPE,323,0.000168600,true,1,9,757
D,ETHEREAL_SCAPE,324,0.000194700,true,1,9,894
D,ETHEREAL_SCAPE,325,0.000186400,true,1,12,866
D,ETHEREAL_SCAPE,326,0.000172400,true,1,9,768
D,ETHEREAL_SCAPE,327,0.000182200,true,1,10,770
D,ETHEREAL_SCAPE,328,0.000283700,true,2,26,834
D,ETHEREAL_SCAPE,329,0.000203200,true,1,10,865
D,ETHEREAL_SCAPE,330,0.000178600,true,1,10,740
D,ETHEREAL_SCAPE,331,0.000180400,true,1,10,685
D,ETHEREAL_SCAPE,332,0.000277600,true,2,25,864
D,ETHEREAL_SCAPE,333,0.000179100,true,1,10,836
D,ETHEREAL_SCAPE,334,0.000191700,true,1,11,828
D,ETHEREAL_SCAPE,335,0.000203500,true,1,12,814
D,ETHEREAL_SCAPE,336,0.000302000,true,2,44,844
D,ETHEREAL_SCAPE,337,0.000459200,true,3,85,1188
D,ETHEREAL_SCAPE,338,0.000178300,true,1,9,764
D,ETHEREAL_SCAPE,339,0.000186800,true,1,9,776
D,ETHEREAL_SCAPE,340,0.000176400,true,1,9,773
D,ETHEREAL_SCAPE,341,0.000195700,true,1,12,911
D,ETHEREAL_SCAPE,342,0.000345800,true,2,35,1016
D,ETHEREAL_SCAPE,343,0.000323700,true,2,29,928
D,ETHEREAL_SCAPE,344,0.000202600,true,1,12,834
D,ETHEREAL_SCAPE,345,0.000246900,true,1,14,1092
D,ETHEREAL_SCAPE,346,0.000222400,true,1,13,902
D,ETHEREAL_SCAPE,347,0.000369400,true,2,38,745
D,ETHEREAL_SCAPE,348,0.000236900,true,1,9,899
D,ETHEREAL_SCAPE,349,0.000215300,true,1,11,763
D,ETHEREAL_SCAPE,350,0.000222500,true,1,11,793
D,ETHEREAL_SCAPE,351,0.000192400,true,1,9,826
D,ETHEREAL_SCAPE,352,0.000169600,true,1,10,721
D,ETHEREAL_SCAPE,353,0.000191900,true,1,9,755
D,ETHEREAL_SCAPE,354,0.000207300,true,1,10,798
D,ETHEREAL_SCAPE,355,0.000188700,true,1,9,789
D,ETHEREAL_SCAPE,356,0.000380000,true,1,9,816
D,ETHEREAL_SCAPE,357,0.000281000,true,1,11,758
D,ETHEREAL_SCAPE,358,0.000485800,true,2,24,799
D,ETHEREAL_SCAPE,359,0.000320900,true,1,9,749
D,ETHEREAL_SCAPE,360,0.000225400,true,1,10,832
D,ETHEREAL_SCAPE,361,0.000192600,true,1,9,717
D,ETHEREAL_SCAPE,362,0.000274900,true,1,14,1074
D,ETHEREAL_SCAPE,363,0.000201800,true,1,9,776
D,ETHEREAL_SCAPE,364,0.000451000,true,2,24,830
D,ETHEREAL_SCAPE,365,0.000808700,true,3,43,878
D,ETHEREAL_SCAPE,366,0.000351300,true,1,9,755
D,ETHEREAL_SCAPE,367,0.000405300,true,1,11,768
D,ETHEREAL_SCAPE,368,0.000335900,true,1,11,823
D,ETHEREAL_SCAPE,369,0.000283000,true,1,9,911
D,ETHEREAL_SCAPE,370,0.000209900,true,1,12,1016
D,ETHEREAL_SCAPE,371,0.000183800,true,1,9,772
D,ETHEREAL_SCAPE,372,0.000188200,true,1,10,770
D,ETHEREAL_SCAPE,373,0.000192900,true,1,10,826
D,ETHEREAL_SCAPE,374,0.000300600,true,2,28,897
D,ETHEREAL_SCAPE,375,0.000216200,true,1,12,883
D,ETHEREAL_SCAPE,376,0.000197100,true,1,9,776
D,ETHEREAL_SCAPE,377,0.000336800,true,2,34,1148
D,ETHEREAL_SCAPE,378,0.000310600,true,2,42,907
D,ETHEREAL_SCAPE,379,0.000186000,true,1,9,812
D,ETHEREAL_SCAPE,380,0.000188400,true,1,11,766
D,ETHEREAL_SCAPE,381,0.000204400,true,1,11,961
D,ETHEREAL_SCAPE,382,0.000162800,true,1,10,657
D,ETHEREAL_SCAPE,383,0.000189900,true,1,10,701
D,ETHEREAL_SCAPE,384,0.000379300,true,3,33,1235
D,ETHEREAL_SCAPE,385,0.000176900,true,1,9,773
D,ETHEREAL_SCAPE,386,0.000180700,true,1,10,830
D,ETHEREAL_SCAPE,387,0.000276700,true,2,21,786
D,ETHEREAL_SCAPE,388,0.000253800,true,2,17,794
D,ETHEREAL_SCAPE,389,0.000204300,true,1,9,933
D,ETHEREAL_SCAPE,390,0.000178900,true,1,11,761
D,ETHEREAL_SCAPE,391,0.000199200,true,1,11,905
D,ETHEREAL_SCAPE,392,0.000179300,true,1,10,692
D,ETHEREAL_SCAPE,393,0.000185900,true,1,9,826
D,ETHEREAL_SCAPE,394,0.000186900,true,1,11,898
D,ETHEREAL_SCAPE,395,0.000204400,true,1,10,898
D,ETHEREAL_SCAPE,396,0.000205500,true,1,13,933
D,ETHEREAL_SCAPE,397,0.000170800,true,1,9,772
D,ETHEREAL_SCAPE,398,0.000170100,true,1,9,727
D,ETHEREAL_SCAPE,399,0.000176800,true,1,10,684
D,ETHEREAL_SCAPE,400,0.000171600,true,1,9,755
D,ETHEREAL_SCAPE,401,0.000173900,true,1,9,755
D,ETHEREAL_SCAPE,402,0.000575000,true,4,100,1042
D,ETHEREAL_SCAPE,403,0.000387300,true,3,42,912
D,ETHEREAL_SCAPE,404,0.000178800,true,1,9,765
D,ETHEREAL_SCAPE,405,0.000184100,true,1,11,838
D,ETHEREAL_SCAPE,406,0.000279200,true,2,26,875
D,ETHEREAL_SCAPE,407,0.000209800,true,1,12,897
D,ETHEREAL_SCAPE,408,0.000179800,true,1,9,791
D,ETHEREAL_SCAPE,409,0.000180000,true,1,9,755
D,ETHEREAL_SCAPE,410,0.000278600,true,2,25,883
D,ETHEREAL_SCAPE,411,0.000179300,true,1,10,756
D,ETHEREAL_SCAPE,412,0.000192800,true,1,10,829
D,ETHEREAL_SCAPE,413,0.000175500,true,1,9,732
D,ETHEREAL_SCAPE,414,0.000187500,true,1,11,770
D,ETHEREAL_SCAPE,415,0.000278700,true,2,25,872
D,ETHEREAL_SCAPE,416,0.000173900,true,1,9,755
D,ETHEREAL_SCAPE,417,0.000173800,true,1,9,782
D,ETHEREAL_SCAPE,418,0.000185300,true,1,10,770
D,ETHEREAL_SCAPE,419,0.000399200,true,3,63,1026
D,ETHEREAL_SCAPE,420,0.000169100,true,1,9,761
D,ETHEREAL_SCAPE,421,0.000180400,true,1,10,816
D,ETHEREAL_SCAPE,422,0.000228700,true,1,13,1172
D,ETHEREAL_SCAPE,423,0.000319400,true,2,47,946
D,ETHEREAL_SCAPE,424,0.000178400,true,1,9,764
D,ETHEREAL_SCAPE,425,0.000193700,true,1,12,823
D,ETHEREAL_SCAPE,426,0.000194400,true,1,10,900
D,ETHEREAL_SCAPE,427,0.000171700,true,1,10,778
D,ETHEREAL_SCAPE,428,0.000200200,true,1,9,724
D,ETHEREAL_SCAPE,429,0.000210200,true,1,11,782
D,ETHEREAL_SCAPE,430,0.000193400,true,1,9,785
D,ETHEREAL_SCAPE,431,0.000190400,true,1,9,775
D,ETHEREAL_SCAPE,432,0.000203000,true,1,10,828
D,ETHEREAL_SCAPE,433,0.000208000,true,1,10,827
D,ETHEREAL_SCAPE,434,0.000363300,true,1,16,1335
D,ETHEREAL_SCAPE,435,0.000207600,true,1,9,689
D,ETHEREAL_SCAPE,436,0.000244600,true,1,10,865
D,ETHEREAL_SCAPE,437,0.000204200,true,1,12,866
D,ETHEREAL_SCAPE,438,0.000177100,true,1,10,679
D,ETHEREAL_SCAPE,439,0.000363300,true,3,30,919
D,ETHEREAL_SCAPE,440,0.000203300,true,1,10,749
D,ETHEREAL_SCAPE,441,0.000508300,true,1,11,783
D,ETHEREAL_SCAPE,442,0.000292900,true,1,11,832
D,ETHEREAL_SCAPE,443,0.000435200,true,1,9,826
D,ETHEREAL_SCAPE,444,0.000317900,true,1,9,776
D,ETHEREAL_SCAPE,445,0.000225400,true,1,10,830
D,ETHEREAL_SCAPE,446,0.000200900,true,1,9,755
D,ETHEREAL_SCAPE,447,0.000190100,true,1,9,805
D,ETHEREAL_SCAPE,448,0.000240000,true,1,10,777
D,ETHEREAL_SCAPE,449,0.000239900,true,1,14,806
D,ETHEREAL_SCAPE,450,0.000340500,true,1,12,1002
D,ETHEREAL_SCAPE,451,0.000661500,true,2,33,910
D,ETHEREAL_SCAPE,452,0.000700600,true,2,47,909
D,ETHEREAL_SCAPE,453,0.000347000,true,1,9,776
D,ETHEREAL_SCAPE,454,0.000348100,true,1,14,1101
D,ETHEREAL_SCAPE,455,0.000378200,true,2,49,982
D,ETHEREAL_SCAPE,456,0.000177600,true,1,10,734
D,ETHEREAL_SCAPE,457,0.000172800,true,1,9,755
D,ETHEREAL_SCAPE,458,0.000318800,true,2,40,1012
D,ETHEREAL_SCAPE,459,0.000172800,true,1,9,776
D,ETHEREAL_SCAPE,460,0.000213200,true,1,12,1100
D,ETHEREAL_SCAPE,461,0.000179600,true,1,9,782
D,ETHEREAL_SCAPE,462,0.000181800,true,1,10,815
D,ETHEREAL_SCAPE,463,0.000193300,true,1,10,797
D,ETHEREAL_SCAPE,464,0.000184600,true,1,10,777
D,ETHEREAL_SCAPE,465,0.000179000,true,1,9,759
D,ETHEREAL_SCAPE,466,0.000290500,true,2,44,739
D,ETHEREAL_SCAPE,467,0.000226300,true,1,14,1118
D,ETHEREAL_SCAPE,468,0.000162800,true,1,10,673
D,ETHEREAL_SCAPE,469,0.000307100,true,2,38,1001
D,ETHEREAL_SCAPE,470,0.000197700,true,1,9,805
D,ETHEREAL_SCAPE,471,0.000189700,true,1,11,770
D,ETHEREAL_SCAPE,472,0.000221000,true,1,14,661
D,ETHEREAL_SCAPE,473,0.000389600,true,3,36,800
D,ETHEREAL_SCAPE,474,0.000175500,true,1,9,727
D,ETHEREAL_SCAPE,475,0.000204100,true,1,11,878
D,ETHEREAL_SCAPE,476,0.000193400,true,1,9,826
D,ETHEREAL_SCAPE,477,0.000185300,true,1,10,757
D,ETHEREAL_SCAPE,478,0.000180300,true,1,9,721
D,ETHEREAL_SCAPE,479,0.000198800,true,1,10,827
D,ETHEREAL_SCAPE,480,0.000318500,true,2,33,1023
D,ETHEREAL_SCAPE,481,0.000165800,true,1,9,762
D,ETHEREAL_SCAPE,482,0.000190200,true,1,10,806
D,ETHEREAL_SCAPE,483,0.000292400,true,2,24,964
D,ETHEREAL_SCAPE,484,0.000175800,true,1,9,805
D,ETHEREAL_SCAPE,485,0.000306200,true,2,21,970
D,ETHEREAL_SCAPE,486,0.000189200,true,1,11,770
D,ETHEREAL_SCAPE,487,0.000196400,true,1,11,783
D,ETHEREAL_SCAPE,488,0.000189400,true,1,9,897
D,ETHEREAL_SCAPE,489,0.000187700,true,1,9,785
D,ETHEREAL_SCAPE,490,0.000186600,true,1,9,755
D,ETHEREAL_SCAPE,491,0.000185200,true,1,9,776
D,ETHEREAL_SCAPE,492,0.000176700,true,1,9,774
D,ETHEREAL_SCAPE,493,0.000184200,true,1,9,751
D,ETHEREAL_SCAPE,494,0.000340500,true,1,11,778
D,ETHEREAL_SCAPE,495,0.000191800,true,1,9,807
D,ETHEREAL_SCAPE,496,0.000429400,true,3,68,985
D,ETHEREAL_SCAPE,497,0.000222400,true,1,10,745
D,ETHEREAL_SCAPE,498,0.000424600,true,3,57,922
D,ETHEREAL_SCAPE,499,0.000322500,true,2,24,1019
D,ETHEREAL_SCAPE,500,0.000181000,true,1,10,767
D,ETHEREAL_SCAPE,501,0.000210400,true,1,12,870
D,ETHEREAL_SCAPE,502,0.000254700,true,1,17,1097
D,ETHEREAL_SCAPE,503,0.000218800,true,1,10,815
D,ETHEREAL_SCAPE,504,0.000436800,true,3,72,915
D,ETHEREAL_SCAPE,505,0.000182100,true,1,9,775
D,ETHEREAL_SCAPE,506,0.000443200,true,3,75,1035
D,ETHEREAL_SCAPE,507,0.000186200,true,1,9,826
D,ETHEREAL_SCAPE,508,0.000191400,true,1,9,792
D,ETHEREAL_SCAPE,509,0.000189400,true,1,12,764
D,ETHEREAL_SCAPE,510,0.000189700,true,1,11,753
D,ETHEREAL_SCAPE,511,0.000191500,true,1,9,805
D,ETHEREAL_SCAPE,512,0.000263400,true,2,21,800
D,ETHEREAL_SCAPE,513,0.000180100,true,1,10,872
D,ETHEREAL_SCAPE,514,0.000305700,true,2,32,970
D,ETHEREAL_SCAPE,515,0.000200900,true,1,9,826
D,ETHEREAL_SCAPE,516,0.000280600,true,1,9,754
D,ETHEREAL_SCAPE,517,0.000409000,true,2,36,828
D,ETHEREAL_SCAPE,518,0.000204300,true,1,9,755
D,ETHEREAL_SCAPE,519,0.000529000,true,3,88,1192
D,ETHEREAL_SCAPE,520,0.000293900,true,2,19,829
D,ETHEREAL_SCAPE,521,0.000219000,true,1,10,849
D,ETHEREAL_SCAPE,522,0.000211200,true,1,10,764
D,ETHEREAL_SCAPE,523,0.000179300,true,1,10,683
D,ETHEREAL_SCAPE,524,0.000297900,true,2,27,871
D,ETHEREAL_SCAPE,525,0.000196500,true,1,11,758
D,ETHEREAL_SCAPE,526,0.000194400,true,1,10,808
D,ETHEREAL_SCAPE,527,0.000196900,true,1,11,760
D,ETHEREAL_SCAPE,528,0.000189700,true,1,10,827
D,ETHEREAL_SCAPE,529,0.000168800,true,1,9,805
D,ETHEREAL_SCAPE,530,0.000200700,true,1,10,777
D,ETHEREAL_SCAPE,531,0.000194600,true,1,9,755
D,ETHEREAL_SCAPE,532,0.000188900,true,1,10,817
D,ETHEREAL_SCAPE,533,0.000173700,true,1,9,741
D,ETHEREAL_SCAPE,534,0.000230200,true,1,13,945
D,ETHEREAL_SCAPE,535,0.000199300,true,1,10,778
D,ETHEREAL_SCAPE,536,0.000457700,true,2,31,924
D,ETHEREAL_SCAPE,537,0.000397600,true,1,9,775
D,ETHEREAL_SCAPE,538,0.000322400,true,1,9,755
D,ETHEREAL_SCAPE,539,0.000339100,true,1,11,757
D,ETHEREAL_SCAPE,540,0.000349200,true,1,10,765
D,ETHEREAL_SCAPE,541,0.000350700,true,2,24,785
D,ETHEREAL_SCAPE,542,0.000202700,true,1,9,735
D,ETHEREAL_SCAPE,543,0.000287800,true,2,29,894
D,ETHEREAL_SCAPE,544,0.000199900,true,1,12,929
D,ETHEREAL_SCAPE,545,0.000167000,true,1,9,717
D,ETHEREAL_SCAPE,546,0.000177600,true,1,9,766
D,ETHEREAL_SCAPE,547,0.000205600,true,1,14,783
D,ETHEREAL_SCAPE,548,0.000448100,true,4,55,956
D,ETHEREAL_SCAPE,549,0.000195100,true,1,12,812
D,ETHEREAL_SCAPE,550,0.000169700,true,1,10,755
D,ETHEREAL_SCAPE,551,0.000171800,true,1,9,755
D,ETHEREAL_SCAPE,552,0.000181100,true,1,9,826
D,ETHEREAL_SCAPE,553,0.000195100,true,1,9,911
D,ETHEREAL_SCAPE,554,0.000175500,true,1,9,818
D,ETHEREAL_SCAPE,555,0.000302300,true,2,31,903
D,ETHEREAL_SCAPE,556,0.000178400,true,1,9,826
D,ETHEREAL_SCAPE,557,0.000163300,true,1,9,749
D,ETHEREAL_SCAPE,558,0.000286700,true,2,25,888
D,ETHEREAL_SCAPE,559,0.000293500,true,2,47,850
D,ETHEREAL_SCAPE,560,0.000205800,true,1,13,907
D,ETHEREAL_SCAPE,561,0.000324600,true,2,46,1069
D,ETHEREAL_SCAPE,562,0.000201800,true,1,14,772
D,ETHEREAL_SCAPE,563,0.000272000,true,2,25,808
D,ETHEREAL_SCAPE,564,0.000525200,true,4,84,1188
D,ETHEREAL_SCAPE,565,0.000296200,true,2,43,840
D,ETHEREAL_SCAPE,566,0.000179700,true,1,10,808
D,ETHEREAL_SCAPE,567,0.000208100,true,1,14,1044
D,ETHEREAL_SCAPE,568,0.000172900,true,1,9,684
D,ETHEREAL_SCAPE,569,0.000184900,true,1,9,773
D,ETHEREAL_SCAPE,570,0.000192100,true,1,10,827
D,ETHEREAL_SCAPE,571,0.000182700,true,1,10,682
D,ETHEREAL_SCAPE,572,0.000431300,true,3,69,1103
D,ETHEREAL_SCAPE,573,0.000183800,true,1,10,769
D,ETHEREAL_SCAPE,574,0.000252900,true,2,24,849
D,ETHEREAL_SCAPE,575,0.000177200,true,1,10,757
D,ETHEREAL_SCAPE,576,0.000175000,true,1,9,760
D,ETHEREAL_SCAPE,577,0.000197400,true,1,14,786
D,ETHEREAL_SCAPE,578,0.000183300,true,1,12,813
D,ETHEREAL_SCAPE,579,0.000185400,true,1,11,760
D,ETHEREAL_SCAPE,580,0.000163100,true,1,9,762
D,ETHEREAL_SCAPE,581,0.000175100,true,1,9,776
D,ETHEREAL_SCAPE,582,0.000400100,true,3,48,968
D,ETHEREAL_SCAPE,583,0.000342500,true,2,57,1077
D,ETHEREAL_SCAPE,584,0.000177100,true,1,9,760
D,ETHEREAL_SCAPE,585,0.000180200,true,1,10,763
D,ETHEREAL_SCAPE,586,0.000190300,true,1,10,827
D,ETHEREAL_SCAPE,587,0.000182000,true,1,11,809
D,ETHEREAL_SCAPE,588,0.000184800,true,1,11,716
D,ETHEREAL_SCAPE,589,0.000225200,true,2,16,754
D,ETHEREAL_SCAPE,590,0.000184600,true,1,11,841
D,ETHEREAL_SCAPE,591,0.000193400,true,1,12,866
D,ETHEREAL_SCAPE,592,0.000263500,true,2,19,854
D,ETHEREAL_SCAPE,593,0.000186200,true,1,10,752
D,ETHEREAL_SCAPE,594,0.000192900,true,1,9,911
D,ETHEREAL_SCAPE,595,0.000400600,true,3,64,865
D,ETHEREAL_SCAPE,596,0.000187200,true,1,11,781
D,ETHEREAL_SCAPE,597,0.000200700,true,1,13,903
D,ETHEREAL_SCAPE,598,0.000201400,true,1,9,948
D,ETHEREAL_SCAPE,599,0.000164100,true,1,9,659
D,ETHEREAL_SCAPE,600,0.000207800,true,1,13,834
D,ETHEREAL_SCAPE,601,0.000180400,true,1,10,777
D,ETHEREAL_SCAPE,602,0.000263900,true,2,39,800
D,ETHEREAL_SCAPE,603,0.000417900,true,2,50,1161
D,ETHEREAL_SCAPE,604,0.000414000,true,3,39,903
D,ETHEREAL_SCAPE,605,0.000195800,true,1,10,820
D,ETHEREAL_SCAPE,606,0.000234000,true,1,12,1020
D,ETHEREAL_SCAPE,607,0.000253100,true,1,10,757
D,ETHEREAL_SCAPE,608,0.000269000,true,1,15,1005
D,ETHEREAL_SCAPE,609,0.000204800,true,1,9,776
D,ETHEREAL_SCAPE,610,0.000227700,true,1,13,949
D,ETHEREAL_SCAPE,611,0.000182600,true,1,9,718
D,ETHEREAL_SCAPE,612,0.000186800,true,1,10,759
D,ETHEREAL_SCAPE,613,0.000287400,true,2,38,947
D,ETHEREAL_SCAPE,614,0.000596400,true,5,90,1130
D,ETHEREAL_SCAPE,615,0.000233000,true,1,12,1068
D,ETHEREAL_SCAPE,616,0.000210500,true,1,10,756
D,ETHEREAL_SCAPE,617,0.000177200,true,1,9,782
D,ETHEREAL_SCAPE,618,0.000171400,true,1,9,809
D,ETHEREAL_SCAPE,619,0.000233500,true,1,12,1002
D,ETHEREAL_SCAPE,620,0.000424100,true,3,41,971
D,ETHEREAL_SCAPE,621,0.000406800,true,1,14,1067
D,ETHEREAL_SCAPE,622,0.000371600,true,1,9,776
D,ETHEREAL_SCAPE,623,0.000338300,true,1,12,832
D,ETHEREAL_SCAPE,624,0.000571200,true,2,40,891
D,ETHEREAL_SCAPE,625,0.000345100,true,1,9,760
D,ETHEREAL_SCAPE,626,0.000228000,true,1,9,707
D,ETHEREAL_SCAPE,627,0.000194500,true,1,9,805
D,ETHEREAL_SCAPE,628,0.000183800,true,1,9,776
D,ETHEREAL_SCAPE,629,0.000182800,true,1,9,826
D,ETHEREAL_SCAPE,630,0.000175800,true,1,9,747
D,ETHEREAL_SCAPE,631,0.000198300,true,1,10,821
D,ETHEREAL_SCAPE,632,0.000177300,true,1,9,776
D,ETHEREAL_SCAPE,633,0.000166800,true,1,9,734
D,ETHEREAL_SCAPE,634,0.000192000,true,1,11,838
D,ETHEREAL_SCAPE,635,0.000178400,true,1,10,806
D,ETHEREAL_SCAPE,636,0.000206600,true,1,13,954
D,ETHEREAL_SCAPE,637,0.000180000,true,1,10,776
D,ETHEREAL_SCAPE,638,0.000257100,true,1,14,977
D,ETHEREAL_SCAPE,639,0.000311200,true,1,10,776
D,ETHEREAL_SCAPE,640,0.000261700,true,1,12,1004
D,ETHEREAL_SCAPE,641,0.000214000,true,1,13,743
D,ETHEREAL_SCAPE,642,0.000580400,true,4,78,1253
D,ETHEREAL_SCAPE,643,0.000361100,true,1,9,911
D,ETHEREAL_SCAPE,644,0.000186400,true,1,9,826
D,ETHEREAL_SCAPE,645,0.000201900,true,1,9,766
D,ETHEREAL_SCAPE,646,0.000224600,true,1,10,912
D,ETHEREAL_SCAPE,647,0.000332000,true,2,27,940
D,ETHEREAL_SCAPE,648,0.000204800,true,1,12,943
D,ETHEREAL_SCAPE,649,0.000304200,true,1,10,733
D,ETHEREAL_SCAPE,650,0.000179200,true,1,9,765
D,ETHEREAL_SCAPE,651,0.000435300,true,2,53,1114
D,ETHEREAL_SCAPE,652,0.000436400,true,1,9,672
D,ETHEREAL_SCAPE,653,0.000258400,true,1,10,820
D,ETHEREAL_SCAPE,654,0.000254700,true,1,11,829
D,ETHEREAL_SCAPE,655,0.000206500,true,1,9,760
D,ETHEREAL_SCAPE,656,0.000332800,true,2,38,820
D,ETHEREAL_SCAPE,657,0.000200800,true,1,9,826
D,ETHEREAL_SCAPE,658,0.000194700,true,1,11,770
D,ETHEREAL_SCAPE,659,0.000177100,true,1,9,773
D,ETHEREAL_SCAPE,660,0.000195500,true,1,11,855
D,ETHEREAL_SCAPE,661,0.000192400,true,1,11,782
D,ETHEREAL_SCAPE,662,0.000195900,true,1,10,748
D,ETHEREAL_SCAPE,663,0.000181100,true,1,9,772
D,ETHEREAL_SCAPE,664,0.000300100,true,2,29,955
D,ETHEREAL_SCAPE,665,0.000196400,true,1,10,768
D,ETHEREAL_SCAPE,666,0.000311500,true,2,26,995
D,ETHEREAL_SCAPE,667,0.000553700,true,4,81,1226
D,ETHEREAL_SCAPE,668,0.000172000,true,1,9,739
D,ETHEREAL_SCAPE,669,0.000179900,true,1,10,756
D,ETHEREAL_SCAPE,670,0.000312800,true,2,40,886
D,ETHEREAL_SCAPE,671,0.000183300,true,1,12,768
D,ETHEREAL_SCAPE,672,0.000189300,true,1,9,755
D,ETHEREAL_SCAPE,673,0.000305600,true,2,39,875
D,ETHEREAL_SCAPE,674,0.000201400,true,1,9,826
D,ETHEREAL_SCAPE,675,0.000180300,true,1,9,755
D,ETHEREAL_SCAPE,676,0.000285700,true,2,28,881
D,ETHEREAL_SCAPE,677,0.000193000,true,1,10,827
D,ETHEREAL_SCAPE,678,0.000186600,true,1,10,779
D,ETHEREAL_SCAPE,679,0.000372700,true,3,35,1022
D,ETHEREAL_SCAPE,680,0.000288100,true,2,23,850
D,ETHEREAL_SCAPE,681,0.000279700,true,2,28,812
D,ETHEREAL_SCAPE,682,0.000186600,true,1,9,776
D,ETHEREAL_SCAPE,683,0.000195800,true,1,12,900
D,ETHEREAL_SCAPE,684,0.000333500,true,2,49,1118
D,ETHEREAL_SCAPE,685,0.000204700,true,1,12,983
D,ETHEREAL_SCAPE,686,0.000319200,true,2,49,904
D,ETHEREAL_SCAPE,687,0.000179500,true,1,10,830
D,ETHEREAL_SCAPE,688,0.000218200,true,1,9,911
D,ETHEREAL_SCAPE,689,0.000320200,true,2,25,878
D,ETHEREAL_SCAPE,690,0.000193300,true,1,9,755
D,ETHEREAL_SCAPE,691,0.000196200,true,1,9,747
D,ETHEREAL_SCAPE,692,0.000209700,true,1,10,797
D,ETHEREAL_SCAPE,693,0.001597500,true,1,9,895
D,ETHEREAL_SCAPE,694,0.000393600,true,2,47,863
D,ETHEREAL_SCAPE,695,0.000360100,true,2,24,1053
D,ETHEREAL_SCAPE,696,0.000211400,true,1,12,934
D,ETHEREAL_SCAPE,697,0.000312800,true,2,33,937
D,ETHEREAL_SCAPE,698,0.000201400,true,1,10,828
D,ETHEREAL_SCAPE,699,0.000201700,true,1,11,780
D,ETHEREAL_SCAPE,700,0.000215400,true,1,14,870
D,ETHEREAL_SCAPE,701,0.000194700,true,1,10,829
D,ETHEREAL_SCAPE,702,0.000183600,true,1,9,751
D,ETHEREAL_SCAPE,703,0.000190100,true,1,9,680
D,ETHEREAL_SCAPE,704,0.000218400,true,1,10,841
D,ETHEREAL_SCAPE,705,0.000174400,true,1,9,826
D,ETHEREAL_SCAPE,706,0.000202300,true,1,10,770
D,ETHEREAL_SCAPE,707,0.000230700,true,1,13,910
D,ETHEREAL_SCAPE,708,0.000208200,true,1,10,758
D,ETHEREAL_SCAPE,709,0.000574600,true,2,28,791
D,ETHEREAL_SCAPE,710,0.000409000,true,1,9,776
D,ETHEREAL_SCAPE,711,0.001106400,true,5,106,1158
D,ETHEREAL_SCAPE,712,0.000293300,true,1,10,872
D,ETHEREAL_SCAPE,713,0.000228200,true,1,9,805
D,ETHEREAL_SCAPE,714,0.000237500,true,1,15,994
D,ETHEREAL_SCAPE,715,0.000281000,true,2,24,848
D,ETHEREAL_SCAPE,716,0.000177000,true,1,9,755
D,ETHEREAL_SCAPE,717,0.000178000,true,1,10,726
D,ETHEREAL_SCAPE,718,0.000289800,true,2,22,1030
D,ETHEREAL_SCAPE,719,0.000182700,true,1,9,755
D,ETHEREAL_SCAPE,720,0.000191500,true,1,10,860
D,ETHEREAL_SCAPE,721,0.000181500,true,1,9,805
D,ETHEREAL_SCAPE,722,0.000189100,true,1,10,806
D,ETHEREAL_SCAPE,723,0.000181100,true,1,9,807
D,ETHEREAL_SCAPE,724,0.000220700,true,1,16,1024
D,ETHEREAL_SCAPE,725,0.000181500,true,1,9,826
D,ETHEREAL_SCAPE,726,0.000309300,true,2,45,974
D,ETHEREAL_SCAPE,727,0.000282300,true,2,23,899
D,ETHEREAL_SCAPE,728,0.000258900,true,2,16,831
D,ETHEREAL_SCAPE,729,0.000182200,true,1,9,774
D,ETHEREAL_SCAPE,730,0.000187700,true,1,11,827
D,ETHEREAL_SCAPE,731,0.000173900,true,1,9,772
D,ETHEREAL_SCAPE,732,0.000179400,true,1,11,768
D,ETHEREAL_SCAPE,733,0.000176800,true,1,9,776
D,ETHEREAL_SCAPE,734,0.000188300,true,1,9,895
D,ETHEREAL_SCAPE,735,0.000179200,true,1,9,751
D,ETHEREAL_SCAPE,736,0.000176500,true,1,9,755
D,ETHEREAL_SCAPE,737,0.000185000,true,1,11,759
D,ETHEREAL_SCAPE,738,0.000170600,true,1,10,735
D,ETHEREAL_SCAPE,739,0.000191800,true,1,10,829
D,ETHEREAL_SCAPE,740,0.000178000,true,1,9,818
D,ETHEREAL_SCAPE,741,0.000276100,true,2,42,846
D,ETHEREAL_SCAPE,742,0.000255800,true,2,23,800
D,ETHEREAL_SCAPE,743,0.000205800,true,1,12,932
D,ETHEREAL_SCAPE,744,0.000182900,true,1,9,818
D,ETHEREAL_SCAPE,745,0.000183400,true,1,10,773
D,ETHEREAL_SCAPE,746,0.000195900,true,1,15,810
D,ETHEREAL_SCAPE,747,0.000164200,true,1,9,734
D,ETHEREAL_SCAPE,748,0.000173600,true,1,9,740
D,ETHEREAL_SCAPE,749,0.000179200,true,1,9,792
D,ETHEREAL_SCAPE,750,0.000169700,true,1,10,695
D,ETHEREAL_SCAPE,751,0.000181500,true,1,10,778
D,ETHEREAL_SCAPE,752,0.000307400,true,2,44,860
D,ETHEREAL_SCAPE,753,0.000185800,true,1,10,793
D,ETHEREAL_SCAPE,754,0.000186700,true,1,9,825
D,ETHEREAL_SCAPE,755,0.000268500,true,2,21,848
D,ETHEREAL_SCAPE,756,0.000204100,true,1,12,929
D,ETHEREAL_SCAPE,757,0.000183800,true,1,9,812
D,ETHEREAL_SCAPE,758,0.000196900,true,1,11,960
D,ETHEREAL_SCAPE,759,0.000173800,true,1,9,751
D,ETHEREAL_SCAPE,760,0.000182500,true,1,11,807
D,ETHEREAL_SCAPE,761,0.000180900,true,1,9,812
D,ETHEREAL_SCAPE,762,0.000200600,true,1,12,1019
D,ETHEREAL_SCAPE,763,0.000196100,true,1,11,845
D,ETHEREAL_SCAPE,764,0.000173600,true,1,9,766
D,ETHEREAL_SCAPE,765,0.000186800,true,1,11,782
D,ETHEREAL_SCAPE,766,0.000181000,true,1,9,814
D,ETHEREAL_SCAPE,767,0.000177000,true,1,9,747
D,ETHEREAL_SCAPE,768,0.000186500,true,1,11,770
D,ETHEREAL_SCAPE,769,0.000186700,true,1,10,779
D,ETHEREAL_SCAPE,770,0.000187000,true,1,11,923
D,ETHEREAL_SCAPE,771,0.000276600,true,2,27,868
D,ETHEREAL_SCAPE,772,0.000168200,true,1,9,751
D,ETHEREAL_SCAPE,773,0.000546800,true,4,85,1348
D,ETHEREAL_SCAPE,774,0.000175800,true,1,9,766
D,ETHEREAL_SCAPE,775,0.000189600,true,1,10,819
D,ETHEREAL_SCAPE,776,0.000534700,true,4,54,979
D,ETHEREAL_SCAPE,777,0.000203700,true,1,9,789
D,ETHEREAL_SCAPE,778,0.000208200,true,1,12,760
D,ETHEREAL_SCAPE,779,0.000528100,true,3,63,1156
D,ETHEREAL_SCAPE,780,0.000216100,true,1,10,798
D,ETHEREAL_SCAPE,781,0.000214700,true,1,9,812
D,ETHEREAL_SCAPE,782,0.000235700,true,1,9,849
D,ETHEREAL_SCAPE,783,0.000182300,true,1,14,747
D,ETHEREAL_SCAPE,784,0.000174700,true,1,9,755
D,ETHEREAL_SCAPE,785,0.000283300,true,2,28,780
D,ETHEREAL_SCAPE,786,0.000295100,true,2,30,896
D,ETHEREAL_SCAPE,787,0.000180100,true,1,9,775
D,ETHEREAL_SCAPE,788,0.000189700,true,1,10,798
D,ETHEREAL_SCAPE,789,0.000227800,true,1,13,898
D,ETHEREAL_SCAPE,790,0.000223300,true,1,10,860
D,ETHEREAL_SCAPE,791,0.000203400,true,1,13,747
D,ETHEREAL_SCAPE,792,0.000189600,true,1,11,773
D,ETHEREAL_SCAPE,793,0.000342300,true,2,47,771
D,ETHEREAL_SCAPE,794,0.000196000,true,1,9,788
D,ETHEREAL_SCAPE,795,0.000435300,true,1,15,1188
D,ETHEREAL_SCAPE,796,0.000410000,true,1,14,885
D,ETHEREAL_SCAPE,797,0.000329200,true,1,9,776
D,ETHEREAL_SCAPE,798,0.000389900,true,1,13,941
D,ETHEREAL_SCAPE,799,0.000363400,true,1,9,826
D,ETHEREAL_SCAPE,800,0.000252400,true,1,12,942
D,ETHEREAL_SCAPE,801,0.000202600,true,1,10,776
D,ETHEREAL_SCAPE,802,0.000185800,true,1,10,772
D,ETHEREAL_SCAPE,803,0.000171000,true,1,9,775
D,ETHEREAL_SCAPE,804,0.000266300,true,2,22,814
D,ETHEREAL_SCAPE,805,0.000185600,true,1,9,818
D,ETHEREAL_SCAPE,806,0.000307700,true,2,30,947
D,ETHEREAL_SCAPE,807,0.000259200,true,2,23,795
D,ETHEREAL_SCAPE,808,0.000169400,true,1,10,765
D,ETHEREAL_SCAPE,809,0.000374300,true,3,43,923
D,ETHEREAL_SCAPE,810,0.000178500,true,1,9,807
D,ETHEREAL_SCAPE,811,0.000182900,true,1,9,793
D,ETHEREAL_SCAPE,812,0.000406400,true,3,59,1061
D,ETHEREAL_SCAPE,813,0.000198000,true,1,12,792
D,ETHEREAL_SCAPE,814,0.000181200,true,1,10,767
D,ETHEREAL_SCAPE,815,0.000187100,true,1,10,795
D,ETHEREAL_SCAPE,816,0.000233800,true,2,15,763
D,ETHEREAL_SCAPE,817,0.000183000,true,1,9,826
D,ETHEREAL_SCAPE,818,0.000208400,true,1,12,921
D,ETHEREAL_SCAPE,819,0.000179600,true,1,10,797
D,ETHEREAL_SCAPE,820,0.000199100,true,1,12,932
D,ETHEREAL_SCAPE,821,0.000211100,true,1,11,828
D,ETHEREAL_SCAPE,822,0.000183100,true,1,9,826
D,ETHEREAL_SCAPE,823,0.000175000,true,1,11,768
D,ETHEREAL_SCAPE,824,0.000180700,true,1,10,809
D,ETHEREAL_SCAPE,825,0.000265200,true,2,22,850
D,ETHEREAL_SCAPE,826,0.000177500,true,1,10,758
D,ETHEREAL_SCAPE,827,0.000320400,true,1,9,830
D,ETHEREAL_SCAPE,828,0.000275700,true,1,11,692
D,ETHEREAL_SCAPE,829,0.000356900,true,1,15,933
D,ETHEREAL_SCAPE,830,0.000274700,true,1,9,764
D,ETHEREAL_SCAPE,831,0.000223000,true,1,13,976
D,ETHEREAL_SCAPE,832,0.000182800,true,1,9,730
D,ETHEREAL_SCAPE,833,0.000218100,true,1,17,954
D,ETHEREAL_SCAPE,834,0.000182100,true,1,9,812
D,ETHEREAL_SCAPE,835,0.000302800,true,2,31,907
D,ETHEREAL_SCAPE,836,0.000208800,true,1,11,829
D,ETHEREAL_SCAPE,837,0.000206600,true,1,13,882
D,ETHEREAL_SCAPE,838,0.000177700,true,1,9,715
D,ETHEREAL_SCAPE,839,0.000208100,true,1,14,977
D,ETHEREAL_SCAPE,840,0.000174800,true,1,11,779
D,ETHEREAL_SCAPE,841,0.000523300,true,4,80,1080
D,ETHEREAL_SCAPE,842,0.000182200,true,1,9,772
D,ETHEREAL_SCAPE,843,0.000180200,true,1,9,747
D,ETHEREAL_SCAPE,844,0.000185100,true,1,10,806
D,ETHEREAL_SCAPE,845,0.000192700,true,1,10,828
D,ETHEREAL_SCAPE,846,0.000179200,true,1,9,762
D,ETHEREAL_SCAPE,847,0.000180300,true,1,9,776
D,ETHEREAL_SCAPE,848,0.000276500,true,2,39,800
D,ETHEREAL_SCAPE,849,0.000178300,true,1,9,740
D,ETHEREAL_SCAPE,850,0.000348800,true,2,46,983
D,ETHEREAL_SCAPE,851,0.000196800,true,1,10,647
D,ETHEREAL_SCAPE,852,0.000193900,true,1,10,773
D,ETHEREAL_SCAPE,853,0.000255000,true,2,16,843
D,ETHEREAL_SCAPE,854,0.000201900,true,1,11,802
D,ETHEREAL_SCAPE,855,0.000327300,true,2,18,1005
D,ETHEREAL_SCAPE,856,0.000185600,true,1,11,814
D,ETHEREAL_SCAPE,857,0.000376700,true,2,53,1263
D,ETHEREAL_SCAPE,858,0.000187000,true,1,9,818
D,ETHEREAL_SCAPE,859,0.000240300,true,1,16,1122
D,ETHEREAL_SCAPE,860,0.000261400,true,2,19,792
D,ETHEREAL_SCAPE,861,0.000170500,true,1,10,757
D,ETHEREAL_SCAPE,862,0.000214600,true,1,15,955
D,ETHEREAL_SCAPE,863,0.000184200,true,1,10,808
D,ETHEREAL_SCAPE,864,0.000204000,true,1,9,773
D,ETHEREAL_SCAPE,865,0.000327500,true,2,28,909
D,ETHEREAL_SCAPE,866,0.000661300,true,5,85,1304
D,ETHEREAL_SCAPE,867,0.000215900,true,1,10,827
D,ETHEREAL_SCAPE,868,0.000433200,true,2,43,861
D,ETHEREAL_SCAPE,869,0.000208600,true,1,9,734
D,ETHEREAL_SCAPE,870,0.000248100,true,1,12,776
D,ETHEREAL_SCAPE,871,0.000215100,true,1,9,826
D,ETHEREAL_SCAPE,872,0.000190700,true,1,9,796
D,ETHEREAL_SCAPE,873,0.000194500,true,1,9,760
D,ETHEREAL_SCAPE,874,0.000220400,true,1,12,810
D,ETHEREAL_SCAPE,875,0.000198000,true,1,10,793
D,ETHEREAL_SCAPE,876,0.000209700,true,1,10,776
D,ETHEREAL_SCAPE,877,0.000199800,true,1,9,747
D,ETHEREAL_SCAPE,878,0.000186900,true,1,10,776
D,ETHEREAL_SCAPE,879,0.000309800,true,2,17,842
D,ETHEREAL_SCAPE,880,0.000341800,true,1,14,1225
D,ETHEREAL_SCAPE,881,0.000617500,true,2,55,1021
D,ETHEREAL_SCAPE,882,0.000246500,true,1,10,813
D,ETHEREAL_SCAPE,883,0.000233300,true,1,9,692
D,ETHEREAL_SCAPE,884,0.000366400,true,1,9,826
D,ETHEREAL_SCAPE,885,0.000508300,true,1,9,755
D,ETHEREAL_SCAPE,886,0.000380300,true,1,11,826
D,ETHEREAL_SCAPE,887,0.000350700,true,1,9,776
D,ETHEREAL_SCAPE,888,0.000344200,true,1,9,782
D,ETHEREAL_SCAPE,889,0.000354000,true,1,12,833
D,ETHEREAL_SCAPE,890,0.000232500,true,1,10,820
D,ETHEREAL_SCAPE,891,0.000331100,true,2,42,856
D,ETHEREAL_SCAPE,892,0.000190000,true,1,10,764
D,ETHEREAL_SCAPE,893,0.000183300,true,1,9,778
D,ETHEREAL_SCAPE,894,0.000192300,true,1,9,812
D,ETHEREAL_SCAPE,895,0.000211400,true,1,12,989
D,ETHEREAL_SCAPE,896,0.000180000,true,1,10,812
D,ETHEREAL_SCAPE,897,0.000206400,true,1,10,916
D,ETHEREAL_SCAPE,898,0.000183600,true,1,9,826
D,ETHEREAL_SCAPE,899,0.000174100,true,1,9,718
D,ETHEREAL_SCAPE,900,0.000189700,true,1,11,761
D,ETHEREAL_SCAPE,901,0.000204700,true,1,11,977
D,ETHEREAL_SCAPE,902,0.000181200,true,1,9,776
D,ETHEREAL_SCAPE,903,0.000175700,true,1,9,742
D,ETHEREAL_SCAPE,904,0.000193300,true,1,10,827
D,ETHEREAL_SCAPE,905,0.000179600,true,1,10,762
D,ETHEREAL_SCAPE,906,0.000203000,true,1,12,1004
D,ETHEREAL_SCAPE,907,0.000298300,true,2,40,801
D,ETHEREAL_SCAPE,908,0.000448900,true,3,42,1064
D,ETHEREAL_SCAPE,909,0.000177900,true,1,9,762
D,ETHEREAL_SCAPE,910,0.000336600,true,2,48,1100
D,ETHEREAL_SCAPE,911,0.000196900,true,1,10,820
D,ETHEREAL_SCAPE,912,0.000209800,true,1,13,942
D,ETHEREAL_SCAPE,913,0.000196800,true,1,12,873
D,ETHEREAL_SCAPE,914,0.000179700,true,1,9,792
D,ETHEREAL_SCAPE,915,0.000214300,true,1,14,765
D,ETHEREAL_SCAPE,916,0.000250300,true,2,15,825
D,ETHEREAL_SCAPE,917,0.000201800,true,1,9,796
D,ETHEREAL_SCAPE,918,0.000187500,true,1,9,826
D,ETHEREAL_SCAPE,919,0.000203600,true,1,10,778
D,ETHEREAL_SCAPE,920,0.000209800,true,1,12,782
D,ETHEREAL_SCAPE,921,0.000185100,true,1,9,796
D,ETHEREAL_SCAPE,922,0.000204100,true,1,14,989
D,ETHEREAL_SCAPE,923,0.000179700,true,1,10,764
D,ETHEREAL_SCAPE,924,0.000189100,true,1,10,797
D,ETHEREAL_SCAPE,925,0.000210000,true,1,13,971
D,ETHEREAL_SCAPE,926,0.000191400,true,1,10,801
D,ETHEREAL_SCAPE,927,0.000210700,true,1,10,785
D,ETHEREAL_SCAPE,928,0.000330900,true,2,27,879
D,ETHEREAL_SCAPE,929,0.000193400,true,1,10,797
D,ETHEREAL_SCAPE,930,0.000182800,true,1,9,799
D,ETHEREAL_SCAPE,931,0.000288700,true,2,23,987
D,ETHEREAL_SCAPE,932,0.000174700,true,1,9,782
D,ETHEREAL_SCAPE,933,0.000177800,true,1,9,755
D,ETHEREAL_SCAPE,934,0.000197300,true,1,10,822
D,ETHEREAL_SCAPE,935,0.000208800,true,1,13,930
D,ETHEREAL_SCAPE,936,0.000245000,true,2,15,834
D,ETHEREAL_SCAPE,937,0.000180500,true,1,10,828
D,ETHEREAL_SCAPE,938,0.000196200,true,1,12,900
D,ETHEREAL_SCAPE,939,0.000269100,true,2,25,858
D,ETHEREAL_SCAPE,940,0.000184000,true,1,9,762
D,ETHEREAL_SCAPE,941,0.000184000,true,1,9,805
D,ETHEREAL_SCAPE,942,0.000292300,true,2,31,906
D,ETHEREAL_SCAPE,943,0.000215100,true,1,14,933
D,ETHEREAL_SCAPE,944,0.000262300,true,2,18,840
D,ETHEREAL_SCAPE,945,0.000175900,true,1,10,778
D,ETHEREAL_SCAPE,946,0.000182500,true,1,10,829
D,ETHEREAL_SCAPE,947,0.000362900,true,3,37,889
D,ETHEREAL_SCAPE,948,0.000172000,true,1,9,755
D,ETHEREAL_SCAPE,949,0.000175800,true,1,9,755
D,ETHEREAL_SCAPE,950,0.000181900,true,1,10,814
D,ETHEREAL_SCAPE,951,0.000183000,true,1,10,827
D,ETHEREAL_SCAPE,952,0.000200700,true,1,9,776
D,ETHEREAL_SCAPE,953,0.000379200,true,2,42,1157
D,ETHEREAL_SCAPE,954,0.000302300,true,2,28,844
D,ETHEREAL_SCAPE,955,0.000297000,true,2,23,824
D,ETHEREAL_SCAPE,956,0.000197400,true,1,9,776
D,ETHEREAL_SCAPE,957,0.000350100,true,2,32,928
D,ETHEREAL_SCAPE,958,0.000244400,true,1,11,903
D,ETHEREAL_SCAPE,959,0.000217200,true,1,9,775
D,ETHEREAL_SCAPE,960,0.000194800,true,1,14,894
D,ETHEREAL_SCAPE,961,0.000183800,true,1,10,779
D,ETHEREAL_SCAPE,962,0.000196200,true,1,9,796
D,ETHEREAL_SCAPE,963,0.000274100,true,2,22,807
D,ETHEREAL_SCAPE,964,0.000189800,true,1,10,777
D,ETHEREAL_SCAPE,965,0.000190800,true,1,10,824
D,ETHEREAL_SCAPE,966,0.000237600,true,1,13,1067
D,ETHEREAL_SCAPE,967,0.000205700,true,1,9,758
D,ETHEREAL_SCAPE,968,0.000187300,true,1,10,808
D,ETHEREAL_SCAPE,969,0.000334500,true,2,29,1262
D,ETHEREAL_SCAPE,970,0.000306600,true,2,40,796
D,ETHEREAL_SCAPE,971,0.000204300,true,1,9,826
D,ETHEREAL_SCAPE,972,0.000381200,true,1,12,882
D,ETHEREAL_SCAPE,973,0.000408100,true,1,11,876
D,ETHEREAL_SCAPE,974,0.000327300,true,1,10,763
D,ETHEREAL_SCAPE,975,0.000334800,true,1,10,829
D,ETHEREAL_SCAPE,976,0.000352200,true,1,9,812
D,ETHEREAL_SCAPE,977,0.000207700,true,1,9,751
D,ETHEREAL_SCAPE,978,0.000200600,true,1,9,755
D,ETHEREAL_SCAPE,979,0.000267200,true,1,18,1394
D,ETHEREAL_SCAPE,980,0.000183200,true,1,10,777
D,ETHEREAL_SCAPE,981,0.000194600,true,1,13,855
D,ETHEREAL_SCAPE,982,0.000190200,true,1,9,826
D,ETHEREAL_SCAPE,983,0.000169700,true,1,11,740
D,ETHEREAL_SCAPE,984,0.000172500,true,1,9,776
D,ETHEREAL_SCAPE,985,0.000279900,true,2,27,897
D,ETHEREAL_SCAPE,986,0.000185400,true,1,9,812
D,ETHEREAL_SCAPE,987,0.000178000,true,1,9,793
D,ETHEREAL_SCAPE,988,0.000194500,true,1,11,840
D,ETHEREAL_SCAPE,989,0.000192300,true,1,11,808
D,ETHEREAL_SCAPE,990,0.000173500,true,1,9,751
D,ETHEREAL_SCAPE,991,0.000177600,true,1,9,763
D,ETHEREAL_SCAPE,992,0.000190200,true,1,10,829
D,ETHEREAL_SCAPE,993,0.000179900,true,1,9,789
D,ETHEREAL_SCAPE,994,0.000177200,true,1,9,769
D,ETHEREAL_SCAPE,995,0.000188400,true,1,9,831
D,ETHEREAL_SCAPE,996,0.000169400,true,1,10,735
D,ETHEREAL_SCAPE,997,0.000182200,true,1,9,764
D,ETHEREAL_SCAPE,998,0.000185500,true,1,14,831
D,ETHEREAL_SCAPE,999,0.000180500,true,1,9,826
D,ETHEREAL_SCAPE,1000,0.000190100,true,1,9,906
E,VERDANT_VALLEY,1,0.000100600,true,1,12,61
E,VERDANT_VALLEY,2,0.000086800,true,1,12,65
E,VERDANT_VALLEY,3,0.000082900,true,1,13,67
E,VERDANT_VALLEY,4,0.000109400,true,1,19,156
E,VERDANT_VALLEY,5,0.000184100,true,2,30,213
E,VERDANT_VALLEY,6,0.000099200,true,1,17,103
E,VERDANT_VALLEY,7,0.000106700,true,1,19,146
E,VERDANT_VALLEY,8,0.000103700,true,1,17,112
E,VERDANT_VALLEY,9,0.000196900,true,2,35,274
E,VERDANT_VALLEY,10,0.000101500,true,1,17,112
E,VERDANT_VALLEY,11,0.000117000,true,1,19,190
E,VERDANT_VALLEY,12,0.000077300,true,1,11,56
E,VERDANT_VALLEY,13,0.000102100,true,1,17,141
E,VERDANT_VALLEY,14,0.000076200,true,1,10,49
E,VERDANT_VALLEY,15,0.000212500,true,2,41,305
E,VERDANT_VALLEY,16,0.000081200,true,1,12,64
E,VERDANT_VALLEY,17,0.000095100,true,1,16,91
E,VERDANT_VALLEY,18,0.000087200,true,1,13,83
E,VERDANT_VALLEY,19,0.000094000,true,1,16,105
E,VERDANT_VALLEY,20,0.000174400,true,2,27,149
E,VERDANT_VALLEY,21,0.000120400,true,1,23,154
E,VERDANT_VALLEY,22,0.000075700,true,1,10,49
E,VERDANT_VALLEY,23,0.000087400,true,1,15,78
E,VERDANT_VALLEY,24,0.000099200,true,1,18,117
E,VERDANT_VALLEY,25,0.000112300,true,1,21,162
E,VERDANT_VALLEY,26,0.000592600,true,1,17,141
E,VERDANT_VALLEY,27,0.000278300,true,1,11,48
E,VERDANT_VALLEY,28,0.000418200,true,1,21,172
E,VERDANT_VALLEY,29,0.000290100,true,1,17,122
E,VERDANT_VALLEY,30,0.000119600,true,1,16,97
E,VERDANT_VALLEY,31,0.000101600,true,1,13,85
E,VERDANT_VALLEY,32,0.000365800,true,3,66,464
E,VERDANT_VALLEY,33,0.000089300,true,1,10,52
E,VERDANT_VALLEY,34,0.000160200,true,2,24,110
E,VERDANT_VALLEY,35,0.000085600,true,1,13,63
E,VERDANT_VALLEY,36,0.000095100,true,1,16,115
E,VERDANT_VALLEY,37,0.000093100,true,1,15,87
E,VERDANT_VALLEY,38,0.000097700,true,1,17,128
E,VERDANT_VALLEY,39,0.000088300,true,1,12,65
E,VERDANT_VALLEY,40,0.000080100,true,1,12,55
E,VERDANT_VALLEY,41,0.000102700,true,1,16,111
E,VERDANT_VALLEY,42,0.000103000,true,1,17,128
E,VERDANT_VALLEY,43,0.000170300,true,1,19,178
E,VERDANT_VALLEY,44,0.000086400,true,1,12,53
E,VERDANT_VALLEY,45,0.000086700,true,1,13,70
E,VERDANT_VALLEY,46,0.000124100,true,1,22,207
E,VERDANT_VALLEY,47,0.000086100,true,1,12,59
E,VERDANT_VALLEY,48,0.000077100,true,1,10,55
E,VERDANT_VALLEY,49,0.000113000,true,1,20,171
E,VERDANT_VALLEY,50,0.000199800,true,2,35,269
E,VERDANT_VALLEY,51,0.000088900,true,1,16,79
E,VERDANT_VALLEY,52,0.000081200,true,1,12,60
E,VERDANT_VALLEY,53,0.000119200,true,1,22,158
E,VERDANT_VALLEY,54,0.000080500,true,1,11,58
E,VERDANT_VALLEY,55,0.000127300,true,1,17,101
E,VERDANT_VALLEY,56,0.000091200,true,1,12,57
E,VERDANT_VALLEY,57,0.000091800,true,1,11,52
E,VERDANT_VALLEY,58,0.000115200,true,1,20,155
E,VERDANT_VALLEY,59,0.000089800,true,1,14,75
E,VERDANT_VALLEY,60,0.000115600,true,1,18,141
E,VERDANT_VALLEY,61,0.000090100,true,1,15,84
E,VERDANT_VALLEY,62,0.000309200,true,3,58,423
E,VERDANT_VALLEY,63,0.000090000,true,1,13,85
E,VERDANT_VALLEY,64,0.000086800,true,1,14,83
E,VERDANT_VALLEY,65,0.000090700,true,1,16,71
E,VERDANT_VALLEY,66,0.000224100,true,2,37,320
E,VERDANT_VALLEY,67,0.000190800,true,1,16,108
E,VERDANT_VALLEY,68,0.000117200,true,1,16,103
E,VERDANT_VALLEY,69,0.000095400,true,1,14,68
E,VERDANT_VALLEY,70,0.000204100,true,2,35,228
E,VERDANT_VALLEY,71,0.000102400,true,1,16,115
E,VERDANT_VALLEY,72,0.000116700,true,1,10,48
E,VERDANT_VALLEY,73,0.000132200,true,1,24,161
E,VERDANT_VALLEY,74,0.000082300,true,1,12,56
E,VERDANT_VALLEY,75,0.000099000,true,1,14,105
E,VERDANT_VALLEY,76,0.000118400,true,1,22,169
E,VERDANT_VALLEY,77,0.000082900,true,1,13,66
E,VERDANT_VALLEY,78,0.000082600,true,1,12,64
E,VERDANT_VALLEY,79,0.000106300,true,1,19,127
E,VERDANT_VALLEY,80,0.000094600,true,1,13,71
E,VERDANT_VALLEY,81,0.000087300,true,1,13,70
E,VERDANT_VALLEY,82,0.000167500,true,2,30,122
E,VERDANT_VALLEY,83,0.000088400,true,1,14,79
E,VERDANT_VALLEY,84,0.000085600,true,1,13,70
E,VERDANT_VALLEY,85,0.000196300,true,2,35,224
E,VERDANT_VALLEY,86,0.000090800,true,1,14,105
E,VERDANT_VALLEY,87,0.000104100,true,1,18,131
E,VERDANT_VALLEY,88,0.000112600,true,1,21,143
E,VERDANT_VALLEY,89,0.000080900,true,1,10,55
E,VERDANT_VALLEY,90,0.000100400,true,1,14,105
E,VERDANT_VALLEY,91,0.000108500,true,1,16,76
E,VERDANT_VALLEY,92,0.000130300,true,1,24,211
E,VERDANT_VALLEY,93,0.000095700,true,1,15,120
E,VERDANT_VALLEY,94,0.000128500,true,1,16,124
E,VERDANT_VALLEY,95,0.000231500,true,2,36,266
E,VERDANT_VALLEY,96,0.000092400,true,1,15,75
E,VERDANT_VALLEY,97,0.000241700,true,2,36,237
E,VERDANT_VALLEY,98,0.000082900,true,1,11,62
E,VERDANT_VALLEY,99,0.000238800,true,2,29,150
E,VERDANT_VALLEY,100,0.000110800,true,1,16,84
E,VERDANT_VALLEY,101,0.000098700,true,1,15,72
E,VERDANT_VALLEY,102,0.000094800,true,1,13,64
E,VERDANT_VALLEY,103,0.000232900,true,2,39,271
E,VERDANT_VALLEY,104,0.000346200,true,1,16,116
E,VERDANT_VALLEY,105,0.000509000,true,2,50,366
E,VERDANT_VALLEY,106,0.000142100,true,1,18,108
E,VERDANT_VALLEY,107,0.000100200,true,1,12,61
E,VERDANT_VALLEY,108,0.000103000,true,1,15,69
E,VERDANT_VALLEY,109,0.000233000,true,2,40,234
E,VERDANT_VALLEY,110,0.000109700,true,1,15,96
E,VERDANT_VALLEY,111,0.000150700,true,1,12,53
E,VERDANT_VALLEY,112,0.000117000,true,1,14,97
E,VERDANT_VALLEY,113,0.000220800,true,2,40,252
E,VERDANT_VALLEY,114,0.000081400,true,1,12,52
E,VERDANT_VALLEY,115,0.000091300,true,1,15,97
E,VERDANT_VALLEY,116,0.000113600,true,1,19,178
E,VERDANT_VALLEY,117,0.000105100,true,1,16,115
E,VERDANT_VALLEY,118,0.000101900,true,1,15,120
E,VERDANT_VALLEY,119,0.000097800,true,1,14,71
E,VERDANT_VALLEY,120,0.000088400,true,1,12,61
E,VERDANT_VALLEY,121,0.000084900,true,1,12,64
E,VERDANT_VALLEY,122,0.000150500,true,2,22,99
E,VERDANT_VALLEY,123,0.000130000,true,1,18,103
E,VERDANT_VALLEY,124,0.000133800,true,1,21,196
E,VERDANT_VALLEY,125,0.000218000,true,2,38,250
E,VERDANT_VALLEY,126,0.000110200,true,1,21,102
E,VERDANT_VALLEY,127,0.000105300,true,1,14,85
E,VERDANT_VALLEY,128,0.000289400,true,3,40,227
E,VERDANT_VALLEY,129,0.000081700,true,1,11,53
E,VERDANT_VALLEY,130,0.000079600,true,1,11,58
E,VERDANT_VALLEY,131,0.000113900,true,1,20,172
E,VERDANT_VALLEY,132,0.000078000,true,1,10,48
E,VERDANT_VALLEY,133,0.000135600,true,1,15,76
E,VERDANT_VALLEY,134,0.000098600,true,1,13,61
E,VERDANT_VALLEY,135,0.000229100,true,2,33,213
E,VERDANT_VALLEY,136,0.000109800,true,1,14,86
E,VERDANT_VALLEY,137,0.000096800,true,1,14,82
E,VERDANT_VALLEY,138,0.000090300,true,1,12,64
E,VERDANT_VALLEY,139,0.000120300,true,1,17,153
E,VERDANT_VALLEY,140,0.000143400,true,1,19,190
E,VERDANT_VALLEY,141,0.000362700,true,2,31,153
E,VERDANT_VALLEY,142,0.000185300,true,1,14,90
E,VERDANT_VALLEY,143,0.000181400,true,1,16,81
E,VERDANT_VALLEY,144,0.000174700,true,1,15,98
E,VERDANT_VALLEY,145,0.000304700,true,2,27,148
E,VERDANT_VALLEY,146,0.000144100,true,1,12,51
E,VERDANT_VALLEY,147,0.000152900,true,1,13,62
E,VERDANT_VALLEY,148,0.000138300,true,1,11,57
E,VERDANT_VALLEY,149,0.000143800,true,1,12,58
E,VERDANT_VALLEY,150,0.000171900,true,1,16,109
E,VERDANT_VALLEY,151,0.000104600,true,1,12,66
E,VERDANT_VALLEY,152,0.000095700,true,1,11,56
E,VERDANT_VALLEY,153,0.000122200,true,1,16,101
E,VERDANT_VALLEY,154,0.000154400,true,1,13,67
E,VERDANT_VALLEY,155,0.000152100,true,1,16,107
E,VERDANT_VALLEY,156,0.000106400,true,1,18,99
E,VERDANT_VALLEY,157,0.000093900,true,1,14,95
E,VERDANT_VALLEY,158,0.000193300,true,2,35,212
E,VERDANT_VALLEY,159,0.000086700,true,1,13,65
E,VERDANT_VALLEY,160,0.000085900,true,1,14,73
E,VERDANT_VALLEY,161,0.000115100,true,1,11,62
E,VERDANT_VALLEY,162,0.000091000,true,1,15,104
E,VERDANT_VALLEY,163,0.000228100,true,2,40,308
E,VERDANT_VALLEY,164,0.000115000,true,1,21,125
E,VERDANT_VALLEY,165,0.000083900,true,1,11,61
E,VERDANT_VALLEY,166,0.000097400,true,1,15,90
E,VERDANT_VALLEY,167,0.000092400,true,1,15,81
E,VERDANT_VALLEY,168,0.000082300,true,1,11,57
E,VERDANT_VALLEY,169,0.000130700,true,1,26,215
E,VERDANT_VALLEY,170,0.000195200,true,2,33,205
E,VERDANT_VALLEY,171,0.000202600,true,2,38,264
E,VERDANT_VALLEY,172,0.000097500,true,1,15,91
E,VERDANT_VALLEY,173,0.000094000,true,1,15,90
E,VERDANT_VALLEY,174,0.000096100,true,1,15,97
E,VERDANT_VALLEY,175,0.000087700,true,1,12,78
E,VERDANT_VALLEY,176,0.000077600,true,1,10,52
E,VERDANT_VALLEY,177,0.000096900,true,1,18,97
E,VERDANT_VALLEY,178,0.000092700,true,1,12,78
E,VERDANT_VALLEY,179,0.000102300,true,1,17,100
E,VERDANT_VALLEY,180,0.000213100,true,2,37,239
E,VERDANT_VALLEY,181,0.000102800,true,1,16,112
E,VERDANT_VALLEY,182,0.000116100,true,1,19,154
E,VERDANT_VALLEY,183,0.000183000,true,2,29,206
E,VERDANT_VALLEY,184,0.000093900,true,1,15,91
E,VERDANT_VALLEY,185,0.000085400,true,1,11,58
E,VERDANT_VALLEY,186,0.000195500,true,2,35,243
E,VERDANT_VALLEY,187,0.000096900,true,1,18,102
E,VERDANT_VALLEY,188,0.000083700,true,1,14,71
E,VERDANT_VALLEY,189,0.000080700,true,1,12,66
E,VERDANT_VALLEY,190,0.000112900,true,1,22,156
E,VERDANT_VALLEY,191,0.000092300,true,1,14,88
E,VERDANT_VALLEY,192,0.000112600,true,1,18,103
E,VERDANT_VALLEY,193,0.000166500,true,2,25,156
E,VERDANT_VALLEY,194,0.000087600,true,1,11,58
E,VERDANT_VALLEY,195,0.000101000,true,1,17,139
E,VERDANT_VALLEY,196,0.000090500,true,1,14,69
E,VERDANT_VALLEY,197,0.000098700,true,1,15,108
E,VERDANT_VALLEY,198,0.000086900,true,1,12,67
E,VERDANT_VALLEY,199,0.000220600,true,2,52,253
E,VERDANT_VALLEY,200,0.000113900,true,1,18,171
E,VERDANT_VALLEY,201,0.000093300,true,1,15,95
E,VERDANT_VALLEY,202,0.000137100,true,1,23,205
E,VERDANT_VALLEY,203,0.000101800,true,1,15,120
E,VERDANT_VALLEY,204,0.000102800,true,1,20,95
E,VERDANT_VALLEY,205,0.000099600,true,1,16,96
E,VERDANT_VALLEY,206,0.000162400,true,1,15,101
E,VERDANT_VALLEY,207,0.000110900,true,1,20,105
E,VERDANT_VALLEY,208,0.000220500,true,2,37,217
E,VERDANT_VALLEY,209,0.000091200,true,1,12,54
E,VERDANT_VALLEY,210,0.000104900,true,1,13,69
E,VERDANT_VALLEY,211,0.000121800,true,1,20,134
E,VERDANT_VALLEY,212,0.000106200,true,1,15,89
E,VERDANT_VALLEY,213,0.000090900,true,1,14,74
E,VERDANT_VALLEY,214,0.000096800,true,1,15,96
E,VERDANT_VALLEY,215,0.000095700,true,1,17,100
E,VERDANT_VALLEY,216,0.000101700,true,1,19,125
E,VERDANT_VALLEY,217,0.000093300,true,1,15,68
E,VERDANT_VALLEY,218,0.000115900,true,1,14,74
E,VERDANT_VALLEY,219,0.000089500,true,1,14,69
E,VERDANT_VALLEY,220,0.000108400,true,1,17,129
E,VERDANT_VALLEY,221,0.000081800,true,1,12,64
E,VERDANT_VALLEY,222,0.000082000,true,1,13,60
E,VERDANT_VALLEY,223,0.000210800,true,2,42,254
E,VERDANT_VALLEY,224,0.000181100,true,2,29,207
E,VERDANT_VALLEY,225,0.000106800,true,1,18,154
E,VERDANT_VALLEY,226,0.000211100,true,2,40,305
E,VERDANT_VALLEY,227,0.000102600,true,1,18,132
E,VERDANT_VALLEY,228,0.000255700,true,2,43,314
E,VERDANT_VALLEY,229,0.000112800,true,1,21,172
E,VERDANT_VALLEY,230,0.000102100,true,1,15,112
E,VERDANT_VALLEY,231,0.000089900,true,1,14,84
E,VERDANT_VALLEY,232,0.000084800,true,1,14,76
E,VERDANT_VALLEY,233,0.000081400,true,1,14,61
E,VERDANT_VALLEY,234,0.000091000,true,1,18,99
E,VERDANT_VALLEY,235,0.000081000,true,1,12,65
E,VERDANT_VALLEY,236,0.000189000,true,2,37,230
E,VERDANT_VALLEY,237,0.000078500,true,1,11,59
E,VERDANT_VALLEY,238,0.000122200,true,1,19,178
E,VERDANT_VALLEY,239,0.000096300,true,1,16,93
E,VERDANT_VALLEY,240,0.000086900,true,1,15,78
E,VERDANT_VALLEY,241,0.000081800,true,1,13,66
E,VERDANT_VALLEY,242,0.000107400,true,1,18,110
E,VERDANT_VALLEY,243,0.000117900,true,1,21,196
E,VERDANT_VALLEY,244,0.000095500,true,1,15,99
E,VERDANT_VALLEY,245,0.000090600,true,1,16,77
E,VERDANT_VALLEY,246,0.000101200,true,1,17,125
E,VERDANT_VALLEY,247,0.000150600,true,2,21,96
E,VERDANT_VALLEY,248,0.000083700,true,1,13,65
E,VERDANT_VALLEY,249,0.000092900,true,1,17,90
E,VERDANT_VALLEY,250,0.000227800,true,2,36,249
E,VERDANT_VALLEY,251,0.000109100,true,1,19,157
E,VERDANT_VALLEY,252,0.000105200,true,1,18,121
E,VERDANT_VALLEY,253,0.000080600,true,1,10,51
E,VERDANT_VALLEY,254,0.000081700,true,1,12,68
E,VERDANT_VALLEY,255,0.000077800,true,1,11,56
E,VERDANT_VALLEY,256,0.000119200,true,1,21,212
E,VERDANT_VALLEY,257,0.000112800,true,1,20,143
E,VERDANT_VALLEY,258,0.000095500,true,1,14,85
E,VERDANT_VALLEY,259,0.000104700,true,1,19,159
E,VERDANT_VALLEY,260,0.000111000,true,1,20,125
E,VERDANT_VALLEY,261,0.000077300,true,1,10,49
E,VERDANT_VALLEY,262,0.000083900,true,1,14,79
E,VERDANT_VALLEY,263,0.000098800,true,1,18,121
E,VERDANT_VALLEY,264,0.000085700,true,1,14,80
E,VERDANT_VALLEY,265,0.000085200,true,1,12,67
E,VERDANT_VALLEY,266,0.000083400,true,1,13,60
E,VERDANT_VALLEY,267,0.000106600,true,1,21,152
E,VERDANT_VALLEY,268,0.000212800,true,2,40,268
E,VERDANT_VALLEY,269,0.000125600,true,1,23,220
E,VERDANT_VALLEY,270,0.000083500,true,1,13,71
E,VERDANT_VALLEY,271,0.000086100,true,1,12,63
E,VERDANT_VALLEY,272,0.000102500,true,1,17,101
E,VERDANT_VALLEY,273,0.000219200,true,2,43,263
E,VERDANT_VALLEY,274,0.000099500,true,1,17,122
E,VERDANT_VALLEY,275,0.000129800,true,1,15,82
E,VERDANT_VALLEY,276,0.000121400,true,1,22,183
E,VERDANT_VALLEY,277,0.000095200,true,1,13,91
E,VERDANT_VALLEY,278,0.000094700,true,1,15,98
E,VERDANT_VALLEY,279,0.000321900,true,1,14,105
E,VERDANT_VALLEY,280,0.000320600,true,1,19,140
E,VERDANT_VALLEY,281,0.000222300,true,1,14,94
E,VERDANT_VALLEY,282,0.000116600,true,1,12,61
E,VERDANT_VALLEY,283,0.000456900,true,1,19,121
E,VERDANT_VALLEY,284,0.000138000,true,1,13,69
E,VERDANT_VALLEY,285,0.000148700,true,1,9,45
E,VERDANT_VALLEY,286,0.000153400,true,1,11,47
E,VERDANT_VALLEY,287,0.000159500,true,1,18,105
E,VERDANT_VALLEY,288,0.000135600,true,1,19,154
E,VERDANT_VALLEY,289,0.000095700,true,1,14,76
E,VERDANT_VALLEY,290,0.000097000,true,1,14,68
E,VERDANT_VALLEY,291,0.000093000,true,1,14,84
E,VERDANT_VALLEY,292,0.000128700,true,1,26,207
E,VERDANT_VALLEY,293,0.000112100,true,1,13,52
E,VERDANT_VALLEY,294,0.000112800,true,1,13,91
E,VERDANT_VALLEY,295,0.000205100,true,1,14,64
E,VERDANT_VALLEY,296,0.000106200,true,1,15,108
E,VERDANT_VALLEY,297,0.000134600,true,1,16,125
E,VERDANT_VALLEY,298,0.000160300,true,1,21,155
E,VERDANT_VALLEY,299,0.000272000,true,2,32,225
E,VERDANT_VALLEY,300,0.000129500,true,1,18,111
E,VERDANT_VALLEY,301,0.000095500,true,1,10,46
E,VERDANT_VALLEY,302,0.000112900,true,1,12,64
E,VERDANT_VALLEY,303,0.000096800,true,1,11,51
E,VERDANT_VALLEY,304,0.000112600,true,1,14,82
E,VERDANT_VALLEY,305,0.000100800,true,1,13,69
E,VERDANT_VALLEY,306,0.000089200,true,1,10,48
E,VERDANT_VALLEY,307,0.000142800,true,1,24,199
E,VERDANT_VALLEY,308,0.000100000,true,1,12,78
E,VERDANT_VALLEY,309,0.000087500,true,1,10,55
E,VERDANT_VALLEY,310,0.000229200,true,2,36,239
E,VERDANT_VALLEY,311,0.000125000,true,1,12,61
E,VERDANT_VALLEY,312,0.000131600,true,1,17,139
E,VERDANT_VALLEY,313,0.000089500,true,1,12,63
E,VERDANT_VALLEY,314,0.000192300,true,2,34,190
E,VERDANT_VALLEY,315,0.000173400,true,2,29,149
E,VERDANT_VALLEY,316,0.000088100,true,1,13,64
E,VERDANT_VALLEY,317,0.000115200,true,1,20,137
E,VERDANT_VALLEY,318,0.000089900,true,1,13,65
E,VERDANT_VALLEY,319,0.000098100,true,1,14,105
E,VERDANT_VALLEY,320,0.000212200,true,2,37,281
E,VERDANT_VALLEY,321,0.000102600,true,1,19,122
E,VERDANT_VALLEY,322,0.000083500,true,1,12,62
E,VERDANT_VALLEY,323,0.000078600,true,1,11,54
E,VERDANT_VALLEY,324,0.000076200,true,1,12,51
E,VERDANT_VALLEY,325,0.000102400,true,1,15,90
E,VERDANT_VALLEY,326,0.000098600,true,1,17,113
E,VERDANT_VALLEY,327,0.000112700,true,1,19,112
E,VERDANT_VALLEY,328,0.000468000,true,4,87,605
E,VERDANT_VALLEY,329,0.000079300,true,1,11,59
E,VERDANT_VALLEY,330,0.000125400,true,1,20,168
E,VERDANT_VALLEY,331,0.000107800,true,1,19,114
E,VERDANT_VALLEY,332,0.000127200,true,1,21,160
E,VERDANT_VALLEY,333,0.000121100,true,1,17,125
E,VERDANT_VALLEY,334,0.000138900,true,1,21,159
E,VERDANT_VALLEY,335,0.000100700,true,1,16,72
E,VERDANT_VALLEY,336,0.000261800,true,2,43,247
E,VERDANT_VALLEY,337,0.000564000,true,3,55,414
E,VERDANT_VALLEY,338,0.000196200,true,1,17,99
E,VERDANT_VALLEY,339,0.000351900,true,2,39,237
E,VERDANT_VALLEY,340,0.000171000,true,1,11,52
E,VERDANT_VALLEY,341,0.000165400,true,1,12,65
E,VERDANT_VALLEY,342,0.000421300,true,2,45,277
E,VERDANT_VALLEY,343,0.000162800,true,1,14,85
E,VERDANT_VALLEY,344,0.000162200,true,1,19,149
E,VERDANT_VALLEY,345,0.000118100,true,1,16,115
E,VERDANT_VALLEY,346,0.000096600,true,1,11,59
E,VERDANT_VALLEY,347,0.000090700,true,1,11,60
E,VERDANT_VALLEY,348,0.000121200,true,1,22,107
E,VERDANT_VALLEY,349,0.000074500,true,1,10,52
E,VERDANT_VALLEY,350,0.000079700,true,1,10,55
E,VERDANT_VALLEY,351,0.000225400,true,2,41,300
E,VERDANT_VALLEY,352,0.000104400,true,1,15,120
E,VERDANT_VALLEY,353,0.000090500,true,1,15,91
E,VERDANT_VALLEY,354,0.000081700,true,1,12,55
E,VERDANT_VALLEY,355,0.000089000,true,1,14,88
E,VERDANT_VALLEY,356,0.000106000,true,1,19,143
E,VERDANT_VALLEY,357,0.000102400,true,1,17,140
E,VERDANT_VALLEY,358,0.000094500,true,1,14,87
E,VERDANT_VALLEY,359,0.000088000,true,1,16,64
E,VERDANT_VALLEY,360,0.000110000,true,1,18,126
E,VERDANT_VALLEY,361,0.000099900,true,1,16,111
E,VERDANT_VALLEY,362,0.000098800,true,1,17,108
E,VERDANT_VALLEY,363,0.000084400,true,1,12,61
E,VERDANT_VALLEY,364,0.000221300,true,2,40,246
E,VERDANT_VALLEY,365,0.000086200,true,1,14,62
E,VERDANT_VALLEY,366,0.000092800,true,1,16,82
E,VERDANT_VALLEY,367,0.000116500,true,1,20,162
E,VERDANT_VALLEY,368,0.000233100,true,2,42,203
E,VERDANT_VALLEY,369,0.000322200,true,3,56,383
E,VERDANT_VALLEY,370,0.000209100,true,2,37,248
E,VERDANT_VALLEY,371,0.000095100,true,1,15,70
E,VERDANT_VALLEY,372,0.000083300,true,1,10,48
E,VERDANT_VALLEY,373,0.000089700,true,1,13,71
E,VERDANT_VALLEY,374,0.000109400,true,1,20,132
E,VERDANT_VALLEY,375,0.000098000,true,1,16,105
E,VERDANT_VALLEY,376,0.000207700,true,2,37,232
E,VERDANT_VALLEY,377,0.000094100,true,1,15,84
E,VERDANT_VALLEY,378,0.000085500,true,1,12,64
E,VERDANT_VALLEY,379,0.000083700,true,1,11,58
E,VERDANT_VALLEY,380,0.000104900,true,1,20,132
E,VERDANT_VALLEY,381,0.000105300,true,1,19,139
E,VERDANT_VALLEY,382,0.000077800,true,1,10,55
E,VERDANT_VALLEY,383,0.000085900,true,1,13,62
E,VERDANT_VALLEY,384,0.000088000,true,1,13,80
E,VERDANT_VALLEY,385,0.000108000,true,1,22,127
E,VERDANT_VALLEY,386,0.000088700,true,1,15,80
E,VERDANT_VALLEY,387,0.000081400,true,1,10,55
E,VERDANT_VALLEY,388,0.000091000,true,1,14,68
E,VERDANT_VALLEY,389,0.000231800,true,2,44,326
E,VERDANT_VALLEY,390,0.000103500,true,1,15,110
E,VERDANT_VALLEY,391,0.000087900,true,1,15,78
E,VERDANT_VALLEY,392,0.000090500,true,1,15,94
E,VERDANT_VALLEY,393,0.000095300,true,1,15,120
E,VERDANT_VALLEY,394,0.000186200,true,2,27,133
E,VERDANT_VALLEY,395,0.000130400,true,1,17,119
E,VERDANT_VALLEY,396,0.000087500,true,1,12,63
E,VERDANT_VALLEY,397,0.000080300,true,1,12,58
E,VERDANT_VALLEY,398,0.000112900,true,1,23,137
E,VERDANT_VALLEY,399,0.000089200,true,1,13,81
E,VERDANT_VALLEY,400,0.000108600,true,1,20,160
E,VERDANT_VALLEY,401,0.000198900,true,2,35,273
E,VERDANT_VALLEY,402,0.000194100,true,2,34,237
E,VERDANT_VALLEY,403,0.000107400,true,1,19,114
E,VERDANT_VALLEY,404,0.000096900,true,1,12,63
E,VERDANT_VALLEY,405,0.000193500,true,2,36,177
E,VERDANT_VALLEY,406,0.000106100,true,1,20,128
E,VERDANT_VALLEY,407,0.000102800,true,1,18,108
E,VERDANT_VALLEY,408,0.000091900,true,1,13,91
E,VERDANT_VALLEY,409,0.000217700,true,2,43,316
E,VERDANT_VALLEY,410,0.000090000,true,1,14,96
E,VERDANT_VALLEY,411,0.000473000,true,4,97,712
E,VERDANT_VALLEY,412,0.000098000,true,1,15,66
E,VERDANT_VALLEY,413,0.000106700,true,1,21,130
E,VERDANT_VALLEY,414,0.000089400,true,1,13,85
E,VERDANT_VALLEY,415,0.000105900,true,1,17,115
E,VERDANT_VALLEY,416,0.000295900,true,3,51,365
E,VERDANT_VALLEY,417,0.000107400,true,1,17,153
E,VERDANT_VALLEY,418,0.000080300,true,1,12,59
E,VERDANT_VALLEY,419,0.000096100,true,1,16,106
E,VERDANT_VALLEY,420,0.000161500,true,2,25,113
E,VERDANT_VALLEY,421,0.000190000,true,2,33,190
E,VERDANT_VALLEY,422,0.000083900,true,1,13,66
E,VERDANT_VALLEY,423,0.000096900,true,1,17,109
E,VERDANT_VALLEY,424,0.000093200,true,1,15,99
E,VERDANT_VALLEY,425,0.000086900,true,1,15,76
E,VERDANT_VALLEY,426,0.000103300,true,1,18,117
E,VERDANT_VALLEY,427,0.000108400,true,1,19,153
E,VERDANT_VALLEY,428,0.000100100,true,1,16,115
E,VERDANT_VALLEY,429,0.000108000,true,1,17,103
E,VERDANT_VALLEY,430,0.000113200,true,1,21,175
E,VERDANT_VALLEY,431,0.000094900,true,1,15,112
E,VERDANT_VALLEY,432,0.000086600,true,1,14,66
E,VERDANT_VALLEY,433,0.000118000,true,1,21,151
E,VERDANT_VALLEY,434,0.000110100,true,1,21,147
E,VERDANT_VALLEY,435,0.000080600,true,1,12,58
E,VERDANT_VALLEY,436,0.000155300,true,2,24,117
E,VERDANT_VALLEY,437,0.000087400,true,1,14,88
E,VERDANT_VALLEY,438,0.000078800,true,1,12,49
E,VERDANT_VALLEY,439,0.000094600,true,1,16,87
E,VERDANT_VALLEY,440,0.000088600,true,1,14,79
E,VERDANT_VALLEY,441,0.000103100,true,1,15,87
E,VERDANT_VALLEY,442,0.000189000,true,2,34,235
E,VERDANT_VALLEY,443,0.000197400,true,2,32,233
E,VERDANT_VALLEY,444,0.000098600,true,1,17,110
E,VERDANT_VALLEY,445,0.000101400,true,1,17,117
E,VERDANT_VALLEY,446,0.000088000,true,1,13,71
E,VERDANT_VALLEY,447,0.000132700,true,1,25,206
E,VERDANT_VALLEY,448,0.000087800,true,1,14,78
E,VERDANT_VALLEY,449,0.000079700,true,1,12,66
E,VERDANT_VALLEY,450,0.000084700,true,1,13,67
E,VERDANT_VALLEY,451,0.000110000,true,1,18,136
E,VERDANT_VALLEY,452,0.000085000,true,1,13,80
E,VERDANT_VALLEY,453,0.000108600,true,1,22,132
E,VERDANT_VALLEY,454,0.000078500,true,1,11,61
E,VERDANT_VALLEY,455,0.000078700,true,1,10,55
E,VERDANT_VALLEY,456,0.000090200,true,1,15,76
E,VERDANT_VALLEY,457,0.000079600,true,1,12,67
E,VERDANT_VALLEY,458,0.000081600,true,1,13,67
E,VERDANT_VALLEY,459,0.000093100,true,1,15,76
E,VERDANT_VALLEY,460,0.000082800,true,1,13,68
E,VERDANT_VALLEY,461,0.000080400,true,1,13,55
E,VERDANT_VALLEY,462,0.000100100,true,1,19,106
E,VERDANT_VALLEY,463,0.000092300,true,1,17,88
E,VERDANT_VALLEY,464,0.000091900,true,1,14,97
E,VERDANT_VALLEY,465,0.000320800,true,2,40,296
E,VERDANT_VALLEY,466,0.000115100,true,1,16,114
E,VERDANT_VALLEY,467,0.000111900,true,1,18,158
E,VERDANT_VALLEY,468,0.000104700,true,1,17,107
E,VERDANT_VALLEY,469,0.000124800,true,1,23,215
E,VERDANT_VALLEY,470,0.000088400,true,1,15,67
E,VERDANT_VALLEY,471,0.000215400,true,2,37,311
E,VERDANT_VALLEY,472,0.000102400,true,1,17,126
E,VERDANT_VALLEY,473,0.000081200,true,1,11,50
E,VERDANT_VALLEY,474,0.000089400,true,1,14,87
E,VERDANT_VALLEY,475,0.000093600,true,1,16,93
E,VERDANT_VALLEY,476,0.000117400,true,1,13,61
E,VERDANT_VALLEY,477,0.000128600,true,1,20,153
E,VERDANT_VALLEY,478,0.000104800,true,1,16,113
E,VERDANT_VALLEY,479,0.000096300,true,1,15,84
E,VERDANT_VALLEY,480,0.000092800,true,1,14,105
E,VERDANT_VALLEY,481,0.000079800,true,1,11,51
E,VERDANT_VALLEY,482,0.000093900,true,1,16,99
E,VERDANT_VALLEY,483,0.000228700,true,2,41,275
E,VERDANT_VALLEY,484,0.000092500,true,1,15,91
E,VERDANT_VALLEY,485,0.000109000,true,1,16,101
E,VERDANT_VALLEY,486,0.000184200,true,1,10,55
E,VERDANT_VALLEY,487,0.000098100,true,1,16,84
E,VERDANT_VALLEY,488,0.000118800,true,1,15,97
E,VERDANT_VALLEY,489,0.000103500,true,1,11,61
E,VERDANT_VALLEY,490,0.000108000,true,1,13,83
E,VERDANT_VALLEY,491,0.000285100,true,2,36,270
E,VERDANT_VALLEY,492,0.000116000,true,1,13,84
E,VERDANT_VALLEY,493,0.000130500,true,1,18,122
E,VERDANT_VALLEY,494,0.000122900,true,1,17,128
E,VERDANT_VALLEY,495,0.000249700,true,2,38,293
E,VERDANT_VALLEY,496,0.000097700,true,1,14,74
E,VERDANT_VALLEY,497,0.000126700,true,1,16,105
E,VERDANT_VALLEY,498,0.000122500,true,1,16,111
E,VERDANT_VALLEY,499,0.000106300,true,1,13,91
E,VERDANT_VALLEY,500,0.000125400,true,1,21,116
E,VERDANT_VALLEY,501,0.000107800,true,1,14,82
E,VERDANT_VALLEY,502,0.000093300,true,1,11,62
E,VERDANT_VALLEY,503,0.000093800,true,1,12,65
E,VERDANT_VALLEY,504,0.000137500,true,1,20,196
E,VERDANT_VALLEY,505,0.000120700,true,1,23,166
E,VERDANT_VALLEY,506,0.000100700,true,1,16,107
E,VERDANT_VALLEY,507,0.000131800,true,1,27,211
E,VERDANT_VALLEY,508,0.000105000,true,1,18,104
E,VERDANT_VALLEY,509,0.000106300,true,1,13,82
E,VERDANT_VALLEY,510,0.000094900,true,1,14,73
E,VERDANT_VALLEY,511,0.000119700,true,1,19,114
E,VERDANT_VALLEY,512,0.000094900,true,1,15,73
E,VERDANT_VALLEY,513,0.000117500,true,1,20,169
E,VERDANT_VALLEY,514,0.000076200,true,1,10,46
E,VERDANT_VALLEY,515,0.000118300,true,1,19,103
E,VERDANT_VALLEY,516,0.000095000,true,1,14,82
E,VERDANT_VALLEY,517,0.000141900,true,1,25,227
E,VERDANT_VALLEY,518,0.000088000,true,1,11,56
E,VERDANT_VALLEY,519,0.000078300,true,1,11,62
E,VERDANT_VALLEY,520,0.000125900,true,1,21,167
E,VERDANT_VALLEY,521,0.000092000,true,1,11,56
E,VERDANT_VALLEY,522,0.000126000,true,1,19,135
E,VERDANT_VALLEY,523,0.000095600,true,1,12,62
E,VERDANT_VALLEY,524,0.000083200,true,1,12,64
E,VERDANT_VALLEY,525,0.000093500,true,1,15,66
E,VERDANT_VALLEY,526,0.000281100,true,3,46,281
E,VERDANT_VALLEY,527,0.000087100,true,1,9,45
E,VERDANT_VALLEY,528,0.000107200,true,1,13,82
E,VERDANT_VALLEY,529,0.000101700,true,1,14,70
E,VERDANT_VALLEY,530,0.000091400,true,1,11,58
E,VERDANT_VALLEY,531,0.000086100,true,1,11,62
E,VERDANT_VALLEY,532,0.000119400,true,1,18,139
E,VERDANT_VALLEY,533,0.000094100,true,1,12,78
E,VERDANT_VALLEY,534,0.000124400,true,1,17,124
E,VERDANT_VALLEY,535,0.000472500,true,2,51,381
E,VERDANT_VALLEY,536,0.000308300,true,2,21,106
E,VERDANT_VALLEY,537,0.000166400,true,1,17,118
E,VERDANT_VALLEY,538,0.000410200,true,2,41,267
E,VERDANT_VALLEY,539,0.000211300,true,1,21,143
E,VERDANT_VALLEY,540,0.000168900,true,1,14,78
E,VERDANT_VALLEY,541,0.000173500,true,1,14,88
E,VERDANT_VALLEY,542,0.000295700,true,2,48,356
E,VERDANT_VALLEY,543,0.000128900,true,1,19,146
E,VERDANT_VALLEY,544,0.000141000,true,1,24,184
E,VERDANT_VALLEY,545,0.000157300,true,2,21,102
E,VERDANT_VALLEY,546,0.000090300,true,1,17,74
E,VERDANT_VALLEY,547,0.000081000,true,1,11,62
E,VERDANT_VALLEY,548,0.000164500,true,2,26,156
E,VERDANT_VALLEY,549,0.000082800,true,1,13,60
E,VERDANT_VALLEY,550,0.000082200,true,1,12,66
E,VERDANT_VALLEY,551,0.000082000,true,1,13,69
E,VERDANT_VALLEY,552,0.000107100,true,1,21,149
E,VERDANT_VALLEY,553,0.000097500,true,1,16,104
E,VERDANT_VALLEY,554,0.000091100,true,1,15,105
E,VERDANT_VALLEY,555,0.000084500,true,1,14,70
E,VERDANT_VALLEY,556,0.000085100,true,1,14,67
E,VERDANT_VALLEY,557,0.000181200,true,2,31,196
E,VERDANT_VALLEY,558,0.000079600,true,1,12,61
E,VERDANT_VALLEY,559,0.000087500,true,1,13,60
E,VERDANT_VALLEY,560,0.000096300,true,1,17,100
E,VERDANT_VALLEY,561,0.000078800,true,1,12,57
E,VERDANT_VALLEY,562,0.000198900,true,2,36,271
E,VERDANT_VALLEY,563,0.000087800,true,1,13,84
E,VERDANT_VALLEY,564,0.000105600,true,1,18,116
E,VERDANT_VALLEY,565,0.000085000,true,1,15,86
E,VERDANT_VALLEY,566,0.000094500,true,1,17,97
E,VERDANT_VALLEY,567,0.000084600,true,1,14,70
E,VERDANT_VALLEY,568,0.000085500,true,1,14,74
E,VERDANT_VALLEY,569,0.000097200,true,1,17,107
E,VERDANT_VALLEY,570,0.000177100,true,2,48,122
E,VERDANT_VALLEY,571,0.000080800,true,1,12,63
E,VERDANT_VALLEY,572,0.000074300,true,1,10,51
E,VERDANT_VALLEY,573,0.000089400,true,1,15,89
E,VERDANT_VALLEY,574,0.000082200,true,1,12,78
E,VERDANT_VALLEY,575,0.000090300,true,1,14,83
E,VERDANT_VALLEY,576,0.000093900,true,1,17,100
E,VERDANT_VALLEY,577,0.000075800,true,1,11,58
E,VERDANT_VALLEY,578,0.000101000,true,1,17,126
E,VERDANT_VALLEY,579,0.000079200,true,1,11,61
E,VERDANT_VALLEY,580,0.000111500,true,1,19,145
E,VERDANT_VALLEY,581,0.000107200,true,1,20,133
E,VERDANT_VALLEY,582,0.000226200,true,2,47,366
E,VERDANT_VALLEY,583,0.000169100,true,2,27,160
E,VERDANT_VALLEY,584,0.000079700,true,1,12,63
E,VERDANT_VALLEY,585,0.000113000,true,1,20,153
E,VERDANT_VALLEY,586,0.000091500,true,1,13,85
E,VERDANT_VALLEY,587,0.000095500,true,1,14,80
E,VERDANT_VALLEY,588,0.000090800,true,1,17,87
E,VERDANT_VALLEY,589,0.000105000,true,1,17,141
E,VERDANT_VALLEY,590,0.000083600,true,1,14,66
E,VERDANT_VALLEY,591,0.000102100,true,1,17,100
E,VERDANT_VALLEY,592,0.000086700,true,1,12,61
E,VERDANT_VALLEY,593,0.000120000,true,1,17,77
E,VERDANT_VALLEY,594,0.000094200,true,1,16,101
E,VERDANT_VALLEY,595,0.000105800,true,1,16,136
E,VERDANT_VALLEY,596,0.000093300,true,1,16,105
E,VERDANT_VALLEY,597,0.000119000,true,1,17,65
E,VERDANT_VALLEY,598,0.000127300,true,1,16,124
E,VERDANT_VALLEY,599,0.000214100,true,2,39,265
E,VERDANT_VALLEY,600,0.000082100,true,1,12,63
E,VERDANT_VALLEY,601,0.000104700,true,1,19,127
E,VERDANT_VALLEY,602,0.000111900,true,1,19,145
E,VERDANT_VALLEY,603,0.000225600,true,2,38,318
E,VERDANT_VALLEY,604,0.000201700,true,2,32,219
E,VERDANT_VALLEY,605,0.000079200,true,1,12,57
E,VERDANT_VALLEY,606,0.000118500,true,1,22,191
E,VERDANT_VALLEY,607,0.000078900,true,1,11,62
E,VERDANT_VALLEY,608,0.000106100,true,1,18,128
E,VERDANT_VALLEY,609,0.000097200,true,1,16,104
E,VERDANT_VALLEY,610,0.000088900,true,1,16,83
E,VERDANT_VALLEY,611,0.000090700,true,1,14,105
E,VERDANT_VALLEY,612,0.000088900,true,1,15,81
E,VERDANT_VALLEY,613,0.000084400,true,1,13,74
E,VERDANT_VALLEY,614,0.000098100,true,1,17,90
E,VERDANT_VALLEY,615,0.000086000,true,1,11,61
E,VERDANT_VALLEY,616,0.000098200,true,1,9,45
E,VERDANT_VALLEY,617,0.000104400,true,1,18,115
E,VERDANT_VALLEY,618,0.000108800,true,1,19,151
E,VERDANT_VALLEY,619,0.000090700,true,1,13,91
E,VERDANT_VALLEY,620,0.000083100,true,1,13,60
E,VERDANT_VALLEY,621,0.000076700,true,1,10,55
E,VERDANT_VALLEY,622,0.000084600,true,1,13,65
E,VERDANT_VALLEY,623,0.000099000,true,1,16,124
E,VERDANT_VALLEY,624,0.000091200,true,1,13,83
E,VERDANT_VALLEY,625,0.000103100,true,1,19,119
E,VERDANT_VALLEY,626,0.000215700,true,2,35,281
E,VERDANT_VALLEY,627,0.000104400,true,1,20,146
E,VERDANT_VALLEY,628,0.000112500,true,1,22,164
E,VERDANT_VALLEY,629,0.000096300,true,1,17,113
E,VERDANT_VALLEY,630,0.000090200,true,1,12,66
E,VERDANT_VALLEY,631,0.000107000,true,1,21,134
E,VERDANT_VALLEY,632,0.000083500,true,1,13,64
E,VERDANT_VALLEY,633,0.000111600,true,1,21,137
E,VERDANT_VALLEY,634,0.000078800,true,1,12,62
E,VERDANT_VALLEY,635,0.000247200,true,2,47,414
E,VERDANT_VALLEY,636,0.000093400,true,1,14,97
E,VERDANT_VALLEY,637,0.000098900,true,1,17,101
E,VERDANT_VALLEY,638,0.000099600,true,1,16,107
E,VERDANT_VALLEY,639,0.000075700,true,1,10,55
E,VERDANT_VALLEY,640,0.000089900,true,1,16,74
E,VERDANT_VALLEY,641,0.000096200,true,1,17,108
E,VERDANT_VALLEY,642,0.000106500,true,1,18,146
E,VERDANT_VALLEY,643,0.000078600,true,1,11,56
E,VERDANT_VALLEY,644,0.000086100,true,1,14,74
E,VERDANT_VALLEY,645,0.000197300,true,2,34,211
E,VERDANT_VALLEY,646,0.000088600,true,1,15,73
E,VERDANT_VALLEY,647,0.000080800,true,1,12,55
E,VERDANT_VALLEY,648,0.000088100,true,1,13,82
E,VERDANT_VALLEY,649,0.000104600,true,1,18,126
E,VERDANT_VALLEY,650,0.000092200,true,1,16,85
E,VERDANT_VALLEY,651,0.000103400,true,1,12,59
E,VERDANT_VALLEY,652,0.000086100,true,1,15,74
E,VERDANT_VALLEY,653,0.000078900,true,1,12,66
E,VERDANT_VALLEY,654,0.000115800,true,1,15,82
E,VERDANT_VALLEY,655,0.000112600,true,1,21,181
E,VERDANT_VALLEY,656,0.000114600,true,1,23,174
E,VERDANT_VALLEY,657,0.000245400,true,2,43,315
E,VERDANT_VALLEY,658,0.000084200,true,1,14,68
E,VERDANT_VALLEY,659,0.000116000,true,1,17,153
E,VERDANT_VALLEY,660,0.000080500,true,1,12,56
E,VERDANT_VALLEY,661,0.000233200,true,2,44,343
E,VERDANT_VALLEY,662,0.000087900,true,1,13,64
E,VERDANT_VALLEY,663,0.000097300,true,1,18,106
E,VERDANT_VALLEY,664,0.000076700,true,1,10,55
E,VERDANT_VALLEY,665,0.000107500,true,1,13,58
E,VERDANT_VALLEY,666,0.000080200,true,1,13,64
E,VERDANT_VALLEY,667,0.000080100,true,1,12,67
E,VERDANT_VALLEY,668,0.000185400,true,2,32,261
E,VERDANT_VALLEY,669,0.000080700,true,1,12,54
E,VERDANT_VALLEY,670,0.000095300,true,1,15,112
E,VERDANT_VALLEY,671,0.000197700,true,2,34,247
E,VERDANT_VALLEY,672,0.000098100,true,1,16,104
E,VERDANT_VALLEY,673,0.000381900,true,3,68,576
E,VERDANT_VALLEY,674,0.000090100,true,1,16,82
E,VERDANT_VALLEY,675,0.000094300,true,1,17,104
E,VERDANT_VALLEY,676,0.000099500,true,1,16,136
E,VERDANT_VALLEY,677,0.000094800,true,1,16,105
E,VERDANT_VALLEY,678,0.000082700,true,1,13,66
E,VERDANT_VALLEY,679,0.000076500,true,1,11,53
E,VERDANT_VALLEY,680,0.000080000,true,1,12,63
E,VERDANT_VALLEY,681,0.000078700,true,1,13,56
E,VERDANT_VALLEY,682,0.000094100,true,1,17,97
E,VERDANT_VALLEY,683,0.000079400,true,1,11,60
E,VERDANT_VALLEY,684,0.000077500,true,1,11,53
E,VERDANT_VALLEY,685,0.000088900,true,1,12,68
E,VERDANT_VALLEY,686,0.000119200,true,1,20,140
E,VERDANT_VALLEY,687,0.000161400,true,1,13,64
E,VERDANT_VALLEY,688,0.000106300,true,1,19,120
E,VERDANT_VALLEY,689,0.000136300,true,1,17,126
E,VERDANT_VALLEY,690,0.000098400,true,1,12,62
E,VERDANT_VALLEY,691,0.000093600,true,1,12,64
E,VERDANT_VALLEY,692,0.000101700,true,1,16,76
E,VERDANT_VALLEY,693,0.000105600,true,1,15,110
E,VERDANT_VALLEY,694,0.000087000,true,1,11,57
E,VERDANT_VALLEY,695,0.000142100,true,1,24,228
E,VERDANT_VALLEY,696,0.000131200,true,1,22,182
E,VERDANT_VALLEY,697,0.000100200,true,1,14,94
E,VERDANT_VALLEY,698,0.000104800,true,1,15,98
E,VERDANT_VALLEY,699,0.000096800,true,1,14,72
E,VERDANT_VALLEY,700,0.000104100,true,1,18,101
E,VERDANT_VALLEY,701,0.000248000,true,2,44,276
E,VERDANT_VALLEY,702,0.000087000,true,1,9,45
E,VERDANT_VALLEY,703,0.000087800,true,1,13,62
E,VERDANT_VALLEY,704,0.000132600,true,1,19,118
E,VERDANT_VALLEY,705,0.000089000,true,1,13,81
E,VERDANT_VALLEY,706,0.000089000,true,1,15,73
E,VERDANT_VALLEY,707,0.000090000,true,1,15,88
E,VERDANT_VALLEY,708,0.000146700,true,1,16,92
E,VERDANT_VALLEY,709,0.000095200,true,1,12,66
E,VERDANT_VALLEY,710,0.000101600,true,1,15,91
E,VERDANT_VALLEY,711,0.000124500,true,1,18,149
E,VERDANT_VALLEY,712,0.000099200,true,1,13,91
E,VERDANT_VALLEY,713,0.000217800,true,2,40,255
E,VERDANT_VALLEY,714,0.000091000,true,1,14,89
E,VERDANT_VALLEY,715,0.000117000,true,1,12,78
E,VERDANT_VALLEY,716,0.000219900,true,2,39,256
E,VERDANT_VALLEY,717,0.000102600,true,1,15,104
E,VERDANT_VALLEY,718,0.000093800,true,1,15,87
E,VERDANT_VALLEY,719,0.000108000,true,1,19,120
E,VERDANT_VALLEY,720,0.000106800,true,1,14,89
E,VERDANT_VALLEY,721,0.000237900,true,2,37,254
E,VERDANT_VALLEY,722,0.000104500,true,1,13,63
E,VERDANT_VALLEY,723,0.000198400,true,2,31,207
E,VERDANT_VALLEY,724,0.000093400,true,1,13,63
E,VERDANT_VALLEY,725,0.000120100,true,1,20,135
E,VERDANT_VALLEY,726,0.000107400,true,1,14,105
E,VERDANT_VALLEY,727,0.000099500,true,1,13,62
E,VERDANT_VALLEY,728,0.000103000,true,1,13,58
E,VERDANT_VALLEY,729,0.000099000,true,1,11,58
E,VERDANT_VALLEY,730,0.000092400,true,1,11,60
E,VERDANT_VALLEY,731,0.000113200,true,1,17,110
E,VERDANT_VALLEY,732,0.000265800,true,2,33,221
E,VERDANT_VALLEY,733,0.000125800,true,1,10,55
E,VERDANT_VALLEY,734,0.000177500,true,1,14,67
E,VERDANT_VALLEY,735,0.000557400,true,2,34,256
E,VERDANT_VALLEY,736,0.000224700,true,1,16,70
E,VERDANT_VALLEY,737,0.000152000,true,1,14,70
E,VERDANT_VALLEY,738,0.000278100,true,1,21,156
E,VERDANT_VALLEY,739,0.000399100,true,2,37,261
E,VERDANT_VALLEY,740,0.000362000,true,2,37,242
E,VERDANT_VALLEY,741,0.000221300,true,1,15,92
E,VERDANT_VALLEY,742,0.000106900,true,1,15,85
E,VERDANT_VALLEY,743,0.000129000,true,1,17,141
E,VERDANT_VALLEY,744,0.000132500,true,1,22,150
E,VERDANT_VALLEY,745,0.000088100,true,1,13,64
E,VERDANT_VALLEY,746,0.000099800,true,1,16,110
E,VERDANT_VALLEY,747,0.000132900,true,1,22,137
E,VERDANT_VALLEY,748,0.000213900,true,2,26,147
E,VERDANT_VALLEY,749,0.000094300,true,1,14,62
E,VERDANT_VALLEY,750,0.000087400,true,1,13,69
E,VERDANT_VALLEY,751,0.000088800,true,1,14,70
E,VERDANT_VALLEY,752,0.000088100,true,1,13,85
E,VERDANT_VALLEY,753,0.000236000,true,2,44,348
E,VERDANT_VALLEY,754,0.000204500,true,2,40,281
E,VERDANT_VALLEY,755,0.000110800,true,1,19,174
E,VERDANT_VALLEY,756,0.000376600,true,3,75,613
E,VERDANT_VALLEY,757,0.000087600,true,1,14,83
E,VERDANT_VALLEY,758,0.000075100,true,1,10,55
E,VERDANT_VALLEY,759,0.000113800,true,1,21,135
E,VERDANT_VALLEY,760,0.000095000,true,1,16,94
E,VERDANT_VALLEY,761,0.000093600,true,1,15,101
E,VERDANT_VALLEY,762,0.000077800,true,1,11,62
E,VERDANT_VALLEY,763,0.000214800,true,2,40,267
E,VERDANT_VALLEY,764,0.000092500,true,1,15,74
E,VERDANT_VALLEY,765,0.000075000,true,1,9,45
E,VERDANT_VALLEY,766,0.000092600,true,1,18,93
E,VERDANT_VALLEY,767,0.000099700,true,1,17,103
E,VERDANT_VALLEY,768,0.000095000,true,1,15,83
E,VERDANT_VALLEY,769,0.000084700,true,1,13,63
E,VERDANT_VALLEY,770,0.000123800,true,1,21,195
E,VERDANT_VALLEY,771,0.000125000,true,1,21,187
E,VERDANT_VALLEY,772,0.000201000,true,2,35,209
E,VERDANT_VALLEY,773,0.000101700,true,1,17,138
E,VERDANT_VALLEY,774,0.000095000,true,1,13,65
E,VERDANT_VALLEY,775,0.000089500,true,1,14,97
E,VERDANT_VALLEY,776,0.000079500,true,1,11,57
E,VERDANT_VALLEY,777,0.000108400,true,1,22,127
E,VERDANT_VALLEY,778,0.000100200,true,1,18,116
E,VERDANT_VALLEY,779,0.000097000,true,1,16,90
E,VERDANT_VALLEY,780,0.000081200,true,1,12,63
E,VERDANT_VALLEY,781,0.000097800,true,1,18,102
E,VERDANT_VALLEY,782,0.000082500,true,1,13,62
E,VERDANT_VALLEY,783,0.000254100,true,2,55,332
E,VERDANT_VALLEY,784,0.000090700,true,1,16,80
E,VERDANT_VALLEY,785,0.000087300,true,1,15,79
E,VERDANT_VALLEY,786,0.000088100,true,1,13,82
E,VERDANT_VALLEY,787,0.000083000,true,1,13,68
E,VERDANT_VALLEY,788,0.000079500,true,1,11,58
E,VERDANT_VALLEY,789,0.000088200,true,1,15,73
E,VERDANT_VALLEY,790,0.000117400,true,1,16,103
E,VERDANT_VALLEY,791,0.000084400,true,1,12,64
E,VERDANT_VALLEY,792,0.000105000,true,1,16,109
E,VERDANT_VALLEY,793,0.000110300,true,1,19,148
E,VERDANT_VALLEY,794,0.000102300,true,1,19,103
E,VERDANT_VALLEY,795,0.000106300,true,1,18,154
E,VERDANT_VALLEY,796,0.000085200,true,1,11,59
E,VERDANT_VALLEY,797,0.000078600,true,1,11,53
E,VERDANT_VALLEY,798,0.000115600,true,1,20,169
E,VERDANT_VALLEY,799,0.000095500,true,1,17,82
E,VERDANT_VALLEY,800,0.000093300,true,1,13,91
E,VERDANT_VALLEY,801,0.000528700,true,4,73,459
E,VERDANT_VALLEY,802,0.000130900,true,1,21,180
E,VERDANT_VALLEY,803,0.000179400,true,2,39,116
E,VERDANT_VALLEY,804,0.000092200,true,1,12,59
E,VERDANT_VALLEY,805,0.000111100,true,1,17,113
E,VERDANT_VALLEY,806,0.000114100,true,1,15,110
E,VERDANT_VALLEY,807,0.000092600,true,1,12,78
E,VERDANT_VALLEY,808,0.000100200,true,1,17,78
E,VERDANT_VALLEY,809,0.000268300,true,2,48,399
E,VERDANT_VALLEY,810,0.000128400,true,1,24,193
E,VERDANT_VALLEY,811,0.000098600,true,1,16,83
E,VERDANT_VALLEY,812,0.000103200,true,1,17,76
E,VERDANT_VALLEY,813,0.000099600,true,1,15,97
E,VERDANT_VALLEY,814,0.000085400,true,1,10,50
E,VERDANT_VALLEY,815,0.000105700,true,1,20,124
E,VERDANT_VALLEY,816,0.000080100,true,1,10,55
E,VERDANT_VALLEY,817,0.000125200,true,1,19,146
E,VERDANT_VALLEY,818,0.000113800,true,1,17,122
E,VERDANT_VALLEY,819,0.000099300,true,1,17,104
E,VERDANT_VALLEY,820,0.000103700,true,1,14,92
E,VERDANT_VALLEY,821,0.000094700,true,1,13,68
E,VERDANT_VALLEY,822,0.000094000,true,1,15,68
E,VERDANT_VALLEY,823,0.000119000,true,1,16,89
E,VERDANT_VALLEY,824,0.000094300,true,1,13,83
E,VERDANT_VALLEY,825,0.000083300,true,1,13,61
E,VERDANT_VALLEY,826,0.000103400,true,1,17,114
E,VERDANT_VALLEY,827,0.000090400,true,1,14,80
E,VERDANT_VALLEY,828,0.000118500,true,1,21,204
E,VERDANT_VALLEY,829,0.000087600,true,1,12,78
E,VERDANT_VALLEY,830,0.000098300,true,1,17,112
E,VERDANT_VALLEY,831,0.000111700,true,1,16,116
E,VERDANT_VALLEY,832,0.000118900,true,1,23,176
E,VERDANT_VALLEY,833,0.000085800,true,1,11,53
E,VERDANT_VALLEY,834,0.000085900,true,1,12,78
E,VERDANT_VALLEY,835,0.000093800,true,1,15,93
E,VERDANT_VALLEY,836,0.000081000,true,1,12,61
E,VERDANT_VALLEY,837,0.000082200,true,1,12,67
E,VERDANT_VALLEY,838,0.000256400,true,2,47,398
E,VERDANT_VALLEY,839,0.000082600,true,1,12,65
E,VERDANT_VALLEY,840,0.000079200,true,1,12,67
E,VERDANT_VALLEY,841,0.000091900,true,1,15,103
E,VERDANT_VALLEY,842,0.000077900,true,1,11,56
E,VERDANT_VALLEY,843,0.000103800,true,1,21,112
E,VERDANT_VALLEY,844,0.000215800,true,2,46,246
E,VERDANT_VALLEY,845,0.000210200,true,2,37,214
E,VERDANT_VALLEY,846,0.000086500,true,1,14,70
E,VERDANT_VALLEY,847,0.000196300,true,2,35,252
E,VERDANT_VALLEY,848,0.000107300,true,1,16,109
E,VERDANT_VALLEY,849,0.000101400,true,1,17,110
E,VERDANT_VALLEY,850,0.000169500,true,2,29,142
E,VERDANT_VALLEY,851,0.000082700,true,1,13,73
E,VERDANT_VALLEY,852,0.000105200,true,1,18,129
E,VERDANT_VALLEY,853,0.000102600,true,1,18,138
E,VERDANT_VALLEY,854,0.000093000,true,1,14,84
E,VERDANT_VALLEY,855,0.000105700,true,1,20,143
E,VERDANT_VALLEY,856,0.000172100,true,2,30,166
E,VERDANT_VALLEY,857,0.000098900,true,1,17,119
E,VERDANT_VALLEY,858,0.000086600,true,1,14,77
E,VERDANT_VALLEY,859,0.000095500,true,1,15,99
E,VERDANT_VALLEY,860,0.000198200,true,2,34,255
E,VERDANT_VALLEY,861,0.000104200,true,1,18,145
E,VERDANT_VALLEY,862,0.000112400,true,1,21,144
E,VERDANT_VALLEY,863,0.000092400,true,1,14,84
E,VERDANT_VALLEY,864,0.000083800,true,1,12,63
E,VERDANT_VALLEY,865,0.000214200,true,2,42,282
E,VERDANT_VALLEY,866,0.000077000,true,1,10,55
E,VERDANT_VALLEY,867,0.000109000,true,1,19,146
E,VERDANT_VALLEY,868,0.000100700,true,1,17,133
E,VERDANT_VALLEY,869,0.000112600,true,1,20,145
E,VERDANT_VALLEY,870,0.000100600,true,1,19,106
E,VERDANT_VALLEY,871,0.000085400,true,1,14,65
E,VERDANT_VALLEY,872,0.000087200,true,1,15,75
E,VERDANT_VALLEY,873,0.000137400,true,1,28,246
E,VERDANT_VALLEY,874,0.000102300,true,1,17,128
E,VERDANT_VALLEY,875,0.000112300,true,1,21,149
E,VERDANT_VALLEY,876,0.000126300,true,1,20,105
E,VERDANT_VALLEY,877,0.000119400,true,1,20,193
E,VERDANT_VALLEY,878,0.000082000,true,1,12,69
E,VERDANT_VALLEY,879,0.000080800,true,1,12,61
E,VERDANT_VALLEY,880,0.000254500,true,2,44,322
E,VERDANT_VALLEY,881,0.000171900,true,1,10,55
E,VERDANT_VALLEY,882,0.000119700,true,1,14,92
E,VERDANT_VALLEY,883,0.000099200,true,1,14,94
E,VERDANT_VALLEY,884,0.000111500,true,1,14,87
E,VERDANT_VALLEY,885,0.000126000,true,1,19,153
E,VERDANT_VALLEY,886,0.000190500,true,2,27,103
E,VERDANT_VALLEY,887,0.000127000,true,1,19,161
E,VERDANT_VALLEY,888,0.000349500,true,3,57,393
E,VERDANT_VALLEY,889,0.000098200,true,1,12,78
E,VERDANT_VALLEY,890,0.000116500,true,1,16,106
E,VERDANT_VALLEY,891,0.000127400,true,1,22,136
E,VERDANT_VALLEY,892,0.000113900,true,1,15,120
E,VERDANT_VALLEY,893,0.000228400,true,2,39,271
E,VERDANT_VALLEY,894,0.000095000,true,1,13,60
E,VERDANT_VALLEY,895,0.000106900,true,1,15,99
E,VERDANT_VALLEY,896,0.000105800,true,1,14,75
E,VERDANT_VALLEY,897,0.000109900,true,1,18,115
E,VERDANT_VALLEY,898,0.000083100,true,1,12,59
E,VERDANT_VALLEY,899,0.000079300,true,1,12,59
E,VERDANT_VALLEY,900,0.000104200,true,1,21,108
E,VERDANT_VALLEY,901,0.000110500,true,1,19,177
E,VERDANT_VALLEY,902,0.000106900,true,1,17,129
E,VERDANT_VALLEY,903,0.000100300,true,1,15,93
E,VERDANT_VALLEY,904,0.000094900,true,1,14,76
E,VERDANT_VALLEY,905,0.000876900,true,1,13,73
E,VERDANT_VALLEY,906,0.000234600,true,1,17,85
E,VERDANT_VALLEY,907,0.000173700,true,1,20,128
E,VERDANT_VALLEY,908,0.000266000,true,2,50,225
E,VERDANT_VALLEY,909,0.000098700,true,1,15,72
E,VERDANT_VALLEY,910,0.000127600,true,1,19,162
E,VERDANT_VALLEY,911,0.000102900,true,1,14,61
E,VERDANT_VALLEY,912,0.000285500,true,2,42,375
E,VERDANT_VALLEY,913,0.000117400,true,1,13,83
E,VERDANT_VALLEY,914,0.000159300,true,1,20,175
E,VERDANT_VALLEY,915,0.000100000,true,1,14,88
E,VERDANT_VALLEY,916,0.000107200,true,1,18,116
E,VERDANT_VALLEY,917,0.000108300,true,1,16,87
E,VERDANT_VALLEY,918,0.000104400,true,1,17,87
E,VERDANT_VALLEY,919,0.000105600,true,1,12,78
E,VERDANT_VALLEY,920,0.000101100,true,1,12,54
E,VERDANT_VALLEY,921,0.000123000,true,1,17,72
E,VERDANT_VALLEY,922,0.000097100,true,1,13,76
E,VERDANT_VALLEY,923,0.000098300,true,1,14,72
E,VERDANT_VALLEY,924,0.000127500,true,1,19,119
E,VERDANT_VALLEY,925,0.000123800,true,1,17,132
E,VERDANT_VALLEY,926,0.000128200,true,1,14,69
E,VERDANT_VALLEY,927,0.000374300,true,2,29,183
E,VERDANT_VALLEY,928,0.000217500,true,1,14,68
E,VERDANT_VALLEY,929,0.000162000,true,1,11,51
E,VERDANT_VALLEY,930,0.000169100,true,1,13,71
E,VERDANT_VALLEY,931,0.000230500,true,1,19,161
E,VERDANT_VALLEY,932,0.000211800,true,1,13,79
E,VERDANT_VALLEY,933,0.000151900,true,1,12,66
E,VERDANT_VALLEY,934,0.000171700,true,1,13,71
E,VERDANT_VALLEY,935,0.000204900,true,1,18,122
E,VERDANT_VALLEY,936,0.000159500,true,1,13,68
E,VERDANT_VALLEY,937,0.000261300,true,2,31,203
E,VERDANT_VALLEY,938,0.000378000,true,3,58,426
E,VERDANT_VALLEY,939,0.000088100,true,1,14,67
E,VERDANT_VALLEY,940,0.000218400,true,2,37,355
E,VERDANT_VALLEY,941,0.000104200,true,1,18,154
E,VERDANT_VALLEY,942,0.000081500,true,1,11,60
E,VERDANT_VALLEY,943,0.000104100,true,1,18,113
E,VERDANT_VALLEY,944,0.000123900,true,1,12,78
E,VERDANT_VALLEY,945,0.000106200,true,1,16,96
E,VERDANT_VALLEY,946,0.000107200,true,1,18,127
E,VERDANT_VALLEY,947,0.000249200,true,2,44,370
E,VERDANT_VALLEY,948,0.000099100,true,1,16,89
E,VERDANT_VALLEY,949,0.000203100,true,2,37,245
E,VERDANT_VALLEY,950,0.000191800,true,1,19,116
E,VERDANT_VALLEY,951,0.000193400,true,1,12,66
E,VERDANT_VALLEY,952,0.000195700,true,1,16,78
E,VERDANT_VALLEY,953,0.000231000,true,1,21,140
E,VERDANT_VALLEY,954,0.000105100,true,1,17,67
E,VERDANT_VALLEY,955,0.000106000,true,1,18,114
E,VERDANT_VALLEY,956,0.000094300,true,1,16,74
E,VERDANT_VALLEY,957,0.000078700,true,1,10,47
E,VERDANT_VALLEY,958,0.000099300,true,1,19,107
E,VERDANT_VALLEY,959,0.000124900,true,1,22,235
E,VERDANT_VALLEY,960,0.000078900,true,1,11,53
E,VERDANT_VALLEY,961,0.000081400,true,1,12,63
E,VERDANT_VALLEY,962,0.000091500,true,1,15,84
E,VERDANT_VALLEY,963,0.000123200,true,1,20,193
E,VERDANT_VALLEY,964,0.000104500,true,1,19,118
E,VERDANT_VALLEY,965,0.000107200,true,1,20,140
E,VERDANT_VALLEY,966,0.000314200,true,3,60,411
E,VERDANT_VALLEY,967,0.000099800,true,1,16,101
E,VERDANT_VALLEY,968,0.000087900,true,1,14,73
E,VERDANT_VALLEY,969,0.000264200,true,3,45,274
E,VERDANT_VALLEY,970,0.000083500,true,1,12,57
E,VERDANT_VALLEY,971,0.000102200,true,1,20,134
E,VERDANT_VALLEY,972,0.000085400,true,1,12,63
E,VERDANT_VALLEY,973,0.000090800,true,1,14,85
E,VERDANT_VALLEY,974,0.000109800,true,1,19,150
E,VERDANT_VALLEY,975,0.000104800,true,1,16,136
E,VERDANT_VALLEY,976,0.000092000,true,1,15,95
E,VERDANT_VALLEY,977,0.000105500,true,1,20,117
E,VERDANT_VALLEY,978,0.000191900,true,2,30,190
E,VERDANT_VALLEY,979,0.000119900,true,1,20,147
E,VERDANT_VALLEY,980,0.000098000,true,1,16,96
E,VERDANT_VALLEY,981,0.000085000,true,1,12,67
E,VERDANT_VALLEY,982,0.000084900,true,1,13,67
E,VERDANT_VALLEY,983,0.000197900,true,2,35,211
E,VERDANT_VALLEY,984,0.000105100,true,1,22,110
E,VERDANT_VALLEY,985,0.000084300,true,1,14,73
E,VERDANT_VALLEY,986,0.000199300,true,2,32,259
E,VERDANT_VALLEY,987,0.000114500,true,1,20,163
E,VERDANT_VALLEY,988,0.000090300,true,1,14,95
E,VERDANT_VALLEY,989,0.000274400,true,2,40,328
E,VERDANT_VALLEY,990,0.000318500,true,3,51,293
E,VERDANT_VALLEY,991,0.000074400,true,1,9,45
E,VERDANT_VALLEY,992,0.000088100,true,1,15,69
E,VERDANT_VALLEY,993,0.000095000,true,1,16,85
E,VERDANT_VALLEY,994,0.000181400,true,2,28,173
E,VERDANT_VALLEY,995,0.000083200,true,1,12,60
E,VERDANT_VALLEY,996,0.000101700,true,1,16,104
E,VERDANT_VALLEY,997,0.000464500,true,4,103,639
E,VERDANT_VALLEY,998,0.000101900,true,1,16,96
E,VERDANT_VALLEY,999,0.000095700,true,1,16,126
E,VERDANT_VALLEY,1000,0.000093200,true,1,15,88
E,SKY_CITADEL,1,0.000121200,true,1,13,91
E,SKY_CITADEL,2,0.000091900,true,1,10,46
E,SKY_CITADEL,3,0.000226600,true,2,35,266
E,SKY_CITADEL,4,0.000098800,true,1,12,78
E,SKY_CITADEL,5,0.000088100,true,1,11,58
E,SKY_CITADEL,6,0.000106100,true,1,14,96
E,SKY_CITADEL,7,0.000101800,true,1,13,91
E,SKY_CITADEL,8,0.000137400,true,1,21,231
E,SKY_CITADEL,9,0.000253000,true,2,45,198
E,SKY_CITADEL,10,0.000094000,true,1,11,62
E,SKY_CITADEL,11,0.000095200,true,1,12,78
E,SKY_CITADEL,12,0.000107300,true,1,14,105
E,SKY_CITADEL,13,0.000085100,true,1,10,47
E,SKY_CITADEL,14,0.000105500,true,1,13,91
E,SKY_CITADEL,15,0.000089400,true,1,9,45
E,SKY_CITADEL,16,0.000115900,true,1,17,139
E,SKY_CITADEL,17,0.000085700,true,1,10,55
E,SKY_CITADEL,18,0.000111300,true,1,15,120
E,SKY_CITADEL,19,0.000094600,true,1,11,61
E,SKY_CITADEL,20,0.000094100,true,1,12,63
E,SKY_CITADEL,21,0.000083000,true,1,9,45
E,SKY_CITADEL,22,0.000098400,true,1,13,84
E,SKY_CITADEL,23,0.000105100,true,1,15,111
E,SKY_CITADEL,24,0.000095000,true,1,13,91
E,SKY_CITADEL,25,0.000088300,true,1,11,59
E,SKY_CITADEL,26,0.000086100,true,1,10,47
E,SKY_CITADEL,27,0.000083600,true,1,10,50
E,SKY_CITADEL,28,0.000201900,true,2,40,88
E,SKY_CITADEL,29,0.000093000,true,1,12,78
E,SKY_CITADEL,30,0.000110500,true,1,16,124
E,SKY_CITADEL,31,0.000101200,true,1,13,91
E,SKY_CITADEL,32,0.000098300,true,1,13,91
E,SKY_CITADEL,33,0.000087500,true,1,9,45
E,SKY_CITADEL,34,0.000101800,true,1,13,91
E,SKY_CITADEL,35,0.000097800,true,1,13,91
E,SKY_CITADEL,36,0.000083100,true,1,9,45
E,SKY_CITADEL,37,0.000084400,true,1,10,47
E,SKY_CITADEL,38,0.000081300,true,1,9,45
E,SKY_CITADEL,39,0.000103000,true,1,15,106
E,SKY_CITADEL,40,0.000205700,true,2,40,172
E,SKY_CITADEL,41,0.000084800,true,1,9,45
E,SKY_CITADEL,42,0.000082800,true,1,9,45
E,SKY_CITADEL,43,0.000087100,true,1,11,56
E,SKY_CITADEL,44,0.000093300,true,1,12,78
E,SKY_CITADEL,45,0.000086100,true,1,10,51
E,SKY_CITADEL,46,0.000095200,true,1,12,78
E,SKY_CITADEL,47,0.000095700,true,1,14,74
E,SKY_CITADEL,48,0.000091000,true,1,12,57
E,SKY_CITADEL,49,0.000085300,true,1,10,50
E,SKY_CITADEL,50,0.000092200,true,1,12,54
E,SKY_CITADEL,51,0.000095100,true,1,13,91
E,SKY_CITADEL,52,0.000080500,true,1,9,45
E,SKY_CITADEL,53,0.000083400,true,1,10,55
E,SKY_CITADEL,54,0.000105600,true,1,16,136
E,SKY_CITADEL,55,0.000083100,true,1,9,45
E,SKY_CITADEL,56,0.000096300,true,1,13,91
E,SKY_CITADEL,57,0.000105700,true,1,15,120
E,SKY_CITADEL,58,0.000081000,true,1,9,45
E,SKY_CITADEL,59,0.000115500,true,1,18,171
E,SKY_CITADEL,60,0.000091900,true,1,12,78
E,SKY_CITADEL,61,0.000083400,true,1,10,55
E,SKY_CITADEL,62,0.000080400,true,1,9,45
E,SKY_CITADEL,63,0.000091500,true,1,12,78
E,SKY_CITADEL,64,0.000082100,true,1,9,45
E,SKY_CITADEL,65,0.000084900,true,1,10,48
E,SKY_CITADEL,66,0.000081300,true,1,9,45
E,SKY_CITADEL,67,0.000110800,true,1,16,136
E,SKY_CITADEL,68,0.000087100,true,1,10,55
E,SKY_CITADEL,69,0.000116300,true,1,18,157
E,SKY_CITADEL,70,0.000099100,true,1,10,50
E,SKY_CITADEL,71,0.000102000,true,1,12,65
E,SKY_CITADEL,72,0.000219100,true,1,14,97
E,SKY_CITADEL,73,0.000100900,true,1,10,51
E,SKY_CITADEL,74,0.000085700,true,1,10,47
E,SKY_CITADEL,75,0.000101700,true,1,10,52
E,SKY_CITADEL,76,0.000315700,true,2,48,311
E,SKY_CITADEL,77,0.000092300,true,1,9,45
E,SKY_CITADEL,78,0.000098700,true,1,10,52
E,SKY_CITADEL,79,0.000091400,true,1,9,45
E,SKY_CITADEL,80,0.000099600,true,1,11,51
E,SKY_CITADEL,81,0.000089500,true,1,9,45
E,SKY_CITADEL,82,0.000092300,true,1,10,55
E,SKY_CITADEL,83,0.000256200,true,2,35,208
E,SKY_CITADEL,84,0.000254300,true,2,37,262
E,SKY_CITADEL,85,0.000112100,true,1,14,93
E,SKY_CITADEL,86,0.000095700,true,1,9,45
E,SKY_CITADEL,87,0.000096500,true,1,9,45
E,SKY_CITADEL,88,0.000099700,true,1,10,46
E,SKY_CITADEL,89,0.000104600,true,1,9,45
E,SKY_CITADEL,90,0.000082600,true,1,9,45
E,SKY_CITADEL,91,0.000082500,true,1,10,50
E,SKY_CITADEL,92,0.000084800,true,1,10,46
E,SKY_CITADEL,93,0.000096500,true,1,13,91
E,SKY_CITADEL,94,0.000213600,true,2,27,166
E,SKY_CITADEL,95,0.000089200,true,1,10,48
E,SKY_CITADEL,96,0.000094500,true,1,11,57
E,SKY_CITADEL,97,0.000091500,true,1,10,48
E,SKY_CITADEL,98,0.000104300,true,1,11,57
E,SKY_CITADEL,99,0.000092600,true,1,12,78
E,SKY_CITADEL,100,0.000183800,true,2,25,151
E,SKY_CITADEL,101,0.000101800,true,1,12,66
E,SKY_CITADEL,102,0.000116000,true,1,17,143
E,SKY_CITADEL,103,0.000089200,true,1,12,64
E,SKY_CITADEL,104,0.000206600,true,2,35,209
E,SKY_CITADEL,105,0.000094200,true,1,9,45
E,SKY_CITADEL,106,0.000092800,true,1,10,55
E,SKY_CITADEL,107,0.000122900,true,1,16,136
E,SKY_CITADEL,108,0.000204000,true,2,27,180
E,SKY_CITADEL,109,0.000099900,true,1,14,93
E,SKY_CITADEL,110,0.000099200,true,1,13,91
E,SKY_CITADEL,111,0.000083300,true,1,9,45
E,SKY_CITADEL,112,0.000151100,true,1,23,190
E,SKY_CITADEL,113,0.000123600,true,1,16,125
E,SKY_CITADEL,114,0.000230400,true,2,26,153
E,SKY_CITADEL,115,0.000280600,true,2,41,249
E,SKY_CITADEL,116,0.000095500,true,1,9,45
E,SKY_CITADEL,117,0.000162500,true,1,14,98
E,SKY_CITADEL,118,0.000156800,true,1,9,45
E,SKY_CITADEL,119,0.000183400,true,1,9,45
E,SKY_CITADEL,120,0.000201200,true,1,12,78
E,SKY_CITADEL,121,0.000179400,true,1,9,45
E,SKY_CITADEL,122,0.000148000,true,1,11,57
E,SKY_CITADEL,123,0.000153100,true,1,9,45
E,SKY_CITADEL,124,0.000152400,true,1,9,45
E,SKY_CITADEL,125,0.000147600,true,1,10,52
E,SKY_CITADEL,126,0.000163400,true,1,10,55
E,SKY_CITADEL,127,0.000172700,true,1,10,48
E,SKY_CITADEL,128,0.000157700,true,1,10,52
E,SKY_CITADEL,129,0.000138400,true,1,15,96
E,SKY_CITADEL,130,0.000098200,true,1,9,45
E,SKY_CITADEL,131,0.000117400,true,1,13,84
E,SKY_CITADEL,132,0.000105700,true,1,12,66
E,SKY_CITADEL,133,0.000099700,true,1,13,70
E,SKY_CITADEL,134,0.000089600,true,1,10,50
E,SKY_CITADEL,135,0.000087900,true,1,11,54
E,SKY_CITADEL,136,0.000093200,true,1,12,78
E,SKY_CITADEL,137,0.000095600,true,1,13,79
E,SKY_CITADEL,138,0.000093200,true,1,12,78
E,SKY_CITADEL,139,0.000081700,true,1,9,45
E,SKY_CITADEL,140,0.000095100,true,1,12,78
E,SKY_CITADEL,141,0.000091500,true,1,12,78
E,SKY_CITADEL,142,0.000083400,true,1,10,48
E,SKY_CITADEL,143,0.000080400,true,1,9,45
E,SKY_CITADEL,144,0.000092000,true,1,13,81
E,SKY_CITADEL,145,0.000081300,true,1,9,45
E,SKY_CITADEL,146,0.000117100,true,1,19,173
E,SKY_CITADEL,147,0.000086900,true,1,11,62
E,SKY_CITADEL,148,0.000082000,true,1,9,45
E,SKY_CITADEL,149,0.000197700,true,2,40,117
E,SKY_CITADEL,150,0.000081700,true,1,9,45
E,SKY_CITADEL,151,0.000089900,true,1,10,55
E,SKY_CITADEL,152,0.000081100,true,1,9,45
E,SKY_CITADEL,153,0.000331900,true,3,55,229
E,SKY_CITADEL,154,0.000085200,true,1,11,55
E,SKY_CITADEL,155,0.000101900,true,1,14,95
E,SKY_CITADEL,156,0.000087300,true,1,11,61
E,SKY_CITADEL,157,0.000094500,true,1,12,78
E,SKY_CITADEL,158,0.000081200,true,1,9,45
E,SKY_CITADEL,159,0.000082800,true,1,10,47
E,SKY_CITADEL,160,0.000083900,true,1,10,51
E,SKY_CITADEL,161,0.000114000,true,1,18,171
E,SKY_CITADEL,162,0.000097600,true,1,13,91
E,SKY_CITADEL,163,0.000080700,true,1,9,45
E,SKY_CITADEL,164,0.000084800,true,1,9,45
E,SKY_CITADEL,165,0.000218800,true,2,30,199
E,SKY_CITADEL,166,0.000106400,true,1,15,120
E,SKY_CITADEL,167,0.000090800,true,1,12,66
E,SKY_CITADEL,168,0.000094800,true,1,13,91
E,SKY_CITADEL,169,0.000099700,true,1,14,105
E,SKY_CITADEL,170,0.000086500,true,1,10,47
E,SKY_CITADEL,171,0.000081700,true,1,9,45
E,SKY_CITADEL,172,0.000105700,true,1,15,108
E,SKY_CITADEL,173,0.000081900,true,1,9,45
E,SKY_CITADEL,174,0.000085200,true,1,10,46
E,SKY_CITADEL,175,0.000084600,true,1,10,55
E,SKY_CITADEL,176,0.000118000,true,1,19,175
E,SKY_CITADEL,177,0.000081000,true,1,9,45
E,SKY_CITADEL,178,0.000283900,true,1,16,102
E,SKY_CITADEL,179,0.000432800,true,3,49,183
E,SKY_CITADEL,180,0.000088800,true,1,9,45
E,SKY_CITADEL,181,0.000206800,true,2,27,153
E,SKY_CITADEL,182,0.000092500,true,1,11,51
E,SKY_CITADEL,183,0.000084700,true,1,10,47
E,SKY_CITADEL,184,0.000096200,true,1,9,45
E,SKY_CITADEL,185,0.000091400,true,1,11,54
E,SKY_CITADEL,186,0.000093500,true,1,9,45
E,SKY_CITADEL,187,0.000087600,true,1,10,48
E,SKY_CITADEL,188,0.000096200,true,1,9,45
E,SKY_CITADEL,189,0.000089700,true,1,9,45
E,SKY_CITADEL,190,0.000303400,true,2,49,237
E,SKY_CITADEL,191,0.000234000,true,2,28,181
E,SKY_CITADEL,192,0.000093000,true,1,10,55
E,SKY_CITADEL,193,0.000084600,true,1,9,45
E,SKY_CITADEL,194,0.000116600,true,1,17,153
E,SKY_CITADEL,195,0.000085400,true,1,9,45
E,SKY_CITADEL,196,0.000084800,true,1,10,55
E,SKY_CITADEL,197,0.000083600,true,1,10,50
E,SKY_CITADEL,198,0.000102000,true,1,14,95
E,SKY_CITADEL,199,0.000117300,true,1,13,91
E,SKY_CITADEL,200,0.000119400,true,1,13,91
E,SKY_CITADEL,201,0.000084100,true,1,9,45
E,SKY_CITADEL,202,0.000088100,true,1,10,48
E,SKY_CITADEL,203,0.000084000,true,1,9,45
E,SKY_CITADEL,204,0.000226500,true,2,37,148
E,SKY_CITADEL,205,0.000087700,true,1,10,55
E,SKY_CITADEL,206,0.000101900,true,1,14,91
E,SKY_CITADEL,207,0.000117200,true,1,17,138
E,SKY_CITADEL,208,0.000097100,true,1,11,56
E,SKY_CITADEL,209,0.000222600,true,2,37,145
E,SKY_CITADEL,210,0.000089900,true,1,10,51
E,SKY_CITADEL,211,0.000087200,true,1,10,55
E,SKY_CITADEL,212,0.000091900,true,1,9,45
E,SKY_CITADEL,213,0.000234100,true,2,36,266
E,SKY_CITADEL,214,0.000083200,true,1,9,45
E,SKY_CITADEL,215,0.000101100,true,1,14,92
E,SKY_CITADEL,216,0.000095600,true,1,12,78
E,SKY_CITADEL,217,0.000090300,true,1,11,58
E,SKY_CITADEL,218,0.000097400,true,1,14,84
E,SKY_CITADEL,219,0.000108800,true,1,17,102
E,SKY_CITADEL,220,0.000084200,true,1,9,45
E,SKY_CITADEL,221,0.000100800,true,1,13,91
E,SKY_CITADEL,222,0.000223500,true,2,37,332
E,SKY_CITADEL,223,0.000086100,true,1,10,46
E,SKY_CITADEL,224,0.000080000,true,1,9,45
E,SKY_CITADEL,225,0.000081400,true,1,9,45
E,SKY_CITADEL,226,0.000081000,true,1,9,45
E,SKY_CITADEL,227,0.000089600,true,1,10,46
E,SKY_CITADEL,228,0.000084300,true,1,10,55
E,SKY_CITADEL,229,0.000088400,true,1,10,55
E,SKY_CITADEL,230,0.000083200,true,1,9,45
E,SKY_CITADEL,231,0.000083400,true,1,9,45
E,SKY_CITADEL,232,0.000312000,true,3,65,217
E,SKY_CITADEL,233,0.000080500,true,1,9,45
E,SKY_CITADEL,234,0.000091000,true,1,11,54
E,SKY_CITADEL,235,0.000180700,true,2,40,193
E,SKY_CITADEL,236,0.000206200,true,2,35,246
E,SKY_CITADEL,237,0.000104600,true,1,15,120
E,SKY_CITADEL,238,0.000086100,true,1,11,60
E,SKY_CITADEL,239,0.000235200,true,2,39,275
E,SKY_CITADEL,240,0.000250100,true,2,38,256
E,SKY_CITADEL,241,0.000090100,true,1,10,51
E,SKY_CITADEL,242,0.000103200,true,1,14,93
E,SKY_CITADEL,243,0.000122400,true,1,17,153
E,SKY_CITADEL,244,0.000087600,true,1,9,45
E,SKY_CITADEL,245,0.000096300,true,1,12,78
E,SKY_CITADEL,246,0.000082100,true,1,9,45
E,SKY_CITADEL,247,0.000093300,true,1,12,78
E,SKY_CITADEL,248,0.000088200,true,1,9,45
E,SKY_CITADEL,249,0.000097300,true,1,11,51
E,SKY_CITADEL,250,0.000108600,true,1,12,78
E,SKY_CITADEL,251,0.000100700,true,1,12,78
E,SKY_CITADEL,252,0.000084500,true,1,10,55
E,SKY_CITADEL,253,0.000221800,true,2,28,223
E,SKY_CITADEL,254,0.000110000,true,1,13,85
E,SKY_CITADEL,255,0.000099400,true,1,11,54
E,SKY_CITADEL,256,0.000104800,true,1,9,45
E,SKY_CITADEL,257,0.000096100,true,1,10,55
E,SKY_CITADEL,258,0.000085100,true,1,9,45
E,SKY_CITADEL,259,0.000085300,true,1,10,52
E,SKY_CITADEL,260,0.000091600,true,1,11,56
E,SKY_CITADEL,261,0.000093700,true,1,10,50
E,SKY_CITADEL,262,0.000086200,true,1,10,52
E,SKY_CITADEL,263,0.000099600,true,1,13,91
E,SKY_CITADEL,264,0.000120000,true,1,20,191
E,SKY_CITADEL,265,0.000082600,true,1,9,45
E,SKY_CITADEL,266,0.000229900,true,2,45,157
E,SKY_CITADEL,267,0.000084800,true,1,9,45
E,SKY_CITADEL,268,0.000112900,true,1,18,154
E,SKY_CITADEL,269,0.000087900,true,1,10,51
E,SKY_CITADEL,270,0.000089600,true,1,11,62
E,SKY_CITADEL,271,0.000095200,true,1,12,78
E,SKY_CITADEL,272,0.000086600,true,1,11,49
E,SKY_CITADEL,273,0.000081300,true,1,9,45
E,SKY_CITADEL,274,0.000085100,true,1,10,55
E,SKY_CITADEL,275,0.000223900,true,2,41,183
E,SKY_CITADEL,276,0.000086500,true,1,10,55
E,SKY_CITADEL,277,0.000176800,true,2,24,138
E,SKY_CITADEL,278,0.000105200,true,1,13,91
E,SKY_CITADEL,279,0.000090100,true,1,12,56
E,SKY_CITADEL,280,0.000094000,true,1,13,91
E,SKY_CITADEL,281,0.000094300,true,1,9,45
E,SKY_CITADEL,282,0.000112700,true,1,18,157
E,SKY_CITADEL,283,0.000140400,true,1,19,175
E,SKY_CITADEL,284,0.000320700,true,2,29,228
E,SKY_CITADEL,285,0.000207500,true,2,42,210
E,SKY_CITADEL,286,0.000125500,true,1,14,105
E,SKY_CITADEL,287,0.000101100,true,1,10,52
E,SKY_CITADEL,288,0.000111700,true,1,12,78
E,SKY_CITADEL,289,0.000099300,true,1,10,55
E,SKY_CITADEL,290,0.000097500,true,1,10,49
E,SKY_CITADEL,291,0.000102000,true,1,11,61
E,SKY_CITADEL,292,0.000091500,true,1,10,47
E,SKY_CITADEL,293,0.000112100,true,1,13,91
E,SKY_CITADEL,294,0.000095900,true,1,11,53
E,SKY_CITADEL,295,0.000088100,true,1,9,45
E,SKY_CITADEL,296,0.000235800,true,2,34,179
E,SKY_CITADEL,297,0.000094500,true,1,10,55
E,SKY_CITADEL,298,0.000116800,true,1,14,105
E,SKY_CITADEL,299,0.000097300,true,1,9,45
E,SKY_CITADEL,300,0.000098700,true,1,9,45
E,SKY_CITADEL,301,0.000125100,true,1,13,91
E,SKY_CITADEL,302,0.000087300,true,1,10,55
E,SKY_CITADEL,303,0.000099900,true,1,14,84
E,SKY_CITADEL,304,0.000087500,true,1,11,53
E,SKY_CITADEL,305,0.000089400,true,1,10,46
E,SKY_CITADEL,306,0.000102700,true,1,14,105
E,SKY_CITADEL,307,0.000087700,true,1,9,45
E,SKY_CITADEL,308,0.000087000,true,1,9,45
E,SKY_CITADEL,309,0.000109100,true,1,14,81
E,SKY_CITADEL,310,0.000090000,true,1,9,45
E,SKY_CITADEL,311,0.000088100,true,1,9,45
E,SKY_CITADEL,312,0.000094300,true,1,13,84
E,SKY_CITADEL,313,0.000091000,true,1,13,64
E,SKY_CITADEL,314,0.000124600,true,1,18,171
E,SKY_CITADEL,315,0.000089000,true,1,10,52
E,SKY_CITADEL,316,0.000089000,true,1,11,54
E,SKY_CITADEL,317,0.000080800,true,1,9,45
E,SKY_CITADEL,318,0.000097000,true,1,13,91
E,SKY_CITADEL,319,0.000085300,true,1,10,51
E,SKY_CITADEL,320,0.000099000,true,1,10,55
E,SKY_CITADEL,321,0.000101900,true,1,12,78
E,SKY_CITADEL,322,0.000096800,true,1,11,54
E,SKY_CITADEL,323,0.000099100,true,1,9,45
E,SKY_CITADEL,324,0.000106900,true,1,17,127
E,SKY_CITADEL,325,0.000109800,true,1,15,109
E,SKY_CITADEL,326,0.000085200,true,1,10,48
E,SKY_CITADEL,327,0.000102500,true,1,15,120
E,SKY_CITADEL,328,0.000234600,true,2,33,257
E,SKY_CITADEL,329,0.000142800,true,1,18,171
E,SKY_CITADEL,330,0.000087000,true,1,9,45
E,SKY_CITADEL,331,0.000106000,true,1,13,85
E,SKY_CITADEL,332,0.000093100,true,1,9,45
E,SKY_CITADEL,333,0.000223700,true,2,25,161
E,SKY_CITADEL,334,0.000126100,true,1,10,55
E,SKY_CITADEL,335,0.000188500,true,1,9,45
E,SKY_CITADEL,336,0.000191300,true,1,10,49
E,SKY_CITADEL,337,0.000186000,true,1,11,61
E,SKY_CITADEL,338,0.000160000,true,1,9,45
E,SKY_CITADEL,339,0.000147700,true,1,10,48
E,SKY_CITADEL,340,0.000163400,true,1,11,53
E,SKY_CITADEL,341,0.000181900,true,1,13,81
E,SKY_CITADEL,342,0.000161700,true,1,9,45
E,SKY_CITADEL,343,0.000177600,true,1,12,78
E,SKY_CITADEL,344,0.000173100,true,1,10,55
E,SKY_CITADEL,345,0.000192500,true,1,16,124
E,SKY_CITADEL,346,0.000120000,true,1,13,83
E,SKY_CITADEL,347,0.000102900,true,1,9,45
E,SKY_CITADEL,348,0.000117500,true,1,13,91
E,SKY_CITADEL,349,0.000131000,true,1,17,153
E,SKY_CITADEL,350,0.000103600,true,1,15,96
E,SKY_CITADEL,351,0.000083000,true,1,10,47
E,SKY_CITADEL,352,0.000080800,true,1,9,45
E,SKY_CITADEL,353,0.000080300,true,1,9,45
E,SKY_CITADEL,354,0.000085800,true,1,11,49
E,SKY_CITADEL,355,0.000080000,true,1,9,45
E,SKY_CITADEL,356,0.000093300,true,1,13,81
E,SKY_CITADEL,357,0.000081200,true,1,9,45
E,SKY_CITADEL,358,0.000222500,true,2,48,187
E,SKY_CITADEL,359,0.000191500,true,2,38,84
E,SKY_CITADEL,360,0.000082300,true,1,9,45
E,SKY_CITADEL,361,0.000084400,true,1,9,45
E,SKY_CITADEL,362,0.000088000,true,1,11,54
E,SKY_CITADEL,363,0.000081900,true,1,9,45
E,SKY_CITADEL,364,0.000085200,true,1,10,47
E,SKY_CITADEL,365,0.000085800,true,1,10,52
E,SKY_CITADEL,366,0.000085400,true,1,10,55
E,SKY_CITADEL,367,0.000085800,true,1,10,50
E,SKY_CITADEL,368,0.000115700,true,1,18,147
E,SKY_CITADEL,369,0.000100800,true,1,13,91
E,SKY_CITADEL,370,0.000115100,true,1,18,171
E,SKY_CITADEL,371,0.000085400,true,1,10,48
E,SKY_CITADEL,372,0.000088700,true,1,10,55
E,SKY_CITADEL,373,0.000096600,true,1,13,91
E,SKY_CITADEL,374,0.000114700,true,1,17,153
E,SKY_CITADEL,375,0.000130800,true,1,20,177
E,SKY_CITADEL,376,0.000082600,true,1,9,45
E,SKY_CITADEL,377,0.000109800,true,1,17,140
E,SKY_CITADEL,378,0.000096800,true,1,13,83
E,SKY_CITADEL,379,0.000081400,true,1,9,45
E,SKY_CITADEL,380,0.000079700,true,1,9,45
E,SKY_CITADEL,381,0.000084400,true,1,10,55
E,SKY_CITADEL,382,0.000091900,true,1,12,78
E,SKY_CITADEL,383,0.000081900,true,1,9,45
E,SKY_CITADEL,384,0.000098900,true,1,12,78
E,SKY_CITADEL,385,0.000081800,true,1,9,45
E,SKY_CITADEL,386,0.000099100,true,1,14,88
E,SKY_CITADEL,387,0.000101000,true,1,13,91
E,SKY_CITADEL,388,0.000088500,true,1,11,51
E,SKY_CITADEL,389,0.000083500,true,1,10,50
E,SKY_CITADEL,390,0.000101500,true,1,13,84
E,SKY_CITADEL,391,0.000211700,true,2,33,246
E,SKY_CITADEL,392,0.000080900,true,1,9,45
E,SKY_CITADEL,393,0.000085300,true,1,10,52
E,SKY_CITADEL,394,0.000181000,true,2,20,104
E,SKY_CITADEL,395,0.000082800,true,1,10,46
E,SKY_CITADEL,396,0.000081000,true,1,9,45
E,SKY_CITADEL,397,0.000092200,true,1,12,78
E,SKY_CITADEL,398,0.000229500,true,2,36,265
E,SKY_CITADEL,399,0.000102000,true,1,15,99
E,SKY_CITADEL,400,0.000087300,true,1,9,45
E,SKY_CITADEL,401,0.000088800,true,1,11,58
E,SKY_CITADEL,402,0.000093300,true,1,12,78
E,SKY_CITADEL,403,0.000086300,true,1,11,51
E,SKY_CITADEL,404,0.000085400,true,1,10,55
E,SKY_CITADEL,405,0.000099900,true,1,13,91
E,SKY_CITADEL,406,0.000181500,true,2,25,132
E,SKY_CITADEL,407,0.000083800,true,1,10,55
E,SKY_CITADEL,408,0.000081300,true,1,9,45
E,SKY_CITADEL,409,0.000086000,true,1,11,53
E,SKY_CITADEL,410,0.000103300,true,1,14,95
E,SKY_CITADEL,411,0.000083000,true,1,9,45
E,SKY_CITADEL,412,0.000221800,true,2,29,161
E,SKY_CITADEL,413,0.000082500,true,1,9,45
E,SKY_CITADEL,414,0.000207600,true,2,34,251
E,SKY_CITADEL,415,0.000115300,true,1,18,171
E,SKY_CITADEL,416,0.000093100,true,1,11,58
E,SKY_CITADEL,417,0.000083600,true,1,10,55
E,SKY_CITADEL,418,0.000084900,true,1,10,52
E,SKY_CITADEL,419,0.000090300,true,1,12,78
E,SKY_CITADEL,420,0.000092800,true,1,12,78
E,SKY_CITADEL,421,0.000108800,true,1,17,142
E,SKY_CITADEL,422,0.000080900,true,1,9,45
E,SKY_CITADEL,423,0.000138500,true,1,23,258
E,SKY_CITADEL,424,0.000182900,true,2,41,155
E,SKY_CITADEL,425,0.000085900,true,1,10,47
E,SKY_CITADEL,426,0.000085900,true,1,10,55
E,SKY_CITADEL,427,0.000102000,true,1,13,91
E,SKY_CITADEL,428,0.000084800,true,1,10,51
E,SKY_CITADEL,429,0.000085400,true,1,10,55
E,SKY_CITADEL,430,0.000081000,true,1,9,45
E,SKY_CITADEL,431,0.000089100,true,1,12,56
E,SKY_CITADEL,432,0.000085500,true,1,10,50
E,SKY_CITADEL,433,0.000174100,true,2,41,107
E,SKY_CITADEL,434,0.000119000,true,1,19,190
E,SKY_CITADEL,435,0.000094000,true,1,12,78
E,SKY_CITADEL,436,0.000099300,true,1,14,93
E,SKY_CITADEL,437,0.000092500,true,1,12,78
E,SKY_CITADEL,438,0.000081100,true,1,9,45
E,SKY_CITADEL,439,0.000083700,true,1,10,55
E,SKY_CITADEL,440,0.000097800,true,1,14,92
E,SKY_CITADEL,441,0.000101500,true,1,15,109
E,SKY_CITADEL,442,0.000081600,true,1,9,45
E,SKY_CITADEL,443,0.000083600,true,1,10,52
E,SKY_CITADEL,444,0.000085300,true,1,10,46
E,SKY_CITADEL,445,0.000098600,true,1,14,105
E,SKY_CITADEL,446,0.000190900,true,2,28,163
E,SKY_CITADEL,447,0.000081300,true,1,9,45
E,SKY_CITADEL,448,0.000085400,true,1,11,48
E,SKY_CITADEL,449,0.000084600,true,1,10,47
E,SKY_CITADEL,450,0.000094800,true,1,13,91
E,SKY_CITADEL,451,0.000088300,true,1,10,55
E,SKY_CITADEL,452,0.000094400,true,1,13,83
E,SKY_CITADEL,453,0.000179400,true,2,42,107
E,SKY_CITADEL,454,0.000121000,true,1,20,197
E,SKY_CITADEL,455,0.000114500,true,1,17,153
E,SKY_CITADEL,456,0.000084600,true,1,10,51
E,SKY_CITADEL,457,0.000082500,true,1,9,45
E,SKY_CITADEL,458,0.000090100,true,1,12,78
E,SKY_CITADEL,459,0.000089500,true,1,12,61
E,SKY_CITADEL,460,0.000091400,true,1,12,78
E,SKY_CITADEL,461,0.000080600,true,1,9,45
E,SKY_CITADEL,462,0.000084000,true,1,10,55
E,SKY_CITADEL,463,0.000082100,true,1,10,48
E,SKY_CITADEL,464,0.000107300,true,1,17,153
E,SKY_CITADEL,465,0.000105500,true,1,15,120
E,SKY_CITADEL,466,0.000085700,true,1,10,55
E,SKY_CITADEL,467,0.000079600,true,1,9,45
E,SKY_CITADEL,468,0.000115200,true,1,18,171
E,SKY_CITADEL,469,0.000080800,true,1,9,45
E,SKY_CITADEL,470,0.000084500,true,1,10,55
E,SKY_CITADEL,471,0.000084800,true,1,10,52
E,SKY_CITADEL,472,0.000080500,true,1,9,45
E,SKY_CITADEL,473,0.000088200,true,1,12,53
E,SKY_CITADEL,474,0.000083300,true,1,11,56
E,SKY_CITADEL,475,0.000081000,true,1,9,45
E,SKY_CITADEL,476,0.000095000,true,1,13,91
E,SKY_CITADEL,477,0.000082600,true,1,9,45
E,SKY_CITADEL,478,0.000097300,true,1,14,94
E,SKY_CITADEL,479,0.000082100,true,1,9,45
E,SKY_CITADEL,480,0.000230300,true,2,38,207
E,SKY_CITADEL,481,0.000085600,true,1,10,55
E,SKY_CITADEL,482,0.000214200,true,2,39,288
E,SKY_CITADEL,483,0.000104900,true,1,15,120
E,SKY_CITADEL,484,0.000092400,true,1,12,58
E,SKY_CITADEL,485,0.000085200,true,1,10,46
E,SKY_CITADEL,486,0.000080400,true,1,9,45
E,SKY_CITADEL,487,0.000103000,true,1,15,110
E,SKY_CITADEL,488,0.000082500,true,1,9,45
E,SKY_CITADEL,489,0.000082900,true,1,10,46
E,SKY_CITADEL,490,0.000081600,true,1,9,45
E,SKY_CITADEL,491,0.000083600,true,1,10,49
E,SKY_CITADEL,492,0.000080700,true,1,9,45
E,SKY_CITADEL,493,0.000116600,true,1,19,146
E,SKY_CITADEL,494,0.000090300,true,1,11,59
E,SKY_CITADEL,495,0.000089200,true,1,11,52
E,SKY_CITADEL,496,0.000100800,true,1,14,96
E,SKY_CITADEL,497,0.000094400,true,1,12,78
E,SKY_CITADEL,498,0.000111100,true,1,17,153
E,SKY_CITADEL,499,0.000089400,true,1,11,59
E,SKY_CITADEL,500,0.000081600,true,1,9,45
E,SKY_CITADEL,501,0.000081400,true,1,9,45
E,SKY_CITADEL,502,0.000096200,true,1,9,45
E,SKY_CITADEL,503,0.000094500,true,1,10,55
E,SKY_CITADEL,504,0.000174600,true,1,9,45
E,SKY_CITADEL,505,0.000117300,true,1,17,153
E,SKY_CITADEL,506,0.000111200,true,1,13,91
E,SKY_CITADEL,507,0.000114400,true,1,10,55
E,SKY_CITADEL,508,0.000379100,true,3,71,285
E,SKY_CITADEL,509,0.000105100,true,1,12,78
E,SKY_CITADEL,510,0.000146600,true,1,12,78
E,SKY_CITADEL,511,0.000209200,true,1,9,45
E,SKY_CITADEL,512,0.000223300,true,1,13,83
E,SKY_CITADEL,513,0.000261400,true,1,18,171
E,SKY_CITADEL,514,0.000111800,true,1,10,49
E,SKY_CITADEL,515,0.000107600,true,1,11,58
E,SKY_CITADEL,516,0.000098600,true,1,10,50
E,SKY_CITADEL,517,0.000094700,true,1,9,45
E,SKY_CITADEL,518,0.000125400,true,1,15,120
E,SKY_CITADEL,519,0.000357900,true,3,68,125
E,SKY_CITADEL,520,0.000080900,true,1,9,45
E,SKY_CITADEL,521,0.000231100,true,2,25,128
E,SKY_CITADEL,522,0.000094200,true,1,9,45
E,SKY_CITADEL,523,0.000094900,true,1,12,61
E,SKY_CITADEL,524,0.000105900,true,1,13,91
E,SKY_CITADEL,525,0.000095500,true,1,9,45
E,SKY_CITADEL,526,0.000092500,true,1,10,55
E,SKY_CITADEL,527,0.000102300,true,1,12,78
E,SKY_CITADEL,528,0.000093400,true,1,9,45
E,SKY_CITADEL,529,0.000084800,true,1,10,55
E,SKY_CITADEL,530,0.000115000,true,1,17,127
E,SKY_CITADEL,531,0.000097000,true,1,9,45
E,SKY_CITADEL,532,0.000092600,true,1,9,45
E,SKY_CITADEL,533,0.000096200,true,1,12,78
E,SKY_CITADEL,534,0.000087800,true,1,10,46
E,SKY_CITADEL,535,0.000102200,true,1,10,55
E,SKY_CITADEL,536,0.000085500,true,1,9,45
E,SKY_CITADEL,537,0.000099700,true,1,10,51
E,SKY_CITADEL,538,0.000098000,true,1,12,51
E,SKY_CITADEL,539,0.000099200,true,1,9,45
E,SKY_CITADEL,540,0.000126700,true,1,13,91
E,SKY_CITADEL,541,0.000087000,true,1,10,55
E,SKY_CITADEL,542,0.000195500,true,2,28,196
E,SKY_CITADEL,543,0.000098700,true,1,13,91
E,SKY_CITADEL,544,0.000107500,true,1,14,105
E,SKY_CITADEL,545,0.000105100,true,1,13,68
E,SKY_CITADEL,546,0.000106000,true,1,10,49
E,SKY_CITADEL,547,0.000108600,true,1,10,55
E,SKY_CITADEL,548,0.000104400,true,1,10,55
E,SKY_CITADEL,549,0.000107800,true,1,12,78
E,SKY_CITADEL,550,0.000111800,true,1,12,78
E,SKY_CITADEL,551,0.000122300,true,1,12,78
E,SKY_CITADEL,552,0.000112300,true,1,11,61
E,SKY_CITADEL,553,0.000141200,true,1,10,48
E,SKY_CITADEL,554,0.000217900,true,1,13,91
E,SKY_CITADEL,555,0.000186300,true,1,9,45
E,SKY_CITADEL,556,0.000195400,true,1,9,45
E,SKY_CITADEL,557,0.000210400,true,1,15,120
E,SKY_CITADEL,558,0.000365500,true,2,38,89
E,SKY_CITADEL,559,0.000799700,true,1,14,96
E,SKY_CITADEL,560,0.000715200,true,2,36,175
E,SKY_CITADEL,561,0.000441800,true,2,40,332
E,SKY_CITADEL,562,0.000104100,true,1,9,45
E,SKY_CITADEL,563,0.000110100,true,1,9,45
E,SKY_CITADEL,564,0.000103300,true,1,10,49
E,SKY_CITADEL,565,0.000096300,true,1,10,51
E,SKY_CITADEL,566,0.000080200,true,1,9,45
E,SKY_CITADEL,567,0.000439100,true,4,89,423
E,SKY_CITADEL,568,0.000094500,true,1,11,53
E,SKY_CITADEL,569,0.000083500,true,1,10,47
E,SKY_CITADEL,570,0.000082700,true,1,10,48
E,SKY_CITADEL,571,0.000087200,true,1,10,55
E,SKY_CITADEL,572,0.000093200,true,1,12,78
E,SKY_CITADEL,573,0.000193000,true,2,39,114
E,SKY_CITADEL,574,0.000095000,true,1,13,91
E,SKY_CITADEL,575,0.000090800,true,1,11,56
E,SKY_CITADEL,576,0.000086600,true,1,11,62
E,SKY_CITADEL,577,0.000098400,true,1,13,91
E,SKY_CITADEL,578,0.000101900,true,1,14,94
E,SKY_CITADEL,579,0.000090100,true,1,12,63
E,SKY_CITADEL,580,0.000092400,true,1,10,50
E,SKY_CITADEL,581,0.000086700,true,1,9,45
E,SKY_CITADEL,582,0.000096600,true,1,13,80
E,SKY_CITADEL,583,0.000226400,true,2,39,362
E,SKY_CITADEL,584,0.000082500,true,1,9,45
E,SKY_CITADEL,585,0.000088400,true,1,11,58
E,SKY_CITADEL,586,0.000097600,true,1,12,78
E,SKY_CITADEL,587,0.000101100,true,1,12,78
E,SKY_CITADEL,588,0.000094900,true,1,10,55
E,SKY_CITADEL,589,0.000081400,true,1,9,45
E,SKY_CITADEL,590,0.000088700,true,1,9,45
E,SKY_CITADEL,591,0.000103200,true,1,14,98
E,SKY_CITADEL,592,0.000100200,true,1,13,91
E,SKY_CITADEL,593,0.000091200,true,1,11,60
E,SKY_CITADEL,594,0.000083300,true,1,9,45
E,SKY_CITADEL,595,0.000099300,true,1,13,91
E,SKY_CITADEL,596,0.000090100,true,1,11,54
E,SKY_CITADEL,597,0.000103000,true,1,10,55
E,SKY_CITADEL,598,0.000110300,true,1,9,45
E,SKY_CITADEL,599,0.000174100,true,1,13,91
E,SKY_CITADEL,600,0.000121500,true,1,16,123
E,SKY_CITADEL,601,0.000086300,true,1,9,45
E,SKY_CITADEL,602,0.000121200,true,1,18,171
E,SKY_CITADEL,603,0.000180900,true,1,16,136
E,SKY_CITADEL,604,0.000100400,true,1,12,78
E,SKY_CITADEL,605,0.000096100,true,1,12,78
E,SKY_CITADEL,606,0.000086600,true,1,10,47
E,SKY_CITADEL,607,0.000083900,true,1,9,45
E,SKY_CITADEL,608,0.000086700,true,1,10,55
E,SKY_CITADEL,609,0.000089200,true,1,9,45
E,SKY_CITADEL,610,0.000109700,true,1,10,49
E,SKY_CITADEL,611,0.000106400,true,1,13,91
E,SKY_CITADEL,612,0.000087200,true,1,9,45
E,SKY_CITADEL,613,0.000082500,true,1,9,45
E,SKY_CITADEL,614,0.000102900,true,1,14,105
E,SKY_CITADEL,615,0.000098000,true,1,13,91
E,SKY_CITADEL,616,0.000082800,true,1,9,45
E,SKY_CITADEL,617,0.000084200,true,1,10,47
E,SKY_CITADEL,618,0.000082500,true,1,9,45
E,SKY_CITADEL,619,0.000215000,true,2,36,255
E,SKY_CITADEL,620,0.000095800,true,1,13,79
E,SKY_CITADEL,621,0.000085500,true,1,10,51
E,SKY_CITADEL,622,0.000093400,true,1,11,57
E,SKY_CITADEL,623,0.000134900,true,1,10,50
E,SKY_CITADEL,624,0.000221700,true,1,15,96
E,SKY_CITADEL,625,0.000119400,true,1,12,78
E,SKY_CITADEL,626,0.000089700,true,1,9,45
E,SKY_CITADEL,627,0.000085000,true,1,9,45
E,SKY_CITADEL,628,0.000092400,true,1,11,49
E,SKY_CITADEL,629,0.000082500,true,1,9,45
E,SKY_CITADEL,630,0.000115200,true,1,18,140
E,SKY_CITADEL,631,0.000082400,true,1,9,45
E,SKY_CITADEL,632,0.000085500,true,1,9,45
E,SKY_CITADEL,633,0.000110300,true,1,15,120
E,SKY_CITADEL,634,0.000099900,true,1,13,91
E,SKY_CITADEL,635,0.000100800,true,1,14,105
E,SKY_CITADEL,636,0.000146800,true,1,19,190
E,SKY_CITADEL,637,0.000099200,true,1,9,45
E,SKY_CITADEL,638,0.000091300,true,1,10,55
E,SKY_CITADEL,639,0.000270300,true,2,33,280
E,SKY_CITADEL,640,0.000101200,true,1,12,78
E,SKY_CITADEL,641,0.000086500,true,1,10,47
E,SKY_CITADEL,642,0.000085000,true,1,10,55
E,SKY_CITADEL,643,0.000087500,true,1,11,60
E,SKY_CITADEL,644,0.000100200,true,1,14,89
E,SKY_CITADEL,645,0.000084400,true,1,10,48
E,SKY_CITADEL,646,0.000092700,true,1,12,78
E,SKY_CITADEL,647,0.000179000,true,2,24,138
E,SKY_CITADEL,648,0.000211100,true,2,40,124
E,SKY_CITADEL,649,0.000101500,true,1,14,96
E,SKY_CITADEL,650,0.000081500,true,1,9,45
E,SKY_CITADEL,651,0.000096600,true,1,14,95
E,SKY_CITADEL,652,0.000104800,true,1,16,108
E,SKY_CITADEL,653,0.000082900,true,1,9,45
E,SKY_CITADEL,654,0.000082700,true,1,10,47
E,SKY_CITADEL,655,0.000082300,true,1,9,45
E,SKY_CITADEL,656,0.000101600,true,1,13,91
E,SKY_CITADEL,657,0.000081600,true,1,9,45
E,SKY_CITADEL,658,0.000182700,true,2,41,200
E,SKY_CITADEL,659,0.000081900,true,1,9,45
E,SKY_CITADEL,660,0.000098400,true,1,14,84
E,SKY_CITADEL,661,0.000097800,true,1,14,92
E,SKY_CITADEL,662,0.000083200,true,1,9,45
E,SKY_CITADEL,663,0.000093900,true,1,12,78
E,SKY_CITADEL,664,0.000120700,true,1,16,136
E,SKY_CITADEL,665,0.000092200,true,1,12,57
E,SKY_CITADEL,666,0.000082900,true,1,9,45
E,SKY_CITADEL,667,0.000097800,true,1,13,91
E,SKY_CITADEL,668,0.000106900,true,1,14,98
E,SKY_CITADEL,669,0.000090700,true,1,11,56
E,SKY_CITADEL,670,0.000082600,true,1,9,45
E,SKY_CITADEL,671,0.000081500,true,1,9,45
E,SKY_CITADEL,672,0.000195200,true,2,43,115
E,SKY_CITADEL,673,0.000082600,true,1,10,46
E,SKY_CITADEL,674,0.000084500,true,1,10,51
E,SKY_CITADEL,675,0.000234800,true,2,42,120
E,SKY_CITADEL,676,0.000094000,true,1,12,78
E,SKY_CITADEL,677,0.000084200,true,1,10,51
E,SKY_CITADEL,678,0.000119400,true,1,20,180
E,SKY_CITADEL,679,0.000103400,true,1,12,78
E,SKY_CITADEL,680,0.000081000,true,1,9,45
E,SKY_CITADEL,681,0.000194000,true,2,40,98
E,SKY_CITADEL,682,0.000081600,true,1,9,45
E,SKY_CITADEL,683,0.000209900,true,2,35,234
E,SKY_CITADEL,684,0.000082000,true,1,9,45
E,SKY_CITADEL,685,0.000096000,true,1,13,91
E,SKY_CITADEL,686,0.000302700,true,3,70,193
E,SKY_CITADEL,687,0.000288200,true,2,38,198
E,SKY_CITADEL,688,0.000096200,true,1,13,91
E,SKY_CITADEL,689,0.000212100,true,2,35,258
E,SKY_CITADEL,690,0.000095500,true,1,10,48
E,SKY_CITADEL,691,0.000085000,true,1,10,47
E,SKY_CITADEL,692,0.000207500,true,2,29,196
E,SKY_CITADEL,693,0.000081800,true,1,9,45
E,SKY_CITADEL,694,0.000091900,true,1,12,78
E,SKY_CITADEL,695,0.000082500,true,1,10,55
E,SKY_CITADEL,696,0.000080700,true,1,9,45
E,SKY_CITADEL,697,0.000214400,true,2,33,182
E,SKY_CITADEL,698,0.000081600,true,1,9,45
E,SKY_CITADEL,699,0.000093300,true,1,11,62
E,SKY_CITADEL,700,0.000210600,true,2,29,195
E,SKY_CITADEL,701,0.000084400,true,1,9,45
E,SKY_CITADEL,702,0.000088100,true,1,11,52
E,SKY_CITADEL,703,0.000080900,true,1,9,45
E,SKY_CITADEL,704,0.000083600,true,1,9,45
E,SKY_CITADEL,705,0.000095000,true,1,10,51
E,SKY_CITADEL,706,0.000099700,true,1,10,46
E,SKY_CITADEL,707,0.000123400,true,1,15,98
E,SKY_CITADEL,708,0.000093800,true,1,10,50
E,SKY_CITADEL,709,0.000100800,true,1,13,91
E,SKY_CITADEL,710,0.000238800,true,2,34,125
E,SKY_CITADEL,711,0.000249900,true,2,29,219
E,SKY_CITADEL,712,0.000093900,true,1,9,45
E,SKY_CITADEL,713,0.000093900,true,1,10,55
E,SKY_CITADEL,714,0.000113800,true,1,14,85
E,SKY_CITADEL,715,0.000095100,true,1,11,50
E,SKY_CITADEL,716,0.000089500,true,1,9,45
E,SKY_CITADEL,717,0.000102400,true,1,12,78
E,SKY_CITADEL,718,0.000099000,true,1,10,46
E,SKY_CITADEL,719,0.000189100,true,1,9,45
E,SKY_CITADEL,720,0.000290100,true,2,34,277
E,SKY_CITADEL,721,0.000098200,true,1,9,45
E,SKY_CITADEL,722,0.000102300,true,1,10,48
E,SKY_CITADEL,723,0.000095200,true,1,9,45
E,SKY_CITADEL,724,0.000124100,true,1,13,81
E,SKY_CITADEL,725,0.000122000,true,1,10,55
E,SKY_CITADEL,726,0.000128100,true,1,13,91
E,SKY_CITADEL,727,0.000114700,true,1,9,45
E,SKY_CITADEL,728,0.000111100,true,1,11,59
E,SKY_CITADEL,729,0.000278100,true,2,20,95
E,SKY_CITADEL,730,0.000127000,true,1,15,120
E,SKY_CITADEL,731,0.000121600,true,1,15,120
E,SKY_CITADEL,732,0.000090200,true,1,9,45
E,SKY_CITADEL,733,0.000119000,true,1,14,90
E,SKY_CITADEL,734,0.000098600,true,1,12,78
E,SKY_CITADEL,735,0.000084300,true,1,9,45
E,SKY_CITADEL,736,0.000087900,true,1,11,61
E,SKY_CITADEL,737,0.000092400,true,1,9,45
E,SKY_CITADEL,738,0.000107300,true,1,9,45
E,SKY_CITADEL,739,0.000098700,true,1,13,80
E,SKY_CITADEL,740,0.000084800,true,1,10,55
E,SKY_CITADEL,741,0.000236700,true,2,41,135
E,SKY_CITADEL,742,0.000134800,true,1,14,105
E,SKY_CITADEL,743,0.000095500,true,1,9,45
E,SKY_CITADEL,744,0.000098600,true,1,9,45
E,SKY_CITADEL,745,0.000193900,true,2,44,134
E,SKY_CITADEL,746,0.000087500,true,1,9,45
E,SKY_CITADEL,747,0.000085600,true,1,10,49
E,SKY_CITADEL,748,0.000100900,true,1,14,105
E,SKY_CITADEL,749,0.000099800,true,1,10,55
E,SKY_CITADEL,750,0.000106600,true,1,11,51
E,SKY_CITADEL,751,0.000109300,true,1,11,56
E,SKY_CITADEL,752,0.000118600,true,1,13,81
E,SKY_CITADEL,753,0.000090300,true,1,9,45
E,SKY_CITADEL,754,0.000090500,true,1,9,45
E,SKY_CITADEL,755,0.000099700,true,1,11,56
E,SKY_CITADEL,756,0.000209800,true,2,19,89
E,SKY_CITADEL,757,0.000111200,true,1,9,45
E,SKY_CITADEL,758,0.000209200,true,1,13,84
E,SKY_CITADEL,759,0.000495400,true,2,47,192
E,SKY_CITADEL,760,0.000141800,true,1,11,62
E,SKY_CITADEL,761,0.000218500,true,1,15,101
E,SKY_CITADEL,762,0.000168100,true,1,10,55
E,SKY_CITADEL,763,0.000163900,true,1,9,45
E,SKY_CITADEL,764,0.000169400,true,1,10,52
E,SKY_CITADEL,765,0.000171000,true,1,10,49
E,SKY_CITADEL,766,0.000190300,true,1,9,45
E,SKY_CITADEL,767,0.000168200,true,1,20,193
E,SKY_CITADEL,768,0.000100500,true,1,9,45
E,SKY_CITADEL,769,0.000110200,true,1,9,45
E,SKY_CITADEL,770,0.000248500,true,2,31,220
E,SKY_CITADEL,771,0.000104000,true,1,14,95
E,SKY_CITADEL,772,0.000094000,true,1,12,78
E,SKY_CITADEL,773,0.000223000,true,2,22,129
E,SKY_CITADEL,774,0.000093900,true,1,12,78
E,SKY_CITADEL,775,0.000127200,true,1,13,85
E,SKY_CITADEL,776,0.000080500,true,1,9,45
E,SKY_CITADEL,777,0.000177400,true,2,41,107
E,SKY_CITADEL,778,0.000082400,true,1,9,45
E,SKY_CITADEL,779,0.000097200,true,1,13,81
E,SKY_CITADEL,780,0.000082800,true,1,9,45
E,SKY_CITADEL,781,0.000081700,true,1,9,45
E,SKY_CITADEL,782,0.000087200,true,1,10,48
E,SKY_CITADEL,783,0.000111100,true,1,10,51
E,SKY_CITADEL,784,0.000240300,true,2,43,283
E,SKY_CITADEL,785,0.000096200,true,1,13,91
E,SKY_CITADEL,786,0.000109400,true,1,17,130
E,SKY_CITADEL,787,0.000083400,true,1,10,47
E,SKY_CITADEL,788,0.000083200,true,1,10,49
E,SKY_CITADEL,789,0.000099500,true,1,14,98
E,SKY_CITADEL,790,0.000086300,true,1,9,45
E,SKY_CITADEL,791,0.000080700,true,1,9,45
E,SKY_CITADEL,792,0.000088900,true,1,11,56
E,SKY_CITADEL,793,0.000093700,true,1,12,78
E,SKY_CITADEL,794,0.000080600,true,1,9,45
E,SKY_CITADEL,795,0.000096200,true,1,13,91
E,SKY_CITADEL,796,0.000115500,true,1,17,137
E,SKY_CITADEL,797,0.000087400,true,1,11,51
E,SKY_CITADEL,798,0.000100800,true,1,13,91
E,SKY_CITADEL,799,0.000086100,true,1,10,48
E,SKY_CITADEL,800,0.000084900,true,1,10,46
E,SKY_CITADEL,801,0.000095600,true,1,13,91
E,SKY_CITADEL,802,0.000086400,true,1,10,55
E,SKY_CITADEL,803,0.000111200,true,1,9,45
E,SKY_CITADEL,804,0.000104800,true,1,14,92
E,SKY_CITADEL,805,0.000085400,true,1,9,45
E,SKY_CITADEL,806,0.000116300,true,1,17,143
E,SKY_CITADEL,807,0.000080900,true,1,9,45
E,SKY_CITADEL,808,0.000085600,true,1,10,55
E,SKY_CITADEL,809,0.000211700,true,2,33,235
E,SKY_CITADEL,810,0.000094900,true,1,10,55
E,SKY_CITADEL,811,0.000093600,true,1,12,59
E,SKY_CITADEL,812,0.000275700,true,3,50,170
E,SKY_CITADEL,813,0.000085700,true,1,10,50
E,SKY_CITADEL,814,0.000094500,true,1,13,60
E,SKY_CITADEL,815,0.000083600,true,1,9,45
E,SKY_CITADEL,816,0.000113300,true,1,17,153
E,SKY_CITADEL,817,0.000097600,true,1,11,61
E,SKY_CITADEL,818,0.000087200,true,1,10,55
E,SKY_CITADEL,819,0.000081300,true,1,9,45
E,SKY_CITADEL,820,0.000128600,true,1,20,193
E,SKY_CITADEL,821,0.000084400,true,1,9,45
E,SKY_CITADEL,822,0.000086100,true,1,9,45
E,SKY_CITADEL,823,0.000170600,true,1,13,91
E,SKY_CITADEL,824,0.000682100,true,1,13,91
E,SKY_CITADEL,825,0.000286100,true,1,12,78
E,SKY_CITADEL,826,0.000221100,true,1,10,55
E,SKY_CITADEL,827,0.000173700,true,1,9,45
E,SKY_CITADEL,828,0.000169900,true,1,9,45
E,SKY_CITADEL,829,0.000118100,true,1,11,51
E,SKY_CITADEL,830,0.000111700,true,1,9,45
E,SKY_CITADEL,831,0.000106900,true,1,12,78
E,SKY_CITADEL,832,0.000091300,true,1,10,55
E,SKY_CITADEL,833,0.000108700,true,1,12,78
E,SKY_CITADEL,834,0.000111400,true,1,15,120
E,SKY_CITADEL,835,0.000100200,true,1,14,84
E,SKY_CITADEL,836,0.000086600,true,1,9,45
E,SKY_CITADEL,837,0.000099600,true,1,13,91
E,SKY_CITADEL,838,0.000097000,true,1,13,91
E,SKY_CITADEL,839,0.000089700,true,1,11,57
E,SKY_CITADEL,840,0.000234700,true,2,45,239
E,SKY_CITADEL,841,0.000087400,true,1,10,46
E,SKY_CITADEL,842,0.000087600,true,1,11,57
E,SKY_CITADEL,843,0.000083900,true,1,9,45
E,SKY_CITADEL,844,0.000094300,true,1,12,78
E,SKY_CITADEL,845,0.000092200,true,1,12,61
E,SKY_CITADEL,846,0.000087500,true,1,10,48
E,SKY_CITADEL,847,0.000083600,true,1,9,45
E,SKY_CITADEL,848,0.000256800,true,2,36,284
E,SKY_CITADEL,849,0.000098000,true,1,10,46
E,SKY_CITADEL,850,0.000112800,true,1,15,120
E,SKY_CITADEL,851,0.000100600,true,1,12,78
E,SKY_CITADEL,852,0.000091100,true,1,11,56
E,SKY_CITADEL,853,0.000081700,true,1,9,45
E,SKY_CITADEL,854,0.000080800,true,1,9,45
E,SKY_CITADEL,855,0.000080500,true,1,9,45
E,SKY_CITADEL,856,0.000084100,true,1,10,50
E,SKY_CITADEL,857,0.000098000,true,1,14,95
E,SKY_CITADEL,858,0.000099500,true,1,13,91
E,SKY_CITADEL,859,0.000112300,true,1,16,109
E,SKY_CITADEL,860,0.000081700,true,1,9,45
E,SKY_CITADEL,861,0.000099900,true,1,13,91
E,SKY_CITADEL,862,0.000314200,true,1,9,45
E,SKY_CITADEL,863,0.000503800,true,2,32,226
E,SKY_CITADEL,864,0.000168200,true,1,10,52
E,SKY_CITADEL,865,0.000208400,true,1,15,120
E,SKY_CITADEL,866,0.000189000,true,1,13,91
E,SKY_CITADEL,867,0.000173600,true,1,12,63
E,SKY_CITADEL,868,0.000156700,true,1,9,45
E,SKY_CITADEL,869,0.000176300,true,1,12,78
E,SKY_CITADEL,870,0.000177500,true,1,12,67
E,SKY_CITADEL,871,0.000129700,true,1,9,45
E,SKY_CITADEL,872,0.000096000,true,1,10,47
E,SKY_CITADEL,873,0.000091000,true,1,10,52
E,SKY_CITADEL,874,0.000089900,true,1,10,48
E,SKY_CITADEL,875,0.000084700,true,1,9,45
E,SKY_CITADEL,876,0.000101200,true,1,13,91
E,SKY_CITADEL,877,0.000084800,true,1,10,50
E,SKY_CITADEL,878,0.000106700,true,1,15,109
E,SKY_CITADEL,879,0.000101700,true,1,15,120
E,SKY_CITADEL,880,0.000205300,true,2,30,231
E,SKY_CITADEL,881,0.000117300,true,1,18,171
E,SKY_CITADEL,882,0.000088900,true,1,11,62
E,SKY_CITADEL,883,0.000087700,true,1,10,47
E,SKY_CITADEL,884,0.000118100,true,1,10,49
E,SKY_CITADEL,885,0.000116600,true,1,9,45
E,SKY_CITADEL,886,0.000092800,true,1,10,46
E,SKY_CITADEL,887,0.000091800,true,1,10,55
E,SKY_CITADEL,888,0.000085200,true,1,9,45
E,SKY_CITADEL,889,0.000105600,true,1,14,94
E,SKY_CITADEL,890,0.000179500,true,2,41,98
E,SKY_CITADEL,891,0.000257400,true,3,50,241
E,SKY_CITADEL,892,0.000087900,true,1,11,61
E,SKY_CITADEL,893,0.000177000,true,2,37,81
E,SKY_CITADEL,894,0.000083300,true,1,10,46
E,SKY_CITADEL,895,0.000088800,true,1,11,57
E,SKY_CITADEL,896,0.000233200,true,2,45,190
E,SKY_CITADEL,897,0.000082800,true,1,9,45
E,SKY_CITADEL,898,0.000097700,true,1,13,83
E,SKY_CITADEL,899,0.000082900,true,1,10,50
E,SKY_CITADEL,900,0.000081100,true,1,9,45
E,SKY_CITADEL,901,0.000115200,true,1,12,78
E,SKY_CITADEL,902,0.000085000,true,1,10,49
E,SKY_CITADEL,903,0.000080900,true,1,9,45
E,SKY_CITADEL,904,0.000123800,true,1,19,174
E,SKY_CITADEL,905,0.000091900,true,1,12,78
E,SKY_CITADEL,906,0.000092000,true,1,12,78
E,SKY_CITADEL,907,0.000093400,true,1,12,78
E,SKY_CITADEL,908,0.000102600,true,1,15,120
E,SKY_CITADEL,909,0.000083300,true,1,9,45
E,SKY_CITADEL,910,0.000097400,true,1,13,91
E,SKY_CITADEL,911,0.000082600,true,1,9,45
E,SKY_CITADEL,912,0.000081500,true,1,9,45
E,SKY_CITADEL,913,0.000079900,true,1,9,45
E,SKY_CITADEL,914,0.000157400,true,1,13,91
E,SKY_CITADEL,915,0.000098000,true,1,10,55
E,SKY_CITADEL,916,0.000088900,true,1,10,49
E,SKY_CITADEL,917,0.000091600,true,1,10,52
E,SKY_CITADEL,918,0.000215700,true,2,36,273
E,SKY_CITADEL,919,0.000088800,true,1,11,58
E,SKY_CITADEL,920,0.000093600,true,1,13,59
E,SKY_CITADEL,921,0.000116800,true,1,14,94
E,SKY_CITADEL,922,0.000091400,true,1,12,78
E,SKY_CITADEL,923,0.000208800,true,2,26,168
E,SKY_CITADEL,924,0.000102400,true,1,10,55
E,SKY_CITADEL,925,0.000095000,true,1,10,49
E,SKY_CITADEL,926,0.000191100,true,1,13,85
E,SKY_CITADEL,927,0.000084300,true,1,9,45
E,SKY_CITADEL,928,0.000090200,true,1,9,45
E,SKY_CITADEL,929,0.000145500,true,1,17,153
E,SKY_CITADEL,930,0.000524500,true,2,38,184
E,SKY_CITADEL,931,0.000100800,true,1,10,46
E,SKY_CITADEL,932,0.000112400,true,1,13,91
E,SKY_CITADEL,933,0.000136600,true,1,10,55
E,SKY_CITADEL,934,0.000106700,true,1,10,49
E,SKY_CITADEL,935,0.000141000,true,1,10,46
E,SKY_CITADEL,936,0.000106000,true,1,10,48
E,SKY_CITADEL,937,0.000093600,true,1,9,45
E,SKY_CITADEL,938,0.000104700,true,1,12,78
E,SKY_CITADEL,939,0.000114900,true,1,15,106
E,SKY_CITADEL,940,0.000091000,true,1,9,45
E,SKY_CITADEL,941,0.000093600,true,1,10,50
E,SKY_CITADEL,942,0.000138400,true,1,18,157
E,SKY_CITADEL,943,0.000291300,true,2,37,260
E,SKY_CITADEL,944,0.000110600,true,1,15,92
E,SKY_CITADEL,945,0.000092200,true,1,10,52
E,SKY_CITADEL,946,0.000092600,true,1,9,45
E,SKY_CITADEL,947,0.000082900,true,1,9,45
E,SKY_CITADEL,948,0.000090600,true,1,11,57
E,SKY_CITADEL,949,0.000092000,true,1,10,55
E,SKY_CITADEL,950,0.000089600,true,1,9,45
E,SKY_CITADEL,951,0.000113000,true,1,14,84
E,SKY_CITADEL,952,0.000094000,true,1,9,45
E,SKY_CITADEL,953,0.000235600,true,2,38,171
E,SKY_CITADEL,954,0.000106200,true,1,14,105
E,SKY_CITADEL,955,0.000239800,true,2,32,234
E,SKY_CITADEL,956,0.000092600,true,1,9,45
E,SKY_CITADEL,957,0.000253000,true,2,39,240
E,SKY_CITADEL,958,0.000097600,true,1,9,45
E,SKY_CITADEL,959,0.000112500,true,1,14,98
E,SKY_CITADEL,960,0.000109300,true,1,12,78
E,SKY_CITADEL,961,0.000097600,true,1,9,45
E,SKY_CITADEL,962,0.000097200,true,1,12,78
E,SKY_CITADEL,963,0.000087200,true,1,10,50
E,SKY_CITADEL,964,0.000085800,true,1,9,45
E,SKY_CITADEL,965,0.000105500,true,1,15,120
E,SKY_CITADEL,966,0.000102400,true,1,13,81
E,SKY_CITADEL,967,0.000094000,true,1,9,45
E,SKY_CITADEL,968,0.000099400,true,1,10,47
E,SKY_CITADEL,969,0.000126500,true,1,10,55
E,SKY_CITADEL,970,0.000112600,true,1,14,91
E,SKY_CITADEL,971,0.000093700,true,1,10,55
E,SKY_CITADEL,972,0.000102900,true,1,9,45
E,SKY_CITADEL,973,0.000095600,true,1,10,52
E,SKY_CITADEL,974,0.000099700,true,1,9,45
E,SKY_CITADEL,975,0.000124500,true,1,9,45
E,SKY_CITADEL,976,0.000207500,true,1,11,51
E,SKY_CITADEL,977,0.000502100,true,2,42,140
E,SKY_CITADEL,978,0.000169900,true,1,9,45
E,SKY_CITADEL,979,0.000190200,true,1,13,84
E,SKY_CITADEL,980,0.000179000,true,1,10,46
E,SKY_CITADEL,981,0.000169900,true,1,11,49
E,SKY_CITADEL,982,0.000186600,true,1,12,78
E,SKY_CITADEL,983,0.000154800,true,1,9,45
E,SKY_CITADEL,984,0.000185400,true,1,11,50
E,SKY_CITADEL,985,0.000210000,true,1,17,153
E,SKY_CITADEL,986,0.000247200,true,2,40,105
E,SKY_CITADEL,987,0.000134600,true,1,10,55
E,SKY_CITADEL,988,0.000113000,true,1,13,91
E,SKY_CITADEL,989,0.000119200,true,1,11,56
E,SKY_CITADEL,990,0.000101100,true,1,14,98
E,SKY_CITADEL,991,0.000084500,true,1,10,55
E,SKY_CITADEL,992,0.000085600,true,1,10,47
E,SKY_CITADEL,993,0.000081200,true,1,9,45
E,SKY_CITADEL,994,0.000115100,true,1,17,153
E,SKY_CITADEL,995,0.000087200,true,1,9,45
E,SKY_CITADEL,996,0.000179700,true,2,25,137
E,SKY_CITADEL,997,0.000082600,true,1,10,55
E,SKY_CITADEL,998,0.000087000,true,1,11,61
E,SKY_CITADEL,999,0.000079500,true,1,10,55
E,SKY_CITADEL,1000,0.000091700,true,1,12,78
E,ETHEREAL_SCAPE,1,0.000187100,true,1,10,672
E,ETHEREAL_SCAPE,2,0.000170600,true,1,10,738
E,ETHEREAL_SCAPE,3,0.000248900,true,1,15,1101
E,ETHEREAL_SCAPE,4,0.000181000,true,1,10,758
E,ETHEREAL_SCAPE,5,0.000180100,true,1,9,768
E,ETHEREAL_SCAPE,6,0.000281500,true,2,21,819
E,ETHEREAL_SCAPE,7,0.000223000,true,1,14,999
E,ETHEREAL_SCAPE,8,0.000319300,true,2,29,951
E,ETHEREAL_SCAPE,9,0.000215100,true,1,9,804
E,ETHEREAL_SCAPE,10,0.000186600,true,1,9,721
E,ETHEREAL_SCAPE,11,0.000315900,true,2,29,1007
E,ETHEREAL_SCAPE,12,0.000266600,true,2,19,805
E,ETHEREAL_SCAPE,13,0.000191400,true,1,9,802
E,ETHEREAL_SCAPE,14,0.000240700,true,1,13,1019
E,ETHEREAL_SCAPE,15,0.000343000,true,2,26,1214
E,ETHEREAL_SCAPE,16,0.000183800,true,1,10,820
E,ETHEREAL_SCAPE,17,0.000205400,true,1,13,989
E,ETHEREAL_SCAPE,18,0.000278400,true,2,22,933
E,ETHEREAL_SCAPE,19,0.000206000,true,1,9,755
E,ETHEREAL_SCAPE,20,0.000190100,true,1,9,776
E,ETHEREAL_SCAPE,21,0.000279900,true,2,22,835
E,ETHEREAL_SCAPE,22,0.000309800,true,2,41,904
E,ETHEREAL_SCAPE,23,0.000195100,true,1,11,778
E,ETHEREAL_SCAPE,24,0.000235800,true,1,12,929
E,ETHEREAL_SCAPE,25,0.000182700,true,1,11,671
E,ETHEREAL_SCAPE,26,0.000231000,true,1,12,1049
E,ETHEREAL_SCAPE,27,0.000177000,true,1,10,648
E,ETHEREAL_SCAPE,28,0.000193200,true,1,10,779
E,ETHEREAL_SCAPE,29,0.000199800,true,1,9,915
E,ETHEREAL_SCAPE,30,0.000226100,true,1,14,914
E,ETHEREAL_SCAPE,31,0.000397800,true,3,40,977
E,ETHEREAL_SCAPE,32,0.000188800,true,1,9,760
E,ETHEREAL_SCAPE,33,0.000199300,true,1,9,806
E,ETHEREAL_SCAPE,34,0.000199300,true,1,10,901
E,ETHEREAL_SCAPE,35,0.000331500,true,2,30,934
E,ETHEREAL_SCAPE,36,0.000442800,true,1,9,826
E,ETHEREAL_SCAPE,37,0.000220400,true,1,9,798
E,ETHEREAL_SCAPE,38,0.000307800,true,2,27,856
E,ETHEREAL_SCAPE,39,0.000193900,true,1,10,691
E,ETHEREAL_SCAPE,40,0.000286700,true,2,23,780
E,ETHEREAL_SCAPE,41,0.000207100,true,1,10,769
E,ETHEREAL_SCAPE,42,0.000192600,true,1,11,837
E,ETHEREAL_SCAPE,43,0.000180200,true,1,10,774
E,ETHEREAL_SCAPE,44,0.000409900,true,3,59,1017
E,ETHEREAL_SCAPE,45,0.000199600,true,1,10,756
E,ETHEREAL_SCAPE,46,0.000189400,true,1,11,810
E,ETHEREAL_SCAPE,47,0.000186700,true,1,10,778
E,ETHEREAL_SCAPE,48,0.000324100,true,2,28,852
E,ETHEREAL_SCAPE,49,0.000192600,true,1,9,826
E,ETHEREAL_SCAPE,50,0.000178500,true,1,9,805
E,ETHEREAL_SCAPE,51,0.000247400,true,2,15,792
E,ETHEREAL_SCAPE,52,0.000187000,true,1,9,766
E,ETHEREAL_SCAPE,53,0.000191900,true,1,10,836
E,ETHEREAL_SCAPE,54,0.000503200,true,2,37,781
E,ETHEREAL_SCAPE,55,0.000194100,true,1,12,793
E,ETHEREAL_SCAPE,56,0.000361100,true,2,44,1188
E,ETHEREAL_SCAPE,57,0.000333100,true,2,15,778
E,ETHEREAL_SCAPE,58,0.000216900,true,1,9,817
E,ETHEREAL_SCAPE,59,0.000268300,true,1,14,1032
E,ETHEREAL_SCAPE,60,0.000204700,true,1,9,747
E,ETHEREAL_SCAPE,61,0.000207800,true,1,10,777
E,ETHEREAL_SCAPE,62,0.000306500,true,2,24,828
E,ETHEREAL_SCAPE,63,0.000206100,true,1,11,868
E,ETHEREAL_SCAPE,64,0.000207400,true,1,10,757
E,ETHEREAL_SCAPE,65,0.000227800,true,1,10,779
E,ETHEREAL_SCAPE,66,0.000209300,true,1,9,870
E,ETHEREAL_SCAPE,67,0.000234800,true,1,12,1105
E,ETHEREAL_SCAPE,68,0.000208000,true,1,11,757
E,ETHEREAL_SCAPE,69,0.000306300,true,1,10,827
E,ETHEREAL_SCAPE,70,0.000306500,true,2,40,774
E,ETHEREAL_SCAPE,71,0.000220500,true,1,12,975
E,ETHEREAL_SCAPE,72,0.000243600,true,1,14,893
E,ETHEREAL_SCAPE,73,0.000203800,true,1,9,826
E,ETHEREAL_SCAPE,74,0.000285800,true,2,23,877
E,ETHEREAL_SCAPE,75,0.000203200,true,1,10,780
E,ETHEREAL_SCAPE,76,0.000223900,true,1,13,793
E,ETHEREAL_SCAPE,77,0.000216600,true,1,9,764
E,ETHEREAL_SCAPE,78,0.000298600,true,1,11,830
E,ETHEREAL_SCAPE,79,0.000427000,true,1,9,674
E,ETHEREAL_SCAPE,80,0.000456000,true,1,12,834
E,ETHEREAL_SCAPE,81,0.000350100,true,1,9,702
E,ETHEREAL_SCAPE,82,0.000362700,true,1,9,755
E,ETHEREAL_SCAPE,83,0.000374500,true,2,23,818
E,ETHEREAL_SCAPE,84,0.000415100,true,3,45,983
E,ETHEREAL_SCAPE,85,0.000184700,true,1,9,826
E,ETHEREAL_SCAPE,86,0.000212700,true,1,12,985
E,ETHEREAL_SCAPE,87,0.000321000,true,2,45,907
E,ETHEREAL_SCAPE,88,0.000302800,true,1,10,848
E,ETHEREAL_SCAPE,89,0.000176200,true,1,9,776
E,ETHEREAL_SCAPE,90,0.000178100,true,1,9,789
E,ETHEREAL_SCAPE,91,0.000357600,true,2,33,877
E,ETHEREAL_SCAPE,92,0.000187600,true,1,10,794
E,ETHEREAL_SCAPE,93,0.000674500,true,4,73,1215
E,ETHEREAL_SCAPE,94,0.000181200,true,1,9,751
E,ETHEREAL_SCAPE,95,0.000270300,true,1,9,871
E,ETHEREAL_SCAPE,96,0.000272900,true,2,19,857
E,ETHEREAL_SCAPE,97,0.000180900,true,1,9,807
E,ETHEREAL_SCAPE,98,0.000281100,true,1,9,768
E,ETHEREAL_SCAPE,99,0.000306500,true,1,10,830
E,ETHEREAL_SCAPE,100,0.000249600,true,1,13,1090
E,ETHEREAL_SCAPE,101,0.000169600,true,1,9,762
E,ETHEREAL_SCAPE,102,0.000225700,true,1,13,988
E,ETHEREAL_SCAPE,103,0.000210300,true,1,12,994
E,ETHEREAL_SCAPE,104,0.000241400,true,1,13,861
E,ETHEREAL_SCAPE,105,0.000186600,true,1,9,826
E,ETHEREAL_SCAPE,106,0.000205200,true,1,11,830
E,ETHEREAL_SCAPE,107,0.000188000,true,1,12,825
E,ETHEREAL_SCAPE,108,0.000404800,true,3,60,944
E,ETHEREAL_SCAPE,109,0.000186800,true,1,10,729
E,ETHEREAL_SCAPE,110,0.000178000,true,1,9,755
E,ETHEREAL_SCAPE,111,0.000195600,true,1,9,876
E,ETHEREAL_SCAPE,112,0.000228200,true,1,13,951
E,ETHEREAL_SCAPE,113,0.000870700,true,1,9,818
E,ETHEREAL_SCAPE,114,0.001178600,true,2,77,1211
E,ETHEREAL_SCAPE,115,0.001147300,true,2,34,998
E,ETHEREAL_SCAPE,116,0.000257400,true,1,10,762
E,ETHEREAL_SCAPE,117,0.000228200,true,1,13,854
E,ETHEREAL_SCAPE,118,0.000298000,true,2,27,809
E,ETHEREAL_SCAPE,119,0.000203800,true,1,9,820
E,ETHEREAL_SCAPE,120,0.000185500,true,1,9,826
E,ETHEREAL_SCAPE,121,0.000617000,true,5,77,1274
E,ETHEREAL_SCAPE,122,0.000205400,true,1,11,767
E,ETHEREAL_SCAPE,123,0.000191100,true,1,9,812
E,ETHEREAL_SCAPE,124,0.000182900,true,1,10,726
E,ETHEREAL_SCAPE,125,0.000212200,true,1,10,794
E,ETHEREAL_SCAPE,126,0.000193800,true,1,9,755
E,ETHEREAL_SCAPE,127,0.000192200,true,1,9,769
E,ETHEREAL_SCAPE,128,0.000182400,true,1,9,805
E,ETHEREAL_SCAPE,129,0.000326800,true,2,39,937
E,ETHEREAL_SCAPE,130,0.000184800,true,1,10,820
E,ETHEREAL_SCAPE,131,0.000340100,true,2,42,1150
E,ETHEREAL_SCAPE,132,0.000187000,true,1,9,823
E,ETHEREAL_SCAPE,133,0.000188800,true,1,11,778
E,ETHEREAL_SCAPE,134,0.000173300,true,1,9,776
E,ETHEREAL_SCAPE,135,0.000171100,true,1,9,755
E,ETHEREAL_SCAPE,136,0.000346000,true,2,53,1042
E,ETHEREAL_SCAPE,137,0.000289100,true,2,24,811
E,ETHEREAL_SCAPE,138,0.000274200,true,2,25,819
E,ETHEREAL_SCAPE,139,0.000316300,true,2,45,815
E,ETHEREAL_SCAPE,140,0.000177500,true,1,9,769
E,ETHEREAL_SCAPE,141,0.000174900,true,1,9,760
E,ETHEREAL_SCAPE,142,0.000197900,true,1,9,751
E,ETHEREAL_SCAPE,143,0.000205200,true,1,9,807
E,ETHEREAL_SCAPE,144,0.000243500,true,1,13,1020
E,ETHEREAL_SCAPE,145,0.000403800,true,2,48,1082
E,ETHEREAL_SCAPE,146,0.000497300,true,2,49,954
E,ETHEREAL_SCAPE,147,0.000202100,true,1,9,790
E,ETHEREAL_SCAPE,148,0.000227600,true,1,10,795
E,ETHEREAL_SCAPE,149,0.000420400,true,2,53,1209
E,ETHEREAL_SCAPE,150,0.000185900,true,1,9,826
E,ETHEREAL_SCAPE,151,0.000177800,true,1,9,747
E,ETHEREAL_SCAPE,152,0.000193400,true,1,10,752
E,ETHEREAL_SCAPE,153,0.000190100,true,1,11,768
E,ETHEREAL_SCAPE,154,0.000171600,true,1,9,781
E,ETHEREAL_SCAPE,155,0.000171800,true,1,9,772
E,ETHEREAL_SCAPE,156,0.000190100,true,1,9,876
E,ETHEREAL_SCAPE,157,0.000203600,true,1,9,775
E,ETHEREAL_SCAPE,158,0.000188000,true,1,9,684
E,ETHEREAL_SCAPE,159,0.000193300,true,1,11,754
E,ETHEREAL_SCAPE,160,0.000209000,true,1,10,816
E,ETHEREAL_SCAPE,161,0.000432800,true,3,37,938
E,ETHEREAL_SCAPE,162,0.000205400,true,1,11,730
E,ETHEREAL_SCAPE,163,0.000741600,true,2,51,1111
E,ETHEREAL_SCAPE,164,0.000339200,true,1,9,820
E,ETHEREAL_SCAPE,165,0.000540600,true,2,25,970
E,ETHEREAL_SCAPE,166,0.000643800,true,3,63,1030
E,ETHEREAL_SCAPE,167,0.000214300,true,1,10,756
E,ETHEREAL_SCAPE,168,0.000180900,true,1,9,793
E,ETHEREAL_SCAPE,169,0.000176400,true,1,9,826
E,ETHEREAL_SCAPE,170,0.000177600,true,1,9,776
E,ETHEREAL_SCAPE,171,0.000260800,true,2,20,879
E,ETHEREAL_SCAPE,172,0.000219800,true,1,13,990
E,ETHEREAL_SCAPE,173,0.000175700,true,1,9,819
E,ETHEREAL_SCAPE,174,0.000276000,true,2,21,851
E,ETHEREAL_SCAPE,175,0.000213000,true,1,15,905
E,ETHEREAL_SCAPE,176,0.000181800,true,1,10,775
E,ETHEREAL_SCAPE,177,0.000173500,true,1,9,826
E,ETHEREAL_SCAPE,178,0.000218400,true,1,12,977
E,ETHEREAL_SCAPE,179,0.000176400,true,1,9,751
E,ETHEREAL_SCAPE,180,0.000176200,true,1,9,755
E,ETHEREAL_SCAPE,181,0.000218600,true,1,10,781
E,ETHEREAL_SCAPE,182,0.000203400,true,1,10,827
E,ETHEREAL_SCAPE,183,0.000379100,true,3,51,848
E,ETHEREAL_SCAPE,184,0.000187600,true,1,9,755
E,ETHEREAL_SCAPE,185,0.000209900,true,1,11,782
E,ETHEREAL_SCAPE,186,0.000354700,true,2,29,1213
E,ETHEREAL_SCAPE,187,0.000191500,true,1,9,755
E,ETHEREAL_SCAPE,188,0.000177100,true,1,9,755
E,ETHEREAL_SCAPE,189,0.000190100,true,1,10,749
E,ETHEREAL_SCAPE,190,0.000213100,true,1,13,983
E,ETHEREAL_SCAPE,191,0.000290400,true,2,28,873
E,ETHEREAL_SCAPE,192,0.000327900,true,2,36,783
E,ETHEREAL_SCAPE,193,0.000227400,true,1,12,977
E,ETHEREAL_SCAPE,194,0.000204700,true,1,13,890
E,ETHEREAL_SCAPE,195,0.000206500,true,1,12,964
E,ETHEREAL_SCAPE,196,0.000190500,true,1,11,788
E,ETHEREAL_SCAPE,197,0.000197800,true,1,10,900
E,ETHEREAL_SCAPE,198,0.000189800,true,1,13,770
E,ETHEREAL_SCAPE,199,0.000181500,true,1,9,774
E,ETHEREAL_SCAPE,200,0.000189000,true,1,12,780
E,ETHEREAL_SCAPE,201,0.000189300,true,1,9,818
E,ETHEREAL_SCAPE,202,0.000186100,true,1,9,832
E,ETHEREAL_SCAPE,203,0.000187400,true,1,10,675
E,ETHEREAL_SCAPE,204,0.000186400,true,1,9,755
E,ETHEREAL_SCAPE,205,0.000193300,true,1,11,793
E,ETHEREAL_SCAPE,206,0.000292100,true,2,24,798
E,ETHEREAL_SCAPE,207,0.000294000,true,2,27,851
E,ETHEREAL_SCAPE,208,0.000199300,true,1,12,900
E,ETHEREAL_SCAPE,209,0.000321300,true,2,30,913
E,ETHEREAL_SCAPE,210,0.000195200,true,1,9,826
E,ETHEREAL_SCAPE,211,0.000199700,true,1,10,778
E,ETHEREAL_SCAPE,212,0.000193200,true,1,9,732
E,ETHEREAL_SCAPE,213,0.000215600,true,1,13,930
E,ETHEREAL_SCAPE,214,0.000180300,true,1,9,784
E,ETHEREAL_SCAPE,215,0.000176400,true,1,10,765
E,ETHEREAL_SCAPE,216,0.000209100,true,1,12,814
E,ETHEREAL_SCAPE,217,0.000184200,true,1,9,776
E,ETHEREAL_SCAPE,218,0.000296600,true,2,28,996
E,ETHEREAL_SCAPE,219,0.000193700,true,1,10,784
E,ETHEREAL_SCAPE,220,0.000188800,true,1,11,778
E,ETHEREAL_SCAPE,221,0.000202000,true,1,10,866
E,ETHEREAL_SCAPE,222,0.000178900,true,1,10,851
E,ETHEREAL_SCAPE,223,0.000199400,true,1,12,915
E,ETHEREAL_SCAPE,224,0.000311100,true,2,30,1044
E,ETHEREAL_SCAPE,225,0.000213200,true,1,12,929
E,ETHEREAL_SCAPE,226,0.000175600,true,1,10,808
E,ETHEREAL_SCAPE,227,0.000299100,true,2,41,970
E,ETHEREAL_SCAPE,228,0.000379000,true,3,45,995
E,ETHEREAL_SCAPE,229,0.000176100,true,1,9,789
E,ETHEREAL_SCAPE,230,0.000542000,true,4,94,1073
E,ETHEREAL_SCAPE,231,0.000188900,true,1,10,779
E,ETHEREAL_SCAPE,232,0.000280100,true,2,19,864
E,ETHEREAL_SCAPE,233,0.000209800,true,1,10,758
E,ETHEREAL_SCAPE,234,0.000206900,true,1,9,792
E,ETHEREAL_SCAPE,235,0.000234900,true,1,15,956
E,ETHEREAL_SCAPE,236,0.000266300,true,1,15,937
E,ETHEREAL_SCAPE,237,0.000435100,true,2,33,818
E,ETHEREAL_SCAPE,238,0.000233300,true,1,10,810
E,ETHEREAL_SCAPE,239,0.000225000,true,1,13,831
E,ETHEREAL_SCAPE,240,0.000258600,true,1,14,1076
E,ETHEREAL_SCAPE,241,0.000190300,true,1,9,811
E,ETHEREAL_SCAPE,242,0.000183700,true,1,9,817
E,ETHEREAL_SCAPE,243,0.000413800,true,3,45,984
E,ETHEREAL_SCAPE,244,0.000208400,true,1,12,814
E,ETHEREAL_SCAPE,245,0.000174900,true,1,9,755
E,ETHEREAL_SCAPE,246,0.000177300,true,1,10,754
E,ETHEREAL_SCAPE,247,0.000198500,true,1,9,826
E,ETHEREAL_SCAPE,248,0.000198700,true,1,9,680
E,ETHEREAL_SCAPE,249,0.000176200,true,1,9,776
E,ETHEREAL_SCAPE,250,0.000317500,true,2,38,848
E,ETHEREAL_SCAPE,251,0.000404900,true,2,37,825
E,ETHEREAL_SCAPE,252,0.000201200,true,1,9,747
E,ETHEREAL_SCAPE,253,0.000708000,true,2,72,987
E,ETHEREAL_SCAPE,254,0.000344700,true,1,9,823
E,ETHEREAL_SCAPE,255,0.000366400,true,1,9,825
E,ETHEREAL_SCAPE,256,0.000607200,true,2,24,868
E,ETHEREAL_SCAPE,257,0.000230800,true,1,10,687
E,ETHEREAL_SCAPE,258,0.000258600,true,1,11,952
E,ETHEREAL_SCAPE,259,0.000265700,true,2,18,827
E,ETHEREAL_SCAPE,260,0.000190900,true,1,12,815
E,ETHEREAL_SCAPE,261,0.000290200,true,2,29,830
E,ETHEREAL_SCAPE,262,0.000266700,true,2,18,958
E,ETHEREAL_SCAPE,263,0.000178000,true,1,9,805
E,ETHEREAL_SCAPE,264,0.000290700,true,2,31,959
E,ETHEREAL_SCAPE,265,0.000179900,true,1,9,818
E,ETHEREAL_SCAPE,266,0.000197700,true,1,11,837
E,ETHEREAL_SCAPE,267,0.000176500,true,1,10,777
E,ETHEREAL_SCAPE,268,0.000290400,true,2,21,960
E,ETHEREAL_SCAPE,269,0.000196100,true,1,11,861
E,ETHEREAL_SCAPE,270,0.000258100,true,2,21,805
E,ETHEREAL_SCAPE,271,0.000184100,true,1,12,819
E,ETHEREAL_SCAPE,272,0.000175400,true,1,9,755
E,ETHEREAL_SCAPE,273,0.000203700,true,1,12,827
E,ETHEREAL_SCAPE,274,0.000184200,true,1,10,681
E,ETHEREAL_SCAPE,275,0.000168400,true,1,10,672
E,ETHEREAL_SCAPE,276,0.000173500,true,1,11,767
E,ETHEREAL_SCAPE,277,0.000384900,true,3,48,911
E,ETHEREAL_SCAPE,278,0.000179200,true,1,9,812
E,ETHEREAL_SCAPE,279,0.000198000,true,1,9,911
E,ETHEREAL_SCAPE,280,0.000199700,true,1,12,950
E,ETHEREAL_SCAPE,281,0.000331800,true,2,45,1013
E,ETHEREAL_SCAPE,282,0.000517800,true,4,83,1063
E,ETHEREAL_SCAPE,283,0.000206300,true,1,12,943
E,ETHEREAL_SCAPE,284,0.000166900,true,1,9,689
E,ETHEREAL_SCAPE,285,0.000195000,true,1,12,900
E,ETHEREAL_SCAPE,286,0.000184300,true,1,9,826
E,ETHEREAL_SCAPE,287,0.000184300,true,1,9,825
E,ETHEREAL_SCAPE,288,0.000173400,true,1,10,756
E,ETHEREAL_SCAPE,289,0.000203700,true,1,13,811
E,ETHEREAL_SCAPE,290,0.000179300,true,1,9,776
E,ETHEREAL_SCAPE,291,0.000164500,true,1,9,741
E,ETHEREAL_SCAPE,292,0.000173300,true,1,10,795
E,ETHEREAL_SCAPE,293,0.000268100,true,2,25,823
E,ETHEREAL_SCAPE,294,0.000176800,true,1,10,758
E,ETHEREAL_SCAPE,295,0.000173000,true,1,9,773
E,ETHEREAL_SCAPE,296,0.000179000,true,1,11,726
E,ETHEREAL_SCAPE,297,0.000189200,true,1,11,809
E,ETHEREAL_SCAPE,298,0.000324500,true,2,48,978
E,ETHEREAL_SCAPE,299,0.000182500,true,1,10,814
E,ETHEREAL_SCAPE,300,0.000174700,true,1,9,805
E,ETHEREAL_SCAPE,301,0.000209600,true,1,14,1015
E,ETHEREAL_SCAPE,302,0.000263300,true,2,20,880
E,ETHEREAL_SCAPE,303,0.000182000,true,1,9,768
E,ETHEREAL_SCAPE,304,0.000177900,true,1,10,777
E,ETHEREAL_SCAPE,305,0.000177700,true,1,10,682
E,ETHEREAL_SCAPE,306,0.000161800,true,1,9,734
E,ETHEREAL_SCAPE,307,0.000210300,true,1,14,901
E,ETHEREAL_SCAPE,308,0.000181100,true,1,11,787
E,ETHEREAL_SCAPE,309,0.000306500,true,2,42,952
E,ETHEREAL_SCAPE,310,0.000176900,true,1,9,826
E,ETHEREAL_SCAPE,311,0.000276500,true,2,24,835
E,ETHEREAL_SCAPE,312,0.000179600,true,1,11,779
E,ETHEREAL_SCAPE,313,0.000187500,true,1,10,793
E,ETHEREAL_SCAPE,314,0.000168900,true,1,10,766
E,ETHEREAL_SCAPE,315,0.000251600,true,1,12,929
E,ETHEREAL_SCAPE,316,0.000166600,true,1,9,686
E,ETHEREAL_SCAPE,317,0.000285200,true,2,24,896
E,ETHEREAL_SCAPE,318,0.000190200,true,1,9,760
E,ETHEREAL_SCAPE,319,0.000219800,true,1,10,860
E,ETHEREAL_SCAPE,320,0.000205500,true,1,10,777
E,ETHEREAL_SCAPE,321,0.000230200,true,1,13,1028
E,ETHEREAL_SCAPE,322,0.000230300,true,1,13,798
E,ETHEREAL_SCAPE,323,0.000209700,true,1,9,757
E,ETHEREAL_SCAPE,324,0.000318300,true,1,9,894
E,ETHEREAL_SCAPE,325,0.000239700,true,1,12,866
E,ETHEREAL_SCAPE,326,0.000210600,true,1,9,768
E,ETHEREAL_SCAPE,327,0.000227800,true,1,10,770
E,ETHEREAL_SCAPE,328,0.000309000,true,2,26,834
E,ETHEREAL_SCAPE,329,0.000203900,true,1,10,865
E,ETHEREAL_SCAPE,330,0.000198200,true,1,10,740
E,ETHEREAL_SCAPE,331,0.000199100,true,1,10,685
E,ETHEREAL_SCAPE,332,0.000293900,true,2,25,864
E,ETHEREAL_SCAPE,333,0.000178400,true,1,10,836
E,ETHEREAL_SCAPE,334,0.000215200,true,1,11,828
E,ETHEREAL_SCAPE,335,0.000225800,true,1,12,814
E,ETHEREAL_SCAPE,336,0.000304400,true,2,44,844
E,ETHEREAL_SCAPE,337,0.000525700,true,3,85,1188
E,ETHEREAL_SCAPE,338,0.000203700,true,1,9,764
E,ETHEREAL_SCAPE,339,0.000303600,true,1,9,776
E,ETHEREAL_SCAPE,340,0.000429800,true,1,9,773
E,ETHEREAL_SCAPE,341,0.000360500,true,1,12,911
E,ETHEREAL_SCAPE,342,0.000617300,true,2,35,1016
E,ETHEREAL_SCAPE,343,0.000454700,true,2,29,928
E,ETHEREAL_SCAPE,344,0.000230300,true,1,12,834
E,ETHEREAL_SCAPE,345,0.000227500,true,1,14,1092
E,ETHEREAL_SCAPE,346,0.000200600,true,1,13,902
E,ETHEREAL_SCAPE,347,0.000254000,true,2,38,745
E,ETHEREAL_SCAPE,348,0.000196200,true,1,9,899
E,ETHEREAL_SCAPE,349,0.000181100,true,1,11,763
E,ETHEREAL_SCAPE,350,0.000189700,true,1,11,793
E,ETHEREAL_SCAPE,351,0.000186100,true,1,9,826
E,ETHEREAL_SCAPE,352,0.000169300,true,1,10,721
E,ETHEREAL_SCAPE,353,0.000175400,true,1,9,755
E,ETHEREAL_SCAPE,354,0.000185700,true,1,10,798
E,ETHEREAL_SCAPE,355,0.000178600,true,1,9,789
E,ETHEREAL_SCAPE,356,0.000177000,true,1,9,816
E,ETHEREAL_SCAPE,357,0.000185400,true,1,11,758
E,ETHEREAL_SCAPE,358,0.000263100,true,2,24,799
E,ETHEREAL_SCAPE,359,0.000181500,true,1,9,749
E,ETHEREAL_SCAPE,360,0.000183500,true,1,10,832
E,ETHEREAL_SCAPE,361,0.000163500,true,1,9,717
E,ETHEREAL_SCAPE,362,0.000227500,true,1,14,1074
E,ETHEREAL_SCAPE,363,0.000177000,true,1,9,776
E,ETHEREAL_SCAPE,364,0.000279500,true,2,24,830
E,ETHEREAL_SCAPE,365,0.000376900,true,3,43,878
E,ETHEREAL_SCAPE,366,0.000179900,true,1,9,755
E,ETHEREAL_SCAPE,367,0.000172100,true,1,11,768
E,ETHEREAL_SCAPE,368,0.000186600,true,1,11,823
E,ETHEREAL_SCAPE,369,0.000195800,true,1,9,911
E,ETHEREAL_SCAPE,370,0.000209000,true,1,12,1016
E,ETHEREAL_SCAPE,371,0.000182500,true,1,9,772
E,ETHEREAL_SCAPE,372,0.000192400,true,1,10,770
E,ETHEREAL_SCAPE,373,0.000188400,true,1,10,826
E,ETHEREAL_SCAPE,374,0.000298400,true,2,28,897
E,ETHEREAL_SCAPE,375,0.000317400,true,1,12,883
E,ETHEREAL_SCAPE,376,0.000176800,true,1,9,776
E,ETHEREAL_SCAPE,377,0.000330600,true,2,34,1148
E,ETHEREAL_SCAPE,378,0.000308600,true,2,42,907
E,ETHEREAL_SCAPE,379,0.000180300,true,1,9,812
E,ETHEREAL_SCAPE,380,0.000186900,true,1,11,766
E,ETHEREAL_SCAPE,381,0.000207900,true,1,11,961
E,ETHEREAL_SCAPE,382,0.000162800,true,1,10,657
E,ETHEREAL_SCAPE,383,0.000181600,true,1,10,701
E,ETHEREAL_SCAPE,384,0.000369800,true,3,33,1235
E,ETHEREAL_SCAPE,385,0.000172500,true,1,9,773
E,ETHEREAL_SCAPE,386,0.000175800,true,1,10,830
E,ETHEREAL_SCAPE,387,0.000267700,true,2,21,786
E,ETHEREAL_SCAPE,388,0.000247400,true,2,17,794
E,ETHEREAL_SCAPE,389,0.000195000,true,1,9,933
E,ETHEREAL_SCAPE,390,0.000174300,true,1,11,761
E,ETHEREAL_SCAPE,391,0.000190500,true,1,11,905
E,ETHEREAL_SCAPE,392,0.000176400,true,1,10,692
E,ETHEREAL_SCAPE,393,0.000183700,true,1,9,826
E,ETHEREAL_SCAPE,394,0.000185500,true,1,11,898
E,ETHEREAL_SCAPE,395,0.000194200,true,1,10,898
E,ETHEREAL_SCAPE,396,0.000201100,true,1,13,933
E,ETHEREAL_SCAPE,397,0.000182300,true,1,9,772
E,ETHEREAL_SCAPE,398,0.000167600,true,1,9,727
E,ETHEREAL_SCAPE,399,0.000175500,true,1,10,684
E,ETHEREAL_SCAPE,400,0.000169600,true,1,9,755
E,ETHEREAL_SCAPE,401,0.000171800,true,1,9,755
E,ETHEREAL_SCAPE,402,0.000543300,true,4,100,1042
E,ETHEREAL_SCAPE,403,0.000377700,true,3,42,912
E,ETHEREAL_SCAPE,404,0.000174700,true,1,9,765
E,ETHEREAL_SCAPE,405,0.000184600,true,1,11,838
E,ETHEREAL_SCAPE,406,0.000277200,true,2,26,875
E,ETHEREAL_SCAPE,407,0.000286500,true,1,12,897
E,ETHEREAL_SCAPE,408,0.000223700,true,1,9,791
E,ETHEREAL_SCAPE,409,0.000640300,true,1,9,755
E,ETHEREAL_SCAPE,410,0.000601100,true,2,25,883
E,ETHEREAL_SCAPE,411,0.000247100,true,1,10,756
E,ETHEREAL_SCAPE,412,0.000248900,true,1,10,829
E,ETHEREAL_SCAPE,413,0.000222100,true,1,9,732
E,ETHEREAL_SCAPE,414,0.000223900,true,1,11,770
E,ETHEREAL_SCAPE,415,0.000314600,true,2,25,872
E,ETHEREAL_SCAPE,416,0.000176200,true,1,9,755
E,ETHEREAL_SCAPE,417,0.000186300,true,1,9,782
E,ETHEREAL_SCAPE,418,0.000215600,true,1,10,770
E,ETHEREAL_SCAPE,419,0.000461000,true,3,63,1026
E,ETHEREAL_SCAPE,420,0.000183500,true,1,9,761
E,ETHEREAL_SCAPE,421,0.000195400,true,1,10,816
E,ETHEREAL_SCAPE,422,0.000290000,true,1,13,1172
E,ETHEREAL_SCAPE,423,0.000424300,true,2,47,946
E,ETHEREAL_SCAPE,424,0.000221900,true,1,9,764
E,ETHEREAL_SCAPE,425,0.000236100,true,1,12,823
E,ETHEREAL_SCAPE,426,0.000229700,true,1,10,900
E,ETHEREAL_SCAPE,427,0.000334100,true,1,10,778
E,ETHEREAL_SCAPE,428,0.000459200,true,1,9,724
E,ETHEREAL_SCAPE,429,0.000386900,true,1,11,782
E,ETHEREAL_SCAPE,430,0.000371100,true,1,9,785
E,ETHEREAL_SCAPE,431,0.000360200,true,1,9,775
E,ETHEREAL_SCAPE,432,0.000270400,true,1,10,828
E,ETHEREAL_SCAPE,433,0.000248600,true,1,10,827
E,ETHEREAL_SCAPE,434,0.000275000,true,1,16,1335
E,ETHEREAL_SCAPE,435,0.000168300,true,1,9,689
E,ETHEREAL_SCAPE,436,0.000194500,true,1,10,865
E,ETHEREAL_SCAPE,437,0.000203100,true,1,12,866
E,ETHEREAL_SCAPE,438,0.000177600,true,1,10,679
E,ETHEREAL_SCAPE,439,0.000400700,true,3,30,919
E,ETHEREAL_SCAPE,440,0.000193100,true,1,10,749
E,ETHEREAL_SCAPE,441,0.000188300,true,1,11,783
E,ETHEREAL_SCAPE,442,0.000199000,true,1,11,832
E,ETHEREAL_SCAPE,443,0.000178900,true,1,9,826
E,ETHEREAL_SCAPE,444,0.000188800,true,1,9,776
E,ETHEREAL_SCAPE,445,0.000189600,true,1,10,830
E,ETHEREAL_SCAPE,446,0.000174400,true,1,9,755
E,ETHEREAL_SCAPE,447,0.000176200,true,1,9,805
E,ETHEREAL_SCAPE,448,0.000193600,true,1,10,777
E,ETHEREAL_SCAPE,449,0.000205900,true,1,14,806
E,ETHEREAL_SCAPE,450,0.000207800,true,1,12,1002
E,ETHEREAL_SCAPE,451,0.000313000,true,2,33,910
E,ETHEREAL_SCAPE,452,0.000323700,true,2,47,909
E,ETHEREAL_SCAPE,453,0.000175200,true,1,9,776
E,ETHEREAL_SCAPE,454,0.000225000,true,1,14,1101
E,ETHEREAL_SCAPE,455,0.000322600,true,2,49,982
E,ETHEREAL_SCAPE,456,0.000173500,true,1,10,734
E,ETHEREAL_SCAPE,457,0.000173800,true,1,9,755
E,ETHEREAL_SCAPE,458,0.000324200,true,2,40,1012
E,ETHEREAL_SCAPE,459,0.000174300,true,1,9,776
E,ETHEREAL_SCAPE,460,0.000218900,true,1,12,1100
E,ETHEREAL_SCAPE,461,0.000177000,true,1,9,782
E,ETHEREAL_SCAPE,462,0.000195100,true,1,10,815
E,ETHEREAL_SCAPE,463,0.000195900,true,1,10,797
E,ETHEREAL_SCAPE,464,0.000183100,true,1,10,777
E,ETHEREAL_SCAPE,465,0.000174400,true,1,9,759
E,ETHEREAL_SCAPE,466,0.000457600,true,2,44,739
E,ETHEREAL_SCAPE,467,0.000250400,true,1,14,1118
E,ETHEREAL_SCAPE,468,0.000211200,true,1,10,673
E,ETHEREAL_SCAPE,469,0.000331000,true,2,38,1001
E,ETHEREAL_SCAPE,470,0.000195200,true,1,9,805
E,ETHEREAL_SCAPE,471,0.000189900,true,1,11,770
E,ETHEREAL_SCAPE,472,0.000217300,true,1,14,661
E,ETHEREAL_SCAPE,473,0.000401800,true,3,36,800
E,ETHEREAL_SCAPE,474,0.000177500,true,1,9,727
E,ETHEREAL_SCAPE,475,0.000200200,true,1,11,878
E,ETHEREAL_SCAPE,476,0.000192500,true,1,9,826
E,ETHEREAL_SCAPE,477,0.000184300,true,1,10,757
E,ETHEREAL_SCAPE,478,0.000188400,true,1,9,721
E,ETHEREAL_SCAPE,479,0.000188300,true,1,10,827
E,ETHEREAL_SCAPE,480,0.000313700,true,2,33,1023
E,ETHEREAL_SCAPE,481,0.000178500,true,1,9,762
E,ETHEREAL_SCAPE,482,0.000196900,true,1,10,806
E,ETHEREAL_SCAPE,483,0.000280100,true,2,24,964
E,ETHEREAL_SCAPE,484,0.000185300,true,1,9,805
E,ETHEREAL_SCAPE,485,0.000309600,true,2,21,970
E,ETHEREAL_SCAPE,486,0.000202500,true,1,11,770
E,ETHEREAL_SCAPE,487,0.000201300,true,1,11,783
E,ETHEREAL_SCAPE,488,0.000209300,true,1,9,897
E,ETHEREAL_SCAPE,489,0.000195400,true,1,9,785
E,ETHEREAL_SCAPE,490,0.000189800,true,1,9,755
E,ETHEREAL_SCAPE,491,0.000179300,true,1,9,776
E,ETHEREAL_SCAPE,492,0.000185500,true,1,9,774
E,ETHEREAL_SCAPE,493,0.000191600,true,1,9,751
E,ETHEREAL_SCAPE,494,0.000215500,true,1,11,778
E,ETHEREAL_SCAPE,495,0.000220700,true,1,9,807
E,ETHEREAL_SCAPE,496,0.000472300,true,3,68,985
E,ETHEREAL_SCAPE,497,0.000199800,true,1,10,745
E,ETHEREAL_SCAPE,498,0.000532900,true,3,57,922
E,ETHEREAL_SCAPE,499,0.000362200,true,2,24,1019
E,ETHEREAL_SCAPE,500,0.000210200,true,1,10,767
E,ETHEREAL_SCAPE,501,0.000201000,true,1,12,870
E,ETHEREAL_SCAPE,502,0.000243100,true,1,17,1097
E,ETHEREAL_SCAPE,503,0.000220500,true,1,10,815
E,ETHEREAL_SCAPE,504,0.000439000,true,3,72,915
E,ETHEREAL_SCAPE,505,0.000169700,true,1,9,775
E,ETHEREAL_SCAPE,506,0.000454900,true,3,75,1035
E,ETHEREAL_SCAPE,507,0.000203300,true,1,9,826
E,ETHEREAL_SCAPE,508,0.000187300,true,1,9,792
E,ETHEREAL_SCAPE,509,0.000199300,true,1,12,764
E,ETHEREAL_SCAPE,510,0.000231700,true,1,11,753
E,ETHEREAL_SCAPE,511,0.000201900,true,1,9,805
E,ETHEREAL_SCAPE,512,0.000385400,true,2,21,800
E,ETHEREAL_SCAPE,513,0.000525300,true,1,10,872
E,ETHEREAL_SCAPE,514,0.000547000,true,2,32,970
E,ETHEREAL_SCAPE,515,0.000414400,true,1,9,826
E,ETHEREAL_SCAPE,516,0.000370800,true,1,9,754
E,ETHEREAL_SCAPE,517,0.000455100,true,2,36,828
E,ETHEREAL_SCAPE,518,0.000223100,true,1,9,755
E,ETHEREAL_SCAPE,519,0.000519000,true,3,88,1192
E,ETHEREAL_SCAPE,520,0.000286800,true,2,19,829
E,ETHEREAL_SCAPE,521,0.000603000,true,1,10,849
E,ETHEREAL_SCAPE,522,0.000211000,true,1,10,764
E,ETHEREAL_SCAPE,523,0.000195300,true,1,10,683
E,ETHEREAL_SCAPE,524,0.000340600,true,2,27,871
E,ETHEREAL_SCAPE,525,0.000217100,true,1,11,758
E,ETHEREAL_SCAPE,526,0.000203300,true,1,10,808
E,ETHEREAL_SCAPE,527,0.000206800,true,1,11,760
E,ETHEREAL_SCAPE,528,0.000191600,true,1,10,827
E,ETHEREAL_SCAPE,529,0.000178400,true,1,9,805
E,ETHEREAL_SCAPE,530,0.000183300,true,1,10,777
E,ETHEREAL_SCAPE,531,0.000207700,true,1,9,755
E,ETHEREAL_SCAPE,532,0.000208900,true,1,10,817
E,ETHEREAL_SCAPE,533,0.000173200,true,1,9,741
E,ETHEREAL_SCAPE,534,0.000219500,true,1,13,945
E,ETHEREAL_SCAPE,535,0.000199000,true,1,10,778
E,ETHEREAL_SCAPE,536,0.000325900,true,2,31,924
E,ETHEREAL_SCAPE,537,0.000177300,true,1,9,775
E,ETHEREAL_SCAPE,538,0.000177000,true,1,9,755
E,ETHEREAL_SCAPE,539,0.000191200,true,1,11,757
E,ETHEREAL_SCAPE,540,0.000189600,true,1,10,765
E,ETHEREAL_SCAPE,541,0.000266100,true,2,24,785
E,ETHEREAL_SCAPE,542,0.000172500,true,1,9,735
E,ETHEREAL_SCAPE,543,0.000284800,true,2,29,894
E,ETHEREAL_SCAPE,544,0.000199400,true,1,12,929
E,ETHEREAL_SCAPE,545,0.000168900,true,1,9,717
E,ETHEREAL_SCAPE,546,0.000179400,true,1,9,766
E,ETHEREAL_SCAPE,547,0.000207200,true,1,14,783
E,ETHEREAL_SCAPE,548,0.000520600,true,4,55,956
E,ETHEREAL_SCAPE,549,0.000201800,true,1,12,812
E,ETHEREAL_SCAPE,550,0.000176000,true,1,10,755
E,ETHEREAL_SCAPE,551,0.000181500,true,1,9,755
E,ETHEREAL_SCAPE,552,0.000180700,true,1,9,826
E,ETHEREAL_SCAPE,553,0.000203600,true,1,9,911
E,ETHEREAL_SCAPE,554,0.000174400,true,1,9,818
E,ETHEREAL_SCAPE,555,0.000299000,true,2,31,903
E,ETHEREAL_SCAPE,556,0.000179800,true,1,9,826
E,ETHEREAL_SCAPE,557,0.000207800,true,1,9,749
E,ETHEREAL_SCAPE,558,0.000309800,true,2,25,888
E,ETHEREAL_SCAPE,559,0.000310900,true,2,47,850
E,ETHEREAL_SCAPE,560,0.000209500,true,1,13,907
E,ETHEREAL_SCAPE,561,0.000329600,true,2,46,1069
E,ETHEREAL_SCAPE,562,0.000210900,true,1,14,772
E,ETHEREAL_SCAPE,563,0.000276400,true,2,25,808
E,ETHEREAL_SCAPE,564,0.000525300,true,4,84,1188
E,ETHEREAL_SCAPE,565,0.000308400,true,2,43,840
E,ETHEREAL_SCAPE,566,0.000187400,true,1,10,808
E,ETHEREAL_SCAPE,567,0.000249700,true,1,14,1044
E,ETHEREAL_SCAPE,568,0.000187300,true,1,9,684
E,ETHEREAL_SCAPE,569,0.000185000,true,1,9,773
E,ETHEREAL_SCAPE,570,0.000199600,true,1,10,827
E,ETHEREAL_SCAPE,571,0.000195100,true,1,10,682
E,ETHEREAL_SCAPE,572,0.000489900,true,3,69,1103
E,ETHEREAL_SCAPE,573,0.000213100,true,1,10,769
E,ETHEREAL_SCAPE,574,0.000269400,true,2,24,849
E,ETHEREAL_SCAPE,575,0.000187000,true,1,10,757
E,ETHEREAL_SCAPE,576,0.000176500,true,1,9,760
E,ETHEREAL_SCAPE,577,0.000205600,true,1,14,786
E,ETHEREAL_SCAPE,578,0.000204700,true,1,12,813
E,ETHEREAL_SCAPE,579,0.000192200,true,1,11,760
E,ETHEREAL_SCAPE,580,0.000184200,true,1,9,762
E,ETHEREAL_SCAPE,581,0.000200300,true,1,9,776
E,ETHEREAL_SCAPE,582,0.000468800,true,3,48,968
E,ETHEREAL_SCAPE,583,0.000394500,true,2,57,1077
E,ETHEREAL_SCAPE,584,0.000204300,true,1,9,760
E,ETHEREAL_SCAPE,585,0.000199700,true,1,10,763
E,ETHEREAL_SCAPE,586,0.000228400,true,1,10,827
E,ETHEREAL_SCAPE,587,0.000242400,true,1,11,809
E,ETHEREAL_SCAPE,588,0.000242000,true,1,11,716
E,ETHEREAL_SCAPE,589,0.000259100,true,2,16,754
E,ETHEREAL_SCAPE,590,0.000205500,true,1,11,841
E,ETHEREAL_SCAPE,591,0.000217900,true,1,12,866
E,ETHEREAL_SCAPE,592,0.000266000,true,2,19,854
E,ETHEREAL_SCAPE,593,0.000198200,true,1,10,752
E,ETHEREAL_SCAPE,594,0.000199000,true,1,9,911
E,ETHEREAL_SCAPE,595,0.000491300,true,3,64,865
E,ETHEREAL_SCAPE,596,0.000195900,true,1,11,781
E,ETHEREAL_SCAPE,597,0.000215400,true,1,13,903
E,ETHEREAL_SCAPE,598,0.000258400,true,1,9,948
E,ETHEREAL_SCAPE,599,0.000188900,true,1,9,659
E,ETHEREAL_SCAPE,600,0.000256600,true,1,13,834
E,ETHEREAL_SCAPE,601,0.000447900,true,1,10,777
E,ETHEREAL_SCAPE,602,0.000538700,true,2,39,800
E,ETHEREAL_SCAPE,603,0.000757500,true,2,50,1161
E,ETHEREAL_SCAPE,604,0.000584200,true,3,39,903
E,ETHEREAL_SCAPE,605,0.000212900,true,1,10,820
E,ETHEREAL_SCAPE,606,0.000210400,true,1,12,1020
E,ETHEREAL_SCAPE,607,0.000173600,true,1,10,757
E,ETHEREAL_SCAPE,608,0.000231100,true,1,15,1005
E,ETHEREAL_SCAPE,609,0.000178600,true,1,9,776
E,ETHEREAL_SCAPE,610,0.000203500,true,1,13,949
E,ETHEREAL_SCAPE,611,0.000183100,true,1,9,718
E,ETHEREAL_SCAPE,612,0.000182800,true,1,10,759
E,ETHEREAL_SCAPE,613,0.000269500,true,2,38,947
E,ETHEREAL_SCAPE,614,0.000605900,true,5,90,1130
E,ETHEREAL_SCAPE,615,0.000221900,true,1,12,1068
E,ETHEREAL_SCAPE,616,0.000185300,true,1,10,756
E,ETHEREAL_SCAPE,617,0.000176400,true,1,9,782
E,ETHEREAL_SCAPE,618,0.000175000,true,1,9,809
E,ETHEREAL_SCAPE,619,0.000207200,true,1,12,1002
E,ETHEREAL_SCAPE,620,0.000387400,true,3,41,971
E,ETHEREAL_SCAPE,621,0.000223800,true,1,14,1067
E,ETHEREAL_SCAPE,622,0.000188600,true,1,9,776
E,ETHEREAL_SCAPE,623,0.000202500,true,1,12,832
E,ETHEREAL_SCAPE,624,0.000302900,true,2,40,891
E,ETHEREAL_SCAPE,625,0.000179200,true,1,9,760
E,ETHEREAL_SCAPE,626,0.000174800,true,1,9,707
E,ETHEREAL_SCAPE,627,0.000174500,true,1,9,805
E,ETHEREAL_SCAPE,628,0.000189300,true,1,9,776
E,ETHEREAL_SCAPE,629,0.000183500,true,1,9,826
E,ETHEREAL_SCAPE,630,0.000177200,true,1,9,747
E,ETHEREAL_SCAPE,631,0.000187500,true,1,10,821
E,ETHEREAL_SCAPE,632,0.000179000,true,1,9,776
E,ETHEREAL_SCAPE,633,0.000163800,true,1,9,734
E,ETHEREAL_SCAPE,634,0.000187200,true,1,11,838
E,ETHEREAL_SCAPE,635,0.000176500,true,1,10,806
E,ETHEREAL_SCAPE,636,0.000212400,true,1,13,954
E,ETHEREAL_SCAPE,637,0.000178800,true,1,10,776
E,ETHEREAL_SCAPE,638,0.000211000,true,1,14,977
E,ETHEREAL_SCAPE,639,0.000176000,true,1,10,776
E,ETHEREAL_SCAPE,640,0.000198900,true,1,12,1004
E,ETHEREAL_SCAPE,641,0.000212000,true,1,13,743
E,ETHEREAL_SCAPE,642,0.000543500,true,4,78,1253
E,ETHEREAL_SCAPE,643,0.000204200,true,1,9,911
E,ETHEREAL_SCAPE,644,0.000177900,true,1,9,826
E,ETHEREAL_SCAPE,645,0.000175700,true,1,9,766
E,ETHEREAL_SCAPE,646,0.000200000,true,1,10,912
E,ETHEREAL_SCAPE,647,0.000352700,true,2,27,940
E,ETHEREAL_SCAPE,648,0.000202800,true,1,12,943
E,ETHEREAL_SCAPE,649,0.000181400,true,1,10,733
E,ETHEREAL_SCAPE,650,0.000173000,true,1,9,765
E,ETHEREAL_SCAPE,651,0.000347900,true,2,53,1114
E,ETHEREAL_SCAPE,652,0.000165800,true,1,9,672
E,ETHEREAL_SCAPE,653,0.000185500,true,1,10,820
E,ETHEREAL_SCAPE,654,0.000197200,true,1,11,829
E,ETHEREAL_SCAPE,655,0.000179900,true,1,9,760
E,ETHEREAL_SCAPE,656,0.000295600,true,2,38,820
E,ETHEREAL_SCAPE,657,0.000179300,true,1,9,826
E,ETHEREAL_SCAPE,658,0.000186000,true,1,11,770
E,ETHEREAL_SCAPE,659,0.000174600,true,1,9,773
E,ETHEREAL_SCAPE,660,0.000185800,true,1,11,855
E,ETHEREAL_SCAPE,661,0.000184200,true,1,11,782
E,ETHEREAL_SCAPE,662,0.000181900,true,1,10,748
E,ETHEREAL_SCAPE,663,0.000172600,true,1,9,772
E,ETHEREAL_SCAPE,664,0.000287300,true,2,29,955
E,ETHEREAL_SCAPE,665,0.000181500,true,1,10,768
E,ETHEREAL_SCAPE,666,0.000297000,true,2,26,995
E,ETHEREAL_SCAPE,667,0.000605200,true,4,81,1226
E,ETHEREAL_SCAPE,668,0.000195400,true,1,9,739
E,ETHEREAL_SCAPE,669,0.000211900,true,1,10,756
E,ETHEREAL_SCAPE,670,0.000340900,true,2,40,886
E,ETHEREAL_SCAPE,671,0.000285900,true,1,12,768
E,ETHEREAL_SCAPE,672,0.000198000,true,1,9,755
E,ETHEREAL_SCAPE,673,0.000351200,true,2,39,875
E,ETHEREAL_SCAPE,674,0.000218800,true,1,9,826
E,ETHEREAL_SCAPE,675,0.000173900,true,1,9,755
E,ETHEREAL_SCAPE,676,0.000281500,true,2,28,881
E,ETHEREAL_SCAPE,677,0.000207900,true,1,10,827
E,ETHEREAL_SCAPE,678,0.000191800,true,1,10,779
E,ETHEREAL_SCAPE,679,0.000386100,true,3,35,1022
E,ETHEREAL_SCAPE,680,0.000265200,true,2,23,850
E,ETHEREAL_SCAPE,681,0.000323400,true,2,28,812
E,ETHEREAL_SCAPE,682,0.000182600,true,1,9,776
E,ETHEREAL_SCAPE,683,0.000197900,true,1,12,900
E,ETHEREAL_SCAPE,684,0.000390100,true,2,49,1118
E,ETHEREAL_SCAPE,685,0.000225000,true,1,12,983
E,ETHEREAL_SCAPE,686,0.000622700,true,2,49,904
E,ETHEREAL_SCAPE,687,0.000398200,true,1,10,830
E,ETHEREAL_SCAPE,688,0.000418500,true,1,9,911
E,ETHEREAL_SCAPE,689,0.000559800,true,2,25,878
E,ETHEREAL_SCAPE,690,0.000232100,true,1,9,755
E,ETHEREAL_SCAPE,691,0.000219500,true,1,9,747
E,ETHEREAL_SCAPE,692,0.000235400,true,1,10,797
E,ETHEREAL_SCAPE,693,0.000192100,true,1,9,895
E,ETHEREAL_SCAPE,694,0.000306800,true,2,47,863
E,ETHEREAL_SCAPE,695,0.000302600,true,2,24,1053
E,ETHEREAL_SCAPE,696,0.000205500,true,1,12,934
E,ETHEREAL_SCAPE,697,0.000302100,true,2,33,937
E,ETHEREAL_SCAPE,698,0.000184600,true,1,10,828
E,ETHEREAL_SCAPE,699,0.000190900,true,1,11,780
E,ETHEREAL_SCAPE,700,0.000201200,true,1,14,870
E,ETHEREAL_SCAPE,701,0.000181000,true,1,10,829
E,ETHEREAL_SCAPE,702,0.000176200,true,1,9,751
E,ETHEREAL_SCAPE,703,0.000170200,true,1,9,680
E,ETHEREAL_SCAPE,704,0.000201200,true,1,10,841
E,ETHEREAL_SCAPE,705,0.000175700,true,1,9,826
E,ETHEREAL_SCAPE,706,0.000179300,true,1,10,770
E,ETHEREAL_SCAPE,707,0.000206700,true,1,13,910
E,ETHEREAL_SCAPE,708,0.000178500,true,1,10,758
E,ETHEREAL_SCAPE,709,0.000264900,true,2,28,791
E,ETHEREAL_SCAPE,710,0.000177500,true,1,9,776
E,ETHEREAL_SCAPE,711,0.000616300,true,5,106,1158
E,ETHEREAL_SCAPE,712,0.000187900,true,1,10,872
E,ETHEREAL_SCAPE,713,0.000173500,true,1,9,805
E,ETHEREAL_SCAPE,714,0.000224700,true,1,15,994
E,ETHEREAL_SCAPE,715,0.000282000,true,2,24,848
E,ETHEREAL_SCAPE,716,0.000179400,true,1,9,755
E,ETHEREAL_SCAPE,717,0.000342500,true,1,10,726
E,ETHEREAL_SCAPE,718,0.000392900,true,2,22,1030
E,ETHEREAL_SCAPE,719,0.000195700,true,1,9,755
E,ETHEREAL_SCAPE,720,0.000194600,true,1,10,860
E,ETHEREAL_SCAPE,721,0.000177000,true,1,9,805
E,ETHEREAL_SCAPE,722,0.000187700,true,1,10,806
E,ETHEREAL_SCAPE,723,0.000612700,true,1,9,807
E,ETHEREAL_SCAPE,724,0.000350500,true,1,16,1024
E,ETHEREAL_SCAPE,725,0.000222800,true,1,9,826
E,ETHEREAL_SCAPE,726,0.000426700,true,2,45,974
E,ETHEREAL_SCAPE,727,0.000309800,true,2,23,899
E,ETHEREAL_SCAPE,728,0.000272000,true,2,16,831
E,ETHEREAL_SCAPE,729,0.000197300,true,1,9,774
E,ETHEREAL_SCAPE,730,0.000191200,true,1,11,827
E,ETHEREAL_SCAPE,731,0.000178200,true,1,9,772
E,ETHEREAL_SCAPE,732,0.000181800,true,1,11,768
E,ETHEREAL_SCAPE,733,0.000179700,true,1,9,776
E,ETHEREAL_SCAPE,734,0.000190900,true,1,9,895
E,ETHEREAL_SCAPE,735,0.000183100,true,1,9,751
E,ETHEREAL_SCAPE,736,0.000187300,true,1,9,755
E,ETHEREAL_SCAPE,737,0.000390400,true,1,11,759
E,ETHEREAL_SCAPE,738,0.000254200,true,1,10,735
E,ETHEREAL_SCAPE,739,0.000227400,true,1,10,829
E,ETHEREAL_SCAPE,740,0.000193800,true,1,9,818
E,ETHEREAL_SCAPE,741,0.000291900,true,2,42,846
E,ETHEREAL_SCAPE,742,0.000264100,true,2,23,800
E,ETHEREAL_SCAPE,743,0.000232300,true,1,12,932
E,ETHEREAL_SCAPE,744,0.000187400,true,1,9,818
E,ETHEREAL_SCAPE,745,0.000187500,true,1,10,773
E,ETHEREAL_SCAPE,746,0.000194400,true,1,15,810
E,ETHEREAL_SCAPE,747,0.000165500,true,1,9,734
E,ETHEREAL_SCAPE,748,0.000175700,true,1,9,740
E,ETHEREAL_SCAPE,749,0.000178100,true,1,9,792
E,ETHEREAL_SCAPE,750,0.000166200,true,1,10,695
E,ETHEREAL_SCAPE,751,0.000186200,true,1,10,778
E,ETHEREAL_SCAPE,752,0.000309900,true,2,44,860
E,ETHEREAL_SCAPE,753,0.000183300,true,1,10,793
E,ETHEREAL_SCAPE,754,0.000195900,true,1,9,825
E,ETHEREAL_SCAPE,755,0.000304200,true,2,21,848
E,ETHEREAL_SCAPE,756,0.000234500,true,1,12,929
E,ETHEREAL_SCAPE,757,0.000196800,true,1,9,812
E,ETHEREAL_SCAPE,758,0.000219900,true,1,11,960
E,ETHEREAL_SCAPE,759,0.000201700,true,1,9,751
E,ETHEREAL_SCAPE,760,0.000203700,true,1,11,807
E,ETHEREAL_SCAPE,761,0.000225500,true,1,9,812
E,ETHEREAL_SCAPE,762,0.000239600,true,1,12,1019
E,ETHEREAL_SCAPE,763,0.000223500,true,1,11,845
E,ETHEREAL_SCAPE,764,0.000177600,true,1,9,766
E,ETHEREAL_SCAPE,765,0.000192200,true,1,11,782
E,ETHEREAL_SCAPE,766,0.000201800,true,1,9,814
E,ETHEREAL_SCAPE,767,0.000180600,true,1,9,747
E,ETHEREAL_SCAPE,768,0.000274900,true,1,11,770
E,ETHEREAL_SCAPE,769,0.000203100,true,1,10,779
E,ETHEREAL_SCAPE,770,0.000231000,true,1,11,923
E,ETHEREAL_SCAPE,771,0.000323700,true,2,27,868
E,ETHEREAL_SCAPE,772,0.000174400,true,1,9,751
E,ETHEREAL_SCAPE,773,0.000615600,true,4,85,1348
E,ETHEREAL_SCAPE,774,0.000230600,true,1,9,766
E,ETHEREAL_SCAPE,775,0.000288200,true,1,10,819
E,ETHEREAL_SCAPE,776,0.000882800,true,4,54,979
E,ETHEREAL_SCAPE,777,0.000361500,true,1,9,789
E,ETHEREAL_SCAPE,778,0.000371300,true,1,12,760
E,ETHEREAL_SCAPE,779,0.000520700,true,3,63,1156
E,ETHEREAL_SCAPE,780,0.000187800,true,1,10,798
E,ETHEREAL_SCAPE,781,0.000178300,true,1,9,812
E,ETHEREAL_SCAPE,782,0.000198300,true,1,9,849
E,ETHEREAL_SCAPE,783,0.000184000,true,1,14,747
E,ETHEREAL_SCAPE,784,0.000173400,true,1,9,755
E,ETHEREAL_SCAPE,785,0.000262800,true,2,28,780
E,ETHEREAL_SCAPE,786,0.000299700,true,2,30,896
E,ETHEREAL_SCAPE,787,0.000174100,true,1,9,775
E,ETHEREAL_SCAPE,788,0.000216900,true,1,10,798
E,ETHEREAL_SCAPE,789,0.000231700,true,1,13,898
E,ETHEREAL_SCAPE,790,0.000213500,true,1,10,860
E,ETHEREAL_SCAPE,791,0.000220400,true,1,13,747
E,ETHEREAL_SCAPE,792,0.000190400,true,1,11,773
E,ETHEREAL_SCAPE,793,0.000312700,true,2,47,771
E,ETHEREAL_SCAPE,794,0.000185600,true,1,9,788
E,ETHEREAL_SCAPE,795,0.000240600,true,1,15,1188
E,ETHEREAL_SCAPE,796,0.000203900,true,1,14,885
E,ETHEREAL_SCAPE,797,0.000181000,true,1,9,776
E,ETHEREAL_SCAPE,798,0.000214200,true,1,13,941
E,ETHEREAL_SCAPE,799,0.000181300,true,1,9,826
E,ETHEREAL_SCAPE,800,0.000198800,true,1,12,942
E,ETHEREAL_SCAPE,801,0.000183300,true,1,10,776
E,ETHEREAL_SCAPE,802,0.000190800,true,1,10,772
E,ETHEREAL_SCAPE,803,0.000172100,true,1,9,775
E,ETHEREAL_SCAPE,804,0.000268900,true,2,22,814
E,ETHEREAL_SCAPE,805,0.000185900,true,1,9,818
E,ETHEREAL_SCAPE,806,0.000318900,true,2,30,947
E,ETHEREAL_SCAPE,807,0.000261100,true,2,23,795
E,ETHEREAL_SCAPE,808,0.000174200,true,1,10,765
E,ETHEREAL_SCAPE,809,0.000388500,true,3,43,923
E,ETHEREAL_SCAPE,810,0.000186400,true,1,9,807
E,ETHEREAL_SCAPE,811,0.000186700,true,1,9,793
E,ETHEREAL_SCAPE,812,0.000435800,true,3,59,1061
E,ETHEREAL_SCAPE,813,0.000198500,true,1,12,792
E,ETHEREAL_SCAPE,814,0.000184000,true,1,10,767
E,ETHEREAL_SCAPE,815,0.000191600,true,1,10,795
E,ETHEREAL_SCAPE,816,0.000238800,true,2,15,763
E,ETHEREAL_SCAPE,817,0.000217100,true,1,9,826
E,ETHEREAL_SCAPE,818,0.000214000,true,1,12,921
E,ETHEREAL_SCAPE,819,0.000182600,true,1,10,797
E,ETHEREAL_SCAPE,820,0.000206000,true,1,12,932
E,ETHEREAL_SCAPE,821,0.000193700,true,1,11,828
E,ETHEREAL_SCAPE,822,0.000188200,true,1,9,826
E,ETHEREAL_SCAPE,823,0.000182100,true,1,11,768
E,ETHEREAL_SCAPE,824,0.000180600,true,1,10,809
E,ETHEREAL_SCAPE,825,0.000255100,true,2,22,850
E,ETHEREAL_SCAPE,826,0.000178900,true,1,10,758
E,ETHEREAL_SCAPE,827,0.000184000,true,1,9,830
E,ETHEREAL_SCAPE,828,0.000170500,true,1,11,692
E,ETHEREAL_SCAPE,829,0.000218600,true,1,15,933
E,ETHEREAL_SCAPE,830,0.000183700,true,1,9,764
E,ETHEREAL_SCAPE,831,0.000199300,true,1,13,976
E,ETHEREAL_SCAPE,832,0.000167700,true,1,9,730
E,ETHEREAL_SCAPE,833,0.000213000,true,1,17,954
E,ETHEREAL_SCAPE,834,0.000178100,true,1,9,812
E,ETHEREAL_SCAPE,835,0.000293800,true,2,31,907
E,ETHEREAL_SCAPE,836,0.000202500,true,1,11,829
E,ETHEREAL_SCAPE,837,0.000207900,true,1,13,882
E,ETHEREAL_SCAPE,838,0.000176000,true,1,9,715
E,ETHEREAL_SCAPE,839,0.000206900,true,1,14,977
E,ETHEREAL_SCAPE,840,0.000173800,true,1,11,779
E,ETHEREAL_SCAPE,841,0.000517000,true,4,80,1080
E,ETHEREAL_SCAPE,842,0.000173500,true,1,9,772
E,ETHEREAL_SCAPE,843,0.000169700,true,1,9,747
E,ETHEREAL_SCAPE,844,0.000194700,true,1,10,806
E,ETHEREAL_SCAPE,845,0.000211400,true,1,10,828
E,ETHEREAL_SCAPE,846,0.000188800,true,1,9,762
E,ETHEREAL_SCAPE,847,0.000194700,true,1,9,776
E,ETHEREAL_SCAPE,848,0.000298000,true,2,39,800
E,ETHEREAL_SCAPE,849,0.000197900,true,1,9,740
E,ETHEREAL_SCAPE,850,0.000467400,true,2,46,983
E,ETHEREAL_SCAPE,851,0.000500600,true,1,10,647
E,ETHEREAL_SCAPE,852,0.000293300,true,1,10,773
E,ETHEREAL_SCAPE,853,0.000291300,true,2,16,843
E,ETHEREAL_SCAPE,854,0.000204400,true,1,11,802
E,ETHEREAL_SCAPE,855,0.000301400,true,2,18,1005
E,ETHEREAL_SCAPE,856,0.000203000,true,1,11,814
E,ETHEREAL_SCAPE,857,0.000411700,true,2,53,1263
E,ETHEREAL_SCAPE,858,0.000213500,true,1,9,818
E,ETHEREAL_SCAPE,859,0.000278500,true,1,16,1122
E,ETHEREAL_SCAPE,860,0.000284800,true,2,19,792
E,ETHEREAL_SCAPE,861,0.000173800,true,1,10,757
E,ETHEREAL_SCAPE,862,0.000248900,true,1,15,955
E,ETHEREAL_SCAPE,863,0.000207600,true,1,10,808
E,ETHEREAL_SCAPE,864,0.000204900,true,1,9,773
E,ETHEREAL_SCAPE,865,0.000550100,true,2,28,909
E,ETHEREAL_SCAPE,866,0.001358600,true,5,85,1304
E,ETHEREAL_SCAPE,867,0.000398300,true,1,10,827
E,ETHEREAL_SCAPE,868,0.000488200,true,2,43,861
E,ETHEREAL_SCAPE,869,0.000193500,true,1,9,734
E,ETHEREAL_SCAPE,870,0.000207200,true,1,12,776
E,ETHEREAL_SCAPE,871,0.000202400,true,1,9,826
E,ETHEREAL_SCAPE,872,0.000187400,true,1,9,796
E,ETHEREAL_SCAPE,873,0.000178700,true,1,9,760
E,ETHEREAL_SCAPE,874,0.000297700,true,1,12,810
E,ETHEREAL_SCAPE,875,0.000208500,true,1,10,793
E,ETHEREAL_SCAPE,876,0.000195600,true,1,10,776
E,ETHEREAL_SCAPE,877,0.000220000,true,1,9,747
E,ETHEREAL_SCAPE,878,0.000184800,true,1,10,776
E,ETHEREAL_SCAPE,879,0.000257700,true,2,17,842
E,ETHEREAL_SCAPE,880,0.000264100,true,1,14,1225
E,ETHEREAL_SCAPE,881,0.000360700,true,2,55,1021
E,ETHEREAL_SCAPE,882,0.000187500,true,1,10,813
E,ETHEREAL_SCAPE,883,0.000180300,true,1,9,692
E,ETHEREAL_SCAPE,884,0.000175900,true,1,9,826
E,ETHEREAL_SCAPE,885,0.000177800,true,1,9,755
E,ETHEREAL_SCAPE,886,0.000192000,true,1,11,826
E,ETHEREAL_SCAPE,887,0.000206500,true,1,9,776
E,ETHEREAL_SCAPE,888,0.000197500,true,1,9,782
E,ETHEREAL_SCAPE,889,0.000203900,true,1,12,833
E,ETHEREAL_SCAPE,890,0.000190600,true,1,10,820
E,ETHEREAL_SCAPE,891,0.000310100,true,2,42,856
E,ETHEREAL_SCAPE,892,0.000189300,true,1,10,764
E,ETHEREAL_SCAPE,893,0.000184700,true,1,9,778
E,ETHEREAL_SCAPE,894,0.000181400,true,1,9,812
E,ETHEREAL_SCAPE,895,0.000204800,true,1,12,989
E,ETHEREAL_SCAPE,896,0.000189600,true,1,10,812
E,ETHEREAL_SCAPE,897,0.000200200,true,1,10,916
E,ETHEREAL_SCAPE,898,0.000192600,true,1,9,826
E,ETHEREAL_SCAPE,899,0.000170600,true,1,9,718
E,ETHEREAL_SCAPE,900,0.000192900,true,1,11,761
E,ETHEREAL_SCAPE,901,0.000209900,true,1,11,977
E,ETHEREAL_SCAPE,902,0.000182200,true,1,9,776
E,ETHEREAL_SCAPE,903,0.000176200,true,1,9,742
E,ETHEREAL_SCAPE,904,0.000207900,true,1,10,827
E,ETHEREAL_SCAPE,905,0.000179300,true,1,10,762
E,ETHEREAL_SCAPE,906,0.000201900,true,1,12,1004
E,ETHEREAL_SCAPE,907,0.000299800,true,2,40,801
E,ETHEREAL_SCAPE,908,0.000407500,true,3,42,1064
E,ETHEREAL_SCAPE,909,0.000178100,true,1,9,762
E,ETHEREAL_SCAPE,910,0.000336200,true,2,48,1100
E,ETHEREAL_SCAPE,911,0.000189700,true,1,10,820
E,ETHEREAL_SCAPE,912,0.000209100,true,1,13,942
E,ETHEREAL_SCAPE,913,0.000197700,true,1,12,873
E,ETHEREAL_SCAPE,914,0.000179100,true,1,9,792
E,ETHEREAL_SCAPE,915,0.000224900,true,1,14,765
E,ETHEREAL_SCAPE,916,0.000241700,true,2,15,825
E,ETHEREAL_SCAPE,917,0.000183700,true,1,9,796
E,ETHEREAL_SCAPE,918,0.000179100,true,1,9,826
E,ETHEREAL_SCAPE,919,0.000193300,true,1,10,778
E,ETHEREAL_SCAPE,920,0.000198600,true,1,12,782
E,ETHEREAL_SCAPE,921,0.000196700,true,1,9,796
E,ETHEREAL_SCAPE,922,0.000203500,true,1,14,989
E,ETHEREAL_SCAPE,923,0.000274900,true,1,10,764
E,ETHEREAL_SCAPE,924,0.000192300,true,1,10,797
E,ETHEREAL_SCAPE,925,0.000219100,true,1,13,971
E,ETHEREAL_SCAPE,926,0.000196200,true,1,10,801
E,ETHEREAL_SCAPE,927,0.000179400,true,1,10,785
E,ETHEREAL_SCAPE,928,0.000294600,true,2,27,879
E,ETHEREAL_SCAPE,929,0.000811500,true,1,10,797
E,ETHEREAL_SCAPE,930,0.000441400,true,1,9,799
E,ETHEREAL_SCAPE,931,0.000707600,true,2,23,987
E,ETHEREAL_SCAPE,932,0.000225500,true,1,9,782
E,ETHEREAL_SCAPE,933,0.000218000,true,1,9,755
E,ETHEREAL_SCAPE,934,0.000210300,true,1,10,822
E,ETHEREAL_SCAPE,935,0.000231500,true,1,13,930
E,ETHEREAL_SCAPE,936,0.000281400,true,2,15,834
E,ETHEREAL_SCAPE,937,0.000203700,true,1,10,828
E,ETHEREAL_SCAPE,938,0.000325500,true,1,12,900
E,ETHEREAL_SCAPE,939,0.000346100,true,2,25,858
E,ETHEREAL_SCAPE,940,0.000207900,true,1,9,762
E,ETHEREAL_SCAPE,941,0.000224700,true,1,9,805
E,ETHEREAL_SCAPE,942,0.000328600,true,2,31,906
E,ETHEREAL_SCAPE,943,0.000296900,true,1,14,933
E,ETHEREAL_SCAPE,944,0.000283000,true,2,18,840
E,ETHEREAL_SCAPE,945,0.000251700,true,1,10,778
E,ETHEREAL_SCAPE,946,0.000213900,true,1,10,829
E,ETHEREAL_SCAPE,947,0.000410300,true,3,37,889
E,ETHEREAL_SCAPE,948,0.000206600,true,1,9,755
E,ETHEREAL_SCAPE,949,0.000174500,true,1,9,755
E,ETHEREAL_SCAPE,950,0.000192800,true,1,10,814
E,ETHEREAL_SCAPE,951,0.000207200,true,1,10,827
E,ETHEREAL_SCAPE,952,0.000207400,true,1,9,776
E,ETHEREAL_SCAPE,953,0.000453100,true,2,42,1157
E,ETHEREAL_SCAPE,954,0.000569900,true,2,28,844
E,ETHEREAL_SCAPE,955,0.000510000,true,2,23,824
E,ETHEREAL_SCAPE,956,0.000334700,true,1,9,776
E,ETHEREAL_SCAPE,957,0.000481700,true,2,32,928
E,ETHEREAL_SCAPE,958,0.000247800,true,1,11,903
E,ETHEREAL_SCAPE,959,0.000175300,true,1,9,775
E,ETHEREAL_SCAPE,960,0.000191400,true,1,14,894
E,ETHEREAL_SCAPE,961,0.000227600,true,1,10,779
E,ETHEREAL_SCAPE,962,0.000202800,true,1,9,796
E,ETHEREAL_SCAPE,963,0.000278000,true,2,22,807
E,ETHEREAL_SCAPE,964,0.000187500,true,1,10,777
E,ETHEREAL_SCAPE,965,0.000196100,true,1,10,824
E,ETHEREAL_SCAPE,966,0.000221300,true,1,13,1067
E,ETHEREAL_SCAPE,967,0.000188500,true,1,9,758
E,ETHEREAL_SCAPE,968,0.000199700,true,1,10,808
E,ETHEREAL_SCAPE,969,0.000339900,true,2,29,1262
E,ETHEREAL_SCAPE,970,0.000300500,true,2,40,796
E,ETHEREAL_SCAPE,971,0.000209900,true,1,9,826
E,ETHEREAL_SCAPE,972,0.000277600,true,1,12,882
E,ETHEREAL_SCAPE,973,0.000217600,true,1,11,876
E,ETHEREAL_SCAPE,974,0.000209000,true,1,10,763
E,ETHEREAL_SCAPE,975,0.000194600,true,1,10,829
E,ETHEREAL_SCAPE,976,0.000189900,true,1,9,812
E,ETHEREAL_SCAPE,977,0.000170200,true,1,9,751
E,ETHEREAL_SCAPE,978,0.000177500,true,1,9,755
E,ETHEREAL_SCAPE,979,0.000299200,true,1,18,1394
E,ETHEREAL_SCAPE,980,0.000208000,true,1,10,777
E,ETHEREAL_SCAPE,981,0.000203000,true,1,13,855
E,ETHEREAL_SCAPE,982,0.000189300,true,1,9,826
E,ETHEREAL_SCAPE,983,0.000180400,true,1,11,740
E,ETHEREAL_SCAPE,984,0.000179100,true,1,9,776
E,ETHEREAL_SCAPE,985,0.000296700,true,2,27,897
E,ETHEREAL_SCAPE,986,0.000188400,true,1,9,812
E,ETHEREAL_SCAPE,987,0.000171900,true,1,9,793
E,ETHEREAL_SCAPE,988,0.000201100,true,1,11,840
E,ETHEREAL_SCAPE,989,0.000185200,true,1,11,808
E,ETHEREAL_SCAPE,990,0.000175900,true,1,9,751
E,ETHEREAL_SCAPE,991,0.000179100,true,1,9,763
E,ETHEREAL_SCAPE,992,0.000193700,true,1,10,829
E,ETHEREAL_SCAPE,993,0.000182200,true,1,9,789
E,ETHEREAL_SCAPE,994,0.000186800,true,1,9,769
E,ETHEREAL_SCAPE,995,0.000192900,true,1,9,831
E,ETHEREAL_SCAPE,996,0.000169000,true,1,10,735
E,ETHEREAL_SCAPE,997,0.000176100,true,1,9,764
E,ETHEREAL_SCAPE,998,0.000202500,true,1,14,831
E,ETHEREAL_SCAPE,999,0.000178500,true,1,9,826
E,ETHEREAL_SCAPE,1000,0.000190000,true,1,9,906
F,VERDANT_VALLEY,1,0.000102900,true,1,12,61
F,VERDANT_VALLEY,2,0.000087300,true,1,12,65
F,VERDANT_VALLEY,3,0.000086200,true,1,13,67
F,VERDANT_VALLEY,4,0.000108700,true,1,19,156
F,VERDANT_VALLEY,5,0.000185000,true,2,30,213
F,VERDANT_VALLEY,6,0.000109100,true,1,17,103
F,VERDANT_VALLEY,7,0.000110800,true,1,19,146
F,VERDANT_VALLEY,8,0.000101700,true,1,17,112
F,VERDANT_VALLEY,9,0.000198000,true,2,35,274
F,VERDANT_VALLEY,10,0.000098500,true,1,17,112
F,VERDANT_VALLEY,11,0.000118600,true,1,19,190
F,VERDANT_VALLEY,12,0.000084600,true,1,11,56
F,VERDANT_VALLEY,13,0.000107000,true,1,17,141
F,VERDANT_VALLEY,14,0.000077200,true,1,10,49
F,VERDANT_VALLEY,15,0.000214700,true,2,41,305
F,VERDANT_VALLEY,16,0.000091000,true,1,12,64
F,VERDANT_VALLEY,17,0.000102100,true,1,16,91
F,VERDANT_VALLEY,18,0.000086600,true,1,13,83
F,VERDANT_VALLEY,19,0.000094700,true,1,16,105
F,VERDANT_VALLEY,20,0.000191100,true,2,27,149
F,VERDANT_VALLEY,21,0.000126700,true,1,23,154
F,VERDANT_VALLEY,22,0.000088000,true,1,10,49
F,VERDANT_VALLEY,23,0.000102200,true,1,15,78
F,VERDANT_VALLEY,24,0.000116900,true,1,18,117
F,VERDANT_VALLEY,25,0.000123200,true,1,21,162
F,VERDANT_VALLEY,26,0.000117700,true,1,17,141
F,VERDANT_VALLEY,27,0.000093200,true,1,11,48
F,VERDANT_VALLEY,28,0.000122900,true,1,21,172
F,VERDANT_VALLEY,29,0.000109200,true,1,17,122
F,VERDANT_VALLEY,30,0.000095000,true,1,16,97
F,VERDANT_VALLEY,31,0.000092900,true,1,13,85
F,VERDANT_VALLEY,32,0.000344700,true,3,66,464
F,VERDANT_VALLEY,33,0.000081800,true,1,10,52
F,VERDANT_VALLEY,34,0.000154200,true,2,24,110
F,VERDANT_VALLEY,35,0.000082200,true,1,13,63
F,VERDANT_VALLEY,36,0.000095200,true,1,16,115
F,VERDANT_VALLEY,37,0.000096500,true,1,15,87
F,VERDANT_VALLEY,38,0.000097300,true,1,17,128
F,VERDANT_VALLEY,39,0.000085500,true,1,12,65
F,VERDANT_VALLEY,40,0.000078200,true,1,12,55
F,VERDANT_VALLEY,41,0.000109800,true,1,16,111
F,VERDANT_VALLEY,42,0.000100700,true,1,17,128
F,VERDANT_VALLEY,43,0.000116400,true,1,19,178
F,VERDANT_VALLEY,44,0.000081800,true,1,12,53
F,VERDANT_VALLEY,45,0.000137000,true,1,13,70
F,VERDANT_VALLEY,46,0.000239400,true,1,22,207
F,VERDANT_VALLEY,47,0.000169500,true,1,12,59
F,VERDANT_VALLEY,48,0.000103600,true,1,10,55
F,VERDANT_VALLEY,49,0.000131700,true,1,20,171
F,VERDANT_VALLEY,50,0.000201500,true,2,35,269
F,VERDANT_VALLEY,51,0.000090000,true,1,16,79
F,VERDANT_VALLEY,52,0.000083300,true,1,12,60
F,VERDANT_VALLEY,53,0.000118100,true,1,22,158
F,VERDANT_VALLEY,54,0.000081400,true,1,11,58
F,VERDANT_VALLEY,55,0.000094200,true,1,17,101
F,VERDANT_VALLEY,56,0.000097000,true,1,12,57
F,VERDANT_VALLEY,57,0.000095300,true,1,11,52
F,VERDANT_VALLEY,58,0.000204700,true,1,20,155
F,VERDANT_VALLEY,59,0.000091300,true,1,14,75
F,VERDANT_VALLEY,60,0.000126500,true,1,18,141
F,VERDANT_VALLEY,61,0.000116100,true,1,15,84
F,VERDANT_VALLEY,62,0.000365700,true,3,58,423
F,VERDANT_VALLEY,63,0.000102100,true,1,13,85
F,VERDANT_VALLEY,64,0.000100500,true,1,14,83
F,VERDANT_VALLEY,65,0.000106800,true,1,16,71
F,VERDANT_VALLEY,66,0.000249100,true,2,37,320
F,VERDANT_VALLEY,67,0.000118300,true,1,16,108
F,VERDANT_VALLEY,68,0.000122700,true,1,16,103
F,VERDANT_VALLEY,69,0.000100000,true,1,14,68
F,VERDANT_VALLEY,70,0.000245800,true,2,35,228
F,VERDANT_VALLEY,71,0.000126500,true,1,16,115
F,VERDANT_VALLEY,72,0.000105200,true,1,10,48
F,VERDANT_VALLEY,73,0.000128800,true,1,24,161
F,VERDANT_VALLEY,74,0.000081200,true,1,12,56
F,VERDANT_VALLEY,75,0.000103800,true,1,14,105
F,VERDANT_VALLEY,76,0.000120800,true,1,22,169
F,VERDANT_VALLEY,77,0.000087500,true,1,13,66
F,VERDANT_VALLEY,78,0.000089900,true,1,12,64
F,VERDANT_VALLEY,79,0.000108600,true,1,19,127
F,VERDANT_VALLEY,80,0.000091900,true,1,13,71
F,VERDANT_VALLEY,81,0.000090400,true,1,13,70
F,VERDANT_VALLEY,82,0.000171400,true,2,30,122
F,VERDANT_VALLEY,83,0.000085800,true,1,14,79
F,VERDANT_VALLEY,84,0.000095000,true,1,13,70
F,VERDANT_VALLEY,85,0.000200800,true,2,35,224
F,VERDANT_VALLEY,86,0.000090600,true,1,14,105
F,VERDANT_VALLEY,87,0.000102400,true,1,18,131
F,VERDANT_VALLEY,88,0.000114300,true,1,21,143
F,VERDANT_VALLEY,89,0.000087800,true,1,10,55
F,VERDANT_VALLEY,90,0.000110600,true,1,14,105
F,VERDANT_VALLEY,91,0.000109900,true,1,16,76
F,VERDANT_VALLEY,92,0.000126300,true,1,24,211
F,VERDANT_VALLEY,93,0.000093000,true,1,15,120
F,VERDANT_VALLEY,94,0.000134700,true,1,16,124
F,VERDANT_VALLEY,95,0.000243500,true,2,36,266
F,VERDANT_VALLEY,96,0.000106200,true,1,15,75
F,VERDANT_VALLEY,97,0.000241500,true,2,36,237
F,VERDANT_VALLEY,98,0.000087900,true,1,11,62
F,VERDANT_VALLEY,99,0.000191100,true,2,29,150
F,VERDANT_VALLEY,100,0.000108500,true,1,16,84
F,VERDANT_VALLEY,101,0.000167600,true,1,15,72
F,VERDANT_VALLEY,102,0.000147600,true,1,13,64
F,VERDANT_VALLEY,103,0.000474100,true,2,39,271
F,VERDANT_VALLEY,104,0.000190900,true,1,16,116
F,VERDANT_VALLEY,105,0.000409300,true,2,50,366
F,VERDANT_VALLEY,106,0.000205700,true,1,18,108
F,VERDANT_VALLEY,107,0.000147900,true,1,12,61
F,VERDANT_VALLEY,108,0.000156800,true,1,15,69
F,VERDANT_VALLEY,109,0.000331200,true,2,40,234
F,VERDANT_VALLEY,110,0.000117700,true,1,15,96
F,VERDANT_VALLEY,111,0.000096600,true,1,12,53
F,VERDANT_VALLEY,112,0.000104800,true,1,14,97
F,VERDANT_VALLEY,113,0.000218400,true,2,40,252
F,VERDANT_VALLEY,114,0.000079400,true,1,12,52
F,VERDANT_VALLEY,115,0.000091800,true,1,15,97
F,VERDANT_VALLEY,116,0.000110000,true,1,19,178
F,VERDANT_VALLEY,117,0.000106200,true,1,16,115
F,VERDANT_VALLEY,118,0.000099200,true,1,15,120
F,VERDANT_VALLEY,119,0.000086300,true,1,14,71
F,VERDANT_VALLEY,120,0.000080200,true,1,12,61
F,VERDANT_VALLEY,121,0.000080700,true,1,12,64
F,VERDANT_VALLEY,122,0.000153300,true,2,22,99
F,VERDANT_VALLEY,123,0.000100500,true,1,18,103
F,VERDANT_VALLEY,124,0.000117200,true,1,21,196
F,VERDANT_VALLEY,125,0.000208300,true,2,38,250
F,VERDANT_VALLEY,126,0.000105300,true,1,21,102
F,VERDANT_VALLEY,127,0.000092500,true,1,14,85
F,VERDANT_VALLEY,128,0.000266300,true,3,40,227
F,VERDANT_VALLEY,129,0.000080700,true,1,11,53
F,VERDANT_VALLEY,130,0.000079800,true,1,11,58
F,VERDANT_VALLEY,131,0.000115900,true,1,20,172
F,VERDANT_VALLEY,132,0.000075800,true,1,10,48
F,VERDANT_VALLEY,133,0.000086900,true,1,15,76
F,VERDANT_VALLEY,134,0.000086600,true,1,13,61
F,VERDANT_VALLEY,135,0.000252100,true,2,33,213
F,VERDANT_VALLEY,136,0.000097200,true,1,14,86
F,VERDANT_VALLEY,137,0.000105500,true,1,14,82
F,VERDANT_VALLEY,138,0.000087100,true,1,12,64
F,VERDANT_VALLEY,139,0.000108000,true,1,17,153
F,VERDANT_VALLEY,140,0.000115800,true,1,19,190
F,VERDANT_VALLEY,141,0.000181700,true,2,31,153
F,VERDANT_VALLEY,142,0.000090600,true,1,14,90
F,VERDANT_VALLEY,143,0.000092400,true,1,16,81
F,VERDANT_VALLEY,144,0.000095200,true,1,15,98
F,VERDANT_VALLEY,145,0.000181300,true,2,27,148
F,VERDANT_VALLEY,146,0.000119200,true,1,12,51
F,VERDANT_VALLEY,147,0.000085400,true,1,13,62
F,VERDANT_VALLEY,148,0.000081400,true,1,11,57
F,VERDANT_VALLEY,149,0.000086000,true,1,12,58
F,VERDANT_VALLEY,150,0.000101100,true,1,16,109
F,VERDANT_VALLEY,151,0.000083800,true,1,12,66
F,VERDANT_VALLEY,152,0.000090500,true,1,11,56
F,VERDANT_VALLEY,153,0.000101700,true,1,16,101
F,VERDANT_VALLEY,154,0.000090100,true,1,13,67
F,VERDANT_VALLEY,155,0.000096300,true,1,16,107
F,VERDANT_VALLEY,156,0.000098100,true,1,18,99
F,VERDANT_VALLEY,157,0.000091700,true,1,14,95
F,VERDANT_VALLEY,158,0.000222000,true,2,35,212
F,VERDANT_VALLEY,159,0.000087300,true,1,13,65
F,VERDANT_VALLEY,160,0.000088100,true,1,14,73
F,VERDANT_VALLEY,161,0.000081500,true,1,11,62
F,VERDANT_VALLEY,162,0.000090800,true,1,15,104
F,VERDANT_VALLEY,163,0.000228100,true,2,40,308
F,VERDANT_VALLEY,164,0.000147300,true,1,21,125
F,VERDANT_VALLEY,165,0.000084500,true,1,11,61
F,VERDANT_VALLEY,166,0.000101500,true,1,15,90
F,VERDANT_VALLEY,167,0.000094400,true,1,15,81
F,VERDANT_VALLEY,168,0.000085500,true,1,11,57
F,VERDANT_VALLEY,169,0.000133900,true,1,26,215
F,VERDANT_VALLEY,170,0.000213500,true,2,33,205
F,VERDANT_VALLEY,171,0.000199900,true,2,38,264
F,VERDANT_VALLEY,172,0.000090600,true,1,15,91
F,VERDANT_VALLEY,173,0.000091400,true,1,15,90
F,VERDANT_VALLEY,174,0.000100700,true,1,15,97
F,VERDANT_VALLEY,175,0.000087600,true,1,12,78
F,VERDANT_VALLEY,176,0.000079400,true,1,10,52
F,VERDANT_VALLEY,177,0.000119700,true,1,18,97
F,VERDANT_VALLEY,178,0.000085100,true,1,12,78
F,VERDANT_VALLEY,179,0.000101000,true,1,17,100
F,VERDANT_VALLEY,180,0.000211300,true,2,37,239
F,VERDANT_VALLEY,181,0.000104100,true,1,16,112
F,VERDANT_VALLEY,182,0.000115100,true,1,19,154
F,VERDANT_VALLEY,183,0.000204600,true,2,29,206
F,VERDANT_VALLEY,184,0.000090600,true,1,15,91
F,VERDANT_VALLEY,185,0.000085400,true,1,11,58
F,VERDANT_VALLEY,186,0.000190800,true,2,35,243
F,VERDANT_VALLEY,187,0.000095700,true,1,18,102
F,VERDANT_VALLEY,188,0.000092300,true,1,14,71
F,VERDANT_VALLEY,189,0.000079700,true,1,12,66
F,VERDANT_VALLEY,190,0.000114100,true,1,22,156
F,VERDANT_VALLEY,191,0.000093600,true,1,14,88
F,VERDANT_VALLEY,192,0.000101400,true,1,18,103
F,VERDANT_VALLEY,193,0.000163200,true,2,25,156
F,VERDANT_VALLEY,194,0.000077600,true,1,11,58
F,VERDANT_VALLEY,195,0.000109600,true,1,17,139
F,VERDANT_VALLEY,196,0.000086500,true,1,14,69
F,VERDANT_VALLEY,197,0.000102000,true,1,15,108
F,VERDANT_VALLEY,198,0.000115900,true,1,12,67
F,VERDANT_VALLEY,199,0.000225800,true,2,52,253
F,VERDANT_VALLEY,200,0.000113900,true,1,18,171
F,VERDANT_VALLEY,201,0.000091500,true,1,15,95
F,VERDANT_VALLEY,202,0.000125100,true,1,23,205
F,VERDANT_VALLEY,203,0.000101900,true,1,15,120
F,VERDANT_VALLEY,204,0.000126600,true,1,20,95
F,VERDANT_VALLEY,205,0.000094700,true,1,16,96
F,VERDANT_VALLEY,206,0.000111800,true,1,15,101
F,VERDANT_VALLEY,207,0.000101500,true,1,20,105
F,VERDANT_VALLEY,208,0.000202300,true,2,37,217
F,VERDANT_VALLEY,209,0.000082000,true,1,12,54
F,VERDANT_VALLEY,210,0.000082700,true,1,13,69
F,VERDANT_VALLEY,211,0.000104100,true,1,20,134
F,VERDANT_VALLEY,212,0.000093400,true,1,15,89
F,VERDANT_VALLEY,213,0.000095200,true,1,14,74
F,VERDANT_VALLEY,214,0.000091900,true,1,15,96
F,VERDANT_VALLEY,215,0.000091200,true,1,17,100
F,VERDANT_VALLEY,216,0.000100300,true,1,19,125
F,VERDANT_VALLEY,217,0.000090600,true,1,15,68
F,VERDANT_VALLEY,218,0.000084600,true,1,14,74
F,VERDANT_VALLEY,219,0.000085100,true,1,14,69
F,VERDANT_VALLEY,220,0.000101700,true,1,17,129
F,VERDANT_VALLEY,221,0.000082000,true,1,12,64
F,VERDANT_VALLEY,222,0.000105900,true,1,13,60
F,VERDANT_VALLEY,223,0.000213600,true,2,42,254
F,VERDANT_VALLEY,224,0.000176600,true,2,29,207
F,VERDANT_VALLEY,225,0.000104300,true,1,18,154
F,VERDANT_VALLEY,226,0.000208300,true,2,40,305
F,VERDANT_VALLEY,227,0.000100900,true,1,18,132
F,VERDANT_VALLEY,228,0.000215900,true,2,43,314
F,VERDANT_VALLEY,229,0.000113500,true,1,21,172
F,VERDANT_VALLEY,230,0.000105700,true,1,15,112
F,VERDANT_VALLEY,231,0.000098800,true,1,14,84
F,VERDANT_VALLEY,232,0.000089900,true,1,14,76
F,VERDANT_VALLEY,233,0.000084200,true,1,14,61
F,VERDANT_VALLEY,234,0.000093800,true,1,18,99
F,VERDANT_VALLEY,235,0.000081800,true,1,12,65
F,VERDANT_VALLEY,236,0.000193000,true,2,37,230
F,VERDANT_VALLEY,237,0.000081200,true,1,11,59
F,VERDANT_VALLEY,238,0.000119900,true,1,19,178
F,VERDANT_VALLEY,239,0.000094700,true,1,16,93
F,VERDANT_VALLEY,240,0.000088200,true,1,15,78
F,VERDANT_VALLEY,241,0.000080900,true,1,13,66
F,VERDANT_VALLEY,242,0.000158400,true,1,18,110
F,VERDANT_VALLEY,243,0.000166700,true,1,21,196
F,VERDANT_VALLEY,244,0.000109900,true,1,15,99
F,VERDANT_VALLEY,245,0.000093000,true,1,16,77
F,VERDANT_VALLEY,246,0.000103000,true,1,17,125
F,VERDANT_VALLEY,247,0.000150200,true,2,21,96
F,VERDANT_VALLEY,248,0.000087300,true,1,13,65
F,VERDANT_VALLEY,249,0.000097800,true,1,17,90
F,VERDANT_VALLEY,250,0.000202200,true,2,36,249
F,VERDANT_VALLEY,251,0.000117200,true,1,19,157
F,VERDANT_VALLEY,252,0.000120200,true,1,18,121
F,VERDANT_VALLEY,253,0.000162300,true,1,10,51
F,VERDANT_VALLEY,254,0.000085100,true,1,12,68
F,VERDANT_VALLEY,255,0.000084500,true,1,11,56
F,VERDANT_VALLEY,256,0.000141400,true,1,21,212
F,VERDANT_VALLEY,257,0.000131600,true,1,20,143
F,VERDANT_VALLEY,258,0.000105500,true,1,14,85
F,VERDANT_VALLEY,259,0.000119900,true,1,19,159
F,VERDANT_VALLEY,260,0.000123500,true,1,20,125
F,VERDANT_VALLEY,261,0.000083300,true,1,10,49
F,VERDANT_VALLEY,262,0.000123300,true,1,14,79
F,VERDANT_VALLEY,263,0.000138500,true,1,18,121
F,VERDANT_VALLEY,264,0.000100400,true,1,14,80
F,VERDANT_VALLEY,265,0.000096000,true,1,12,67
F,VERDANT_VALLEY,266,0.000112600,true,1,13,60
F,VERDANT_VALLEY,267,0.000122100,true,1,21,152
F,VERDANT_VALLEY,268,0.000243500,true,2,40,268
F,VERDANT_VALLEY,269,0.000147600,true,1,23,220
F,VERDANT_VALLEY,270,0.000111100,true,1,13,71
F,VERDANT_VALLEY,271,0.000083000,true,1,12,63
F,VERDANT_VALLEY,272,0.000099900,true,1,17,101
F,VERDANT_VALLEY,273,0.000220500,true,2,43,263
F,VERDANT_VALLEY,274,0.000103600,true,1,17,122
F,VERDANT_VALLEY,275,0.000103800,true,1,15,82
F,VERDANT_VALLEY,276,0.000144000,true,1,22,183
F,VERDANT_VALLEY,277,0.000104300,true,1,13,91
F,VERDANT_VALLEY,278,0.000103800,true,1,15,98
F,VERDANT_VALLEY,279,0.000095600,true,1,14,105
F,VERDANT_VALLEY,280,0.000111400,true,1,19,140
F,VERDANT_VALLEY,281,0.000122600,true,1,14,94
F,VERDANT_VALLEY,282,0.000083400,true,1,12,61
F,VERDANT_VALLEY,283,0.000099700,true,1,19,121
F,VERDANT_VALLEY,284,0.000083000,true,1,13,69
F,VERDANT_VALLEY,285,0.000074500,true,1,9,45
F,VERDANT_VALLEY,286,0.000076000,true,1,11,47
F,VERDANT_VALLEY,287,0.000110300,true,1,18,105
F,VERDANT_VALLEY,288,0.000122000,true,1,19,154
F,VERDANT_VALLEY,289,0.000104700,true,1,14,76
F,VERDANT_VALLEY,290,0.000100700,true,1,14,68
F,VERDANT_VALLEY,291,0.000090500,true,1,14,84
F,VERDANT_VALLEY,292,0.000127500,true,1,26,207
F,VERDANT_VALLEY,293,0.000082400,true,1,13,52
F,VERDANT_VALLEY,294,0.000093700,true,1,13,91
F,VERDANT_VALLEY,295,0.000094400,true,1,14,64
F,VERDANT_VALLEY,296,0.000112500,true,1,15,108
F,VERDANT_VALLEY,297,0.000125700,true,1,16,125
F,VERDANT_VALLEY,298,0.000125100,true,1,21,155
F,VERDANT_VALLEY,299,0.000216000,true,2,32,225
F,VERDANT_VALLEY,300,0.000116200,true,1,18,111
F,VERDANT_VALLEY,301,0.000131800,true,1,10,46
F,VERDANT_VALLEY,302,0.000144100,true,1,12,64
F,VERDANT_VALLEY,303,0.000181500,true,1,11,51
F,VERDANT_VALLEY,304,0.000230800,true,1,14,82
F,VERDANT_VALLEY,305,0.000198500,true,1,13,69
F,VERDANT_VALLEY,306,0.000147600,true,1,10,48
F,VERDANT_VALLEY,307,0.000239700,true,1,24,199
F,VERDANT_VALLEY,308,0.000182000,true,1,12,78
F,VERDANT_VALLEY,309,0.000174000,true,1,10,55
F,VERDANT_VALLEY,310,0.000369300,true,2,36,239
F,VERDANT_VALLEY,311,0.000156500,true,1,12,61
F,VERDANT_VALLEY,312,0.000130600,true,1,17,139
F,VERDANT_VALLEY,313,0.000099600,true,1,12,63
F,VERDANT_VALLEY,314,0.000234300,true,2,34,190
F,VERDANT_VALLEY,315,0.000185000,true,2,29,149
F,VERDANT_VALLEY,316,0.000082900,true,1,13,64
F,VERDANT_VALLEY,317,0.000107400,true,1,20,137
F,VERDANT_VALLEY,318,0.000083400,true,1,13,65
F,VERDANT_VALLEY,319,0.000091400,true,1,14,105
F,VERDANT_VALLEY,320,0.000288000,true,2,37,281
F,VERDANT_VALLEY,321,0.000103800,true,1,19,122
F,VERDANT_VALLEY,322,0.000084100,true,1,12,62
F,VERDANT_VALLEY,323,0.000077700,true,1,11,54
F,VERDANT_VALLEY,324,0.000077000,true,1,12,51
F,VERDANT_VALLEY,325,0.000097900,true,1,15,90
F,VERDANT_VALLEY,326,0.000098300,true,1,17,113
F,VERDANT_VALLEY,327,0.000101000,true,1,19,112
F,VERDANT_VALLEY,328,0.000439600,true,4,87,605
F,VERDANT_VALLEY,329,0.000080000,true,1,11,59
F,VERDANT_VALLEY,330,0.000114800,true,1,20,168
F,VERDANT_VALLEY,331,0.000102300,true,1,19,114
F,VERDANT_VALLEY,332,0.000111100,true,1,21,160
F,VERDANT_VALLEY,333,0.000100300,true,1,17,125
F,VERDANT_VALLEY,334,0.000116900,true,1,21,159
F,VERDANT_VALLEY,335,0.000091200,true,1,16,72
F,VERDANT_VALLEY,336,0.000222300,true,2,43,247
F,VERDANT_VALLEY,337,0.000314100,true,3,55,414
F,VERDANT_VALLEY,338,0.000126900,true,1,17,99
F,VERDANT_VALLEY,339,0.000222800,true,2,39,237
F,VERDANT_VALLEY,340,0.000084000,true,1,11,52
F,VERDANT_VALLEY,341,0.000083200,true,1,12,65
F,VERDANT_VALLEY,342,0.000246700,true,2,45,277
F,VERDANT_VALLEY,343,0.000091600,true,1,14,85
F,VERDANT_VALLEY,344,0.000118000,true,1,19,149
F,VERDANT_VALLEY,345,0.000104800,true,1,16,115
F,VERDANT_VALLEY,346,0.000082300,true,1,11,59
F,VERDANT_VALLEY,347,0.000083500,true,1,11,60
F,VERDANT_VALLEY,348,0.000106800,true,1,22,107
F,VERDANT_VALLEY,349,0.000077600,true,1,10,52
F,VERDANT_VALLEY,350,0.000081000,true,1,10,55
F,VERDANT_VALLEY,351,0.000219800,true,2,41,300
F,VERDANT_VALLEY,352,0.000096700,true,1,15,120
F,VERDANT_VALLEY,353,0.000092100,true,1,15,91
F,VERDANT_VALLEY,354,0.000080900,true,1,12,55
F,VERDANT_VALLEY,355,0.000095200,true,1,14,88
F,VERDANT_VALLEY,356,0.000104400,true,1,19,143
F,VERDANT_VALLEY,357,0.000101700,true,1,17,140
F,VERDANT_VALLEY,358,0.000096600,true,1,14,87
F,VERDANT_VALLEY,359,0.000089400,true,1,16,64
F,VERDANT_VALLEY,360,0.000099200,true,1,18,126
F,VERDANT_VALLEY,361,0.000094800,true,1,16,111
F,VERDANT_VALLEY,362,0.000101700,true,1,17,108
F,VERDANT_VALLEY,363,0.000082100,true,1,12,61
F,VERDANT_VALLEY,364,0.000219500,true,2,40,246
F,VERDANT_VALLEY,365,0.000086600,true,1,14,62
F,VERDANT_VALLEY,366,0.000096500,true,1,16,82
F,VERDANT_VALLEY,367,0.000117800,true,1,20,162
F,VERDANT_VALLEY,368,0.000231400,true,2,42,203
F,VERDANT_VALLEY,369,0.000327000,true,3,56,383
F,VERDANT_VALLEY,370,0.000216200,true,2,37,248
F,VERDANT_VALLEY,371,0.000105100,true,1,15,70
F,VERDANT_VALLEY,372,0.000083600,true,1,10,48
F,VERDANT_VALLEY,373,0.000096000,true,1,13,71
F,VERDANT_VALLEY,374,0.000112100,true,1,20,132
F,VERDANT_VALLEY,375,0.000105300,true,1,16,105
F,VERDANT_VALLEY,376,0.000217900,true,2,37,232
F,VERDANT_VALLEY,377,0.000097400,true,1,15,84
F,VERDANT_VALLEY,378,0.000087800,true,1,12,64
F,VERDANT_VALLEY,379,0.000082700,true,1,11,58
F,VERDANT_VALLEY,380,0.000109800,true,1,20,132
F,VERDANT_VALLEY,381,0.000110100,true,1,19,139
F,VERDANT_VALLEY,382,0.000078600,true,1,10,55
F,VERDANT_VALLEY,383,0.000086400,true,1,13,62
F,VERDANT_VALLEY,384,0.000090200,true,1,13,80
F,VERDANT_VALLEY,385,0.000108100,true,1,22,127
F,VERDANT_VALLEY,386,0.000093000,true,1,15,80
F,VERDANT_VALLEY,387,0.000079900,true,1,10,55
F,VERDANT_VALLEY,388,0.000089700,true,1,14,68
F,VERDANT_VALLEY,389,0.000230900,true,2,44,326
F,VERDANT_VALLEY,390,0.000095400,true,1,15,110
F,VERDANT_VALLEY,391,0.000092100,true,1,15,78
F,VERDANT_VALLEY,392,0.000090800,true,1,15,94
F,VERDANT_VALLEY,393,0.000099400,true,1,15,120
F,VERDANT_VALLEY,394,0.000170800,true,2,27,133
F,VERDANT_VALLEY,395,0.000095400,true,1,17,119
F,VERDANT_VALLEY,396,0.000081200,true,1,12,63
F,VERDANT_VALLEY,397,0.000079200,true,1,12,58
F,VERDANT_VALLEY,398,0.000114400,true,1,23,137
F,VERDANT_VALLEY,399,0.000086400,true,1,13,81
F,VERDANT_VALLEY,400,0.000110400,true,1,20,160
F,VERDANT_VALLEY,401,0.000200100,true,2,35,273
F,VERDANT_VALLEY,402,0.000193600,true,2,34,237
F,VERDANT_VALLEY,403,0.000115000,true,1,19,114
F,VERDANT_VALLEY,404,0.000081400,true,1,12,63
F,VERDANT_VALLEY,405,0.000193900,true,2,36,177
F,VERDANT_VALLEY,406,0.000106500,true,1,20,128
F,VERDANT_VALLEY,407,0.000102100,true,1,18,108
F,VERDANT_VALLEY,408,0.000091900,true,1,13,91
F,VERDANT_VALLEY,409,0.000219300,true,2,43,316
F,VERDANT_VALLEY,410,0.000090200,true,1,14,96
F,VERDANT_VALLEY,411,0.000479000,true,4,97,712
F,VERDANT_VALLEY,412,0.000093100,true,1,15,66
F,VERDANT_VALLEY,413,0.000105000,true,1,21,130
F,VERDANT_VALLEY,414,0.000094800,true,1,13,85
F,VERDANT_VALLEY,415,0.000099700,true,1,17,115
F,VERDANT_VALLEY,416,0.000300700,true,3,51,365
F,VERDANT_VALLEY,417,0.000109800,true,1,17,153
F,VERDANT_VALLEY,418,0.000081900,true,1,12,59
F,VERDANT_VALLEY,419,0.000096400,true,1,16,106
F,VERDANT_VALLEY,420,0.000158700,true,2,25,113
F,VERDANT_VALLEY,421,0.000184200,true,2,33,190
F,VERDANT_VALLEY,422,0.000085000,true,1,13,66
F,VERDANT_VALLEY,423,0.000097100,true,1,17,109
F,VERDANT_VALLEY,424,0.000092600,true,1,15,99
F,VERDANT_VALLEY,425,0.000087300,true,1,15,76
F,VERDANT_VALLEY,426,0.000100200,true,1,18,117
F,VERDANT_VALLEY,427,0.000138200,true,1,19,153
F,VERDANT_VALLEY,428,0.000114000,true,1,16,115
F,VERDANT_VALLEY,429,0.000106600,true,1,17,103
F,VERDANT_VALLEY,430,0.000116400,true,1,21,175
F,VERDANT_VALLEY,431,0.000099500,true,1,15,112
F,VERDANT_VALLEY,432,0.000088200,true,1,14,66
F,VERDANT_VALLEY,433,0.000117800,true,1,21,151
F,VERDANT_VALLEY,434,0.000113100,true,1,21,147
F,VERDANT_VALLEY,435,0.000083000,true,1,12,58
F,VERDANT_VALLEY,436,0.000157300,true,2,24,117
F,VERDANT_VALLEY,437,0.000087300,true,1,14,88
F,VERDANT_VALLEY,438,0.000104300,true,1,12,49
F,VERDANT_VALLEY,439,0.000096000,true,1,16,87
F,VERDANT_VALLEY,440,0.000095000,true,1,14,79
F,VERDANT_VALLEY,441,0.000091800,true,1,15,87
F,VERDANT_VALLEY,442,0.000194600,true,2,34,235
F,VERDANT_VALLEY,443,0.000192600,true,2,32,233
F,VERDANT_VALLEY,444,0.000100600,true,1,17,110
F,VERDANT_VALLEY,445,0.000102600,true,1,17,117
F,VERDANT_VALLEY,446,0.000101000,true,1,13,71
F,VERDANT_VALLEY,447,0.000144800,true,1,25,206
F,VERDANT_VALLEY,448,0.000093300,true,1,14,78
F,VERDANT_VALLEY,449,0.000082400,true,1,12,66
F,VERDANT_VALLEY,450,0.000099400,true,1,13,67
F,VERDANT_VALLEY,451,0.000132200,true,1,18,136
F,VERDANT_VALLEY,452,0.000101600,true,1,13,80
F,VERDANT_VALLEY,453,0.000133500,true,1,22,132
F,VERDANT_VALLEY,454,0.000088700,true,1,11,61
F,VERDANT_VALLEY,455,0.000092300,true,1,10,55
F,VERDANT_VALLEY,456,0.000101900,true,1,15,76
F,VERDANT_VALLEY,457,0.000089700,true,1,12,67
F,VERDANT_VALLEY,458,0.000091200,true,1,13,67
F,VERDANT_VALLEY,459,0.000100100,true,1,15,76
F,VERDANT_VALLEY,460,0.000092900,true,1,13,68
F,VERDANT_VALLEY,461,0.000089900,true,1,13,55
F,VERDANT_VALLEY,462,0.000111100,true,1,19,106
F,VERDANT_VALLEY,463,0.000101900,true,1,17,88
F,VERDANT_VALLEY,464,0.000107400,true,1,14,97
F,VERDANT_VALLEY,465,0.000256400,true,2,40,296
F,VERDANT_VALLEY,466,0.000130100,true,1,16,114
F,VERDANT_VALLEY,467,0.000111700,true,1,18,158
F,VERDANT_VALLEY,468,0.000103200,true,1,17,107
F,VERDANT_VALLEY,469,0.000120000,true,1,23,215
F,VERDANT_VALLEY,470,0.000088700,true,1,15,67
F,VERDANT_VALLEY,471,0.000221200,true,2,37,311
F,VERDANT_VALLEY,472,0.000120200,true,1,17,126
F,VERDANT_VALLEY,473,0.000084700,true,1,11,50
F,VERDANT_VALLEY,474,0.000095800,true,1,14,87
F,VERDANT_VALLEY,475,0.000093600,true,1,16,93
F,VERDANT_VALLEY,476,0.000085800,true,1,13,61
F,VERDANT_VALLEY,477,0.000120700,true,1,20,153
F,VERDANT_VALLEY,478,0.000098500,true,1,16,113
F,VERDANT_VALLEY,479,0.000096900,true,1,15,84
F,VERDANT_VALLEY,480,0.000099300,true,1,14,105
F,VERDANT_VALLEY,481,0.000081000,true,1,11,51
F,VERDANT_VALLEY,482,0.000111200,true,1,16,99
F,VERDANT_VALLEY,483,0.000239100,true,2,41,275
F,VERDANT_VALLEY,484,0.000108100,true,1,15,91
F,VERDANT_VALLEY,485,0.000099900,true,1,16,101
F,VERDANT_VALLEY,486,0.000076300,true,1,10,55
F,VERDANT_VALLEY,487,0.000100700,true,1,16,84
F,VERDANT_VALLEY,488,0.000095300,true,1,15,97
F,VERDANT_VALLEY,489,0.000088000,true,1,11,61
F,VERDANT_VALLEY,490,0.000103000,true,1,13,83
F,VERDANT_VALLEY,491,0.000246100,true,2,36,270
F,VERDANT_VALLEY,492,0.000097500,true,1,13,84
F,VERDANT_VALLEY,493,0.000114900,true,1,18,122
F,VERDANT_VALLEY,494,0.000120200,true,1,17,128
F,VERDANT_VALLEY,495,0.000335300,true,2,38,293
F,VERDANT_VALLEY,496,0.000200300,true,1,14,74
F,VERDANT_VALLEY,497,0.000215500,true,1,16,105
F,VERDANT_VALLEY,498,0.000194200,true,1,16,111
F,VERDANT_VALLEY,499,0.000156200,true,1,13,91
F,VERDANT_VALLEY,500,0.000194900,true,1,21,116
F,VERDANT_VALLEY,501,0.000169200,true,1,14,82
F,VERDANT_VALLEY,502,0.000168100,true,1,11,62
F,VERDANT_VALLEY,503,0.000162800,true,1,12,65
F,VERDANT_VALLEY,504,0.000233700,true,1,20,196
F,VERDANT_VALLEY,505,0.000172500,true,1,23,166
F,VERDANT_VALLEY,506,0.000121800,true,1,16,107
F,VERDANT_VALLEY,507,0.000154400,true,1,27,211
F,VERDANT_VALLEY,508,0.000110900,true,1,18,104
F,VERDANT_VALLEY,509,0.000087800,true,1,13,82
F,VERDANT_VALLEY,510,0.000087200,true,1,14,73
F,VERDANT_VALLEY,511,0.000107000,true,1,19,114
F,VERDANT_VALLEY,512,0.000088000,true,1,15,73
F,VERDANT_VALLEY,513,0.000111700,true,1,20,169
F,VERDANT_VALLEY,514,0.000076100,true,1,10,46
F,VERDANT_VALLEY,515,0.000108000,true,1,19,103
F,VERDANT_VALLEY,516,0.000125800,true,1,14,82
F,VERDANT_VALLEY,517,0.000135000,true,1,25,227
F,VERDANT_VALLEY,518,0.000082000,true,1,11,56
F,VERDANT_VALLEY,519,0.000079400,true,1,11,62
F,VERDANT_VALLEY,520,0.000123000,true,1,21,167
F,VERDANT_VALLEY,521,0.000079900,true,1,11,56
F,VERDANT_VALLEY,522,0.000103900,true,1,19,135
F,VERDANT_VALLEY,523,0.000081800,true,1,12,62
F,VERDANT_VALLEY,524,0.000077400,true,1,12,64
F,VERDANT_VALLEY,525,0.000085200,true,1,15,66
F,VERDANT_VALLEY,526,0.000269200,true,3,46,281
F,VERDANT_VALLEY,527,0.000075300,true,1,9,45
F,VERDANT_VALLEY,528,0.000085700,true,1,13,82
F,VERDANT_VALLEY,529,0.000085200,true,1,14,70
F,VERDANT_VALLEY,530,0.000089000,true,1,11,58
F,VERDANT_VALLEY,531,0.000083300,true,1,11,62
F,VERDANT_VALLEY,532,0.000113900,true,1,18,139
F,VERDANT_VALLEY,533,0.000089600,true,1,12,78
F,VERDANT_VALLEY,534,0.000098300,true,1,17,124
F,VERDANT_VALLEY,535,0.000244700,true,2,51,381
F,VERDANT_VALLEY,536,0.000174500,true,2,21,106
F,VERDANT_VALLEY,537,0.000334800,true,1,17,118
F,VERDANT_VALLEY,538,0.000535200,true,2,41,267
F,VERDANT_VALLEY,539,0.000443600,true,1,21,143
F,VERDANT_VALLEY,540,0.000415800,true,1,14,78
F,VERDANT_VALLEY,541,0.000231800,true,1,14,88
F,VERDANT_VALLEY,542,0.000242900,true,2,48,356
F,VERDANT_VALLEY,543,0.000109400,true,1,19,146
F,VERDANT_VALLEY,544,0.000196000,true,1,24,184
F,VERDANT_VALLEY,545,0.000155300,true,2,21,102
F,VERDANT_VALLEY,546,0.000091200,true,1,17,74
F,VERDANT_VALLEY,547,0.000080800,true,1,11,62
F,VERDANT_VALLEY,548,0.000201500,true,2,26,156
F,VERDANT_VALLEY,549,0.000096100,true,1,13,60
F,VERDANT_VALLEY,550,0.000086900,true,1,12,66
F,VERDANT_VALLEY,551,0.000085300,true,1,13,69
F,VERDANT_VALLEY,552,0.000110600,true,1,21,149
F,VERDANT_VALLEY,553,0.000097600,true,1,16,104
F,VERDANT_VALLEY,554,0.000092100,true,1,15,105
F,VERDANT_VALLEY,555,0.000085000,true,1,14,70
F,VERDANT_VALLEY,556,0.000086100,true,1,14,67
F,VERDANT_VALLEY,557,0.000183800,true,2,31,196
F,VERDANT_VALLEY,558,0.000082100,true,1,12,61
F,VERDANT_VALLEY,559,0.000084900,true,1,13,60
F,VERDANT_VALLEY,560,0.000096400,true,1,17,100
F,VERDANT_VALLEY,561,0.000077900,true,1,12,57
F,VERDANT_VALLEY,562,0.000208000,true,2,36,271
F,VERDANT_VALLEY,563,0.000090200,true,1,13,84
F,VERDANT_VALLEY,564,0.000106000,true,1,18,116
F,VERDANT_VALLEY,565,0.000093400,true,1,15,86
F,VERDANT_VALLEY,566,0.000096400,true,1,17,97
F,VERDANT_VALLEY,567,0.000085000,true,1,14,70
F,VERDANT_VALLEY,568,0.000086000,true,1,14,74
F,VERDANT_VALLEY,569,0.000097600,true,1,17,107
F,VERDANT_VALLEY,570,0.000183400,true,2,48,122
F,VERDANT_VALLEY,571,0.000083100,true,1,12,63
F,VERDANT_VALLEY,572,0.000077900,true,1,10,51
F,VERDANT_VALLEY,573,0.000093200,true,1,15,89
F,VERDANT_VALLEY,574,0.000087500,true,1,12,78
F,VERDANT_VALLEY,575,0.000088700,true,1,14,83
F,VERDANT_VALLEY,576,0.000101500,true,1,17,100
F,VERDANT_VALLEY,577,0.000249800,true,1,11,58
F,VERDANT_VALLEY,578,0.000108700,true,1,17,126
F,VERDANT_VALLEY,579,0.000086700,true,1,11,61
F,VERDANT_VALLEY,580,0.000117100,true,1,19,145
F,VERDANT_VALLEY,581,0.000163900,true,1,20,133
F,VERDANT_VALLEY,582,0.000342100,true,2,47,366
F,VERDANT_VALLEY,583,0.000180500,true,2,27,160
F,VERDANT_VALLEY,584,0.000083300,true,1,12,63
F,VERDANT_VALLEY,585,0.000114500,true,1,20,153
F,VERDANT_VALLEY,586,0.000088500,true,1,13,85
F,VERDANT_VALLEY,587,0.000089400,true,1,14,80
F,VERDANT_VALLEY,588,0.000094700,true,1,17,87
F,VERDANT_VALLEY,589,0.000108100,true,1,17,141
F,VERDANT_VALLEY,590,0.000085500,true,1,14,66
F,VERDANT_VALLEY,591,0.000097000,true,1,17,100
F,VERDANT_VALLEY,592,0.000083300,true,1,12,61
F,VERDANT_VALLEY,593,0.000092900,true,1,17,77
F,VERDANT_VALLEY,594,0.000093700,true,1,16,101
F,VERDANT_VALLEY,595,0.000099000,true,1,16,136
F,VERDANT_VALLEY,596,0.000097000,true,1,16,105
F,VERDANT_VALLEY,597,0.000094000,true,1,17,65
F,VERDANT_VALLEY,598,0.000105100,true,1,16,124
F,VERDANT_VALLEY,599,0.000235900,true,2,39,265
F,VERDANT_VALLEY,600,0.000086600,true,1,12,63
F,VERDANT_VALLEY,601,0.000106400,true,1,19,127
F,VERDANT_VALLEY,602,0.000112900,true,1,19,145
F,VERDANT_VALLEY,603,0.000227000,true,2,38,318
F,VERDANT_VALLEY,604,0.000181300,true,2,32,219
F,VERDANT_VALLEY,605,0.000080100,true,1,12,57
F,VERDANT_VALLEY,606,0.000118300,true,1,22,191
F,VERDANT_VALLEY,607,0.000079900,true,1,11,62
F,VERDANT_VALLEY,608,0.000103000,true,1,18,128
F,VERDANT_VALLEY,609,0.000093000,true,1,16,104
F,VERDANT_VALLEY,610,0.000097700,true,1,16,83
F,VERDANT_VALLEY,611,0.000093500,true,1,14,105
F,VERDANT_VALLEY,612,0.000088800,true,1,15,81
F,VERDANT_VALLEY,613,0.000084800,true,1,13,74
F,VERDANT_VALLEY,614,0.000094700,true,1,17,90
F,VERDANT_VALLEY,615,0.000080100,true,1,11,61
F,VERDANT_VALLEY,616,0.000071400,true,1,9,45
F,VERDANT_VALLEY,617,0.000102300,true,1,18,115
F,VERDANT_VALLEY,618,0.000107200,true,1,19,151
F,VERDANT_VALLEY,619,0.000090100,true,1,13,91
F,VERDANT_VALLEY,620,0.000084000,true,1,13,60
F,VERDANT_VALLEY,621,0.000076300,true,1,10,55
F,VERDANT_VALLEY,622,0.000081200,true,1,13,65
F,VERDANT_VALLEY,623,0.000097400,true,1,16,124
F,VERDANT_VALLEY,624,0.000086600,true,1,13,83
F,VERDANT_VALLEY,625,0.000108600,true,1,19,119
F,VERDANT_VALLEY,626,0.000197900,true,2,35,281
F,VERDANT_VALLEY,627,0.000104400,true,1,20,146
F,VERDANT_VALLEY,628,0.000121700,true,1,22,164
F,VERDANT_VALLEY,629,0.000164800,true,1,17,113
F,VERDANT_VALLEY,630,0.000100200,true,1,12,66
F,VERDANT_VALLEY,631,0.000116600,true,1,21,134
F,VERDANT_VALLEY,632,0.000177300,true,1,13,64
F,VERDANT_VALLEY,633,0.000176900,true,1,21,137
F,VERDANT_VALLEY,634,0.000126700,true,1,12,62
F,VERDANT_VALLEY,635,0.000332300,true,2,47,414
F,VERDANT_VALLEY,636,0.000106200,true,1,14,97
F,VERDANT_VALLEY,637,0.000102800,true,1,17,101
F,VERDANT_VALLEY,638,0.000112300,true,1,16,107
F,VERDANT_VALLEY,639,0.000082600,true,1,10,55
F,VERDANT_VALLEY,640,0.000091300,true,1,16,74
F,VERDANT_VALLEY,641,0.000105000,true,1,17,108
F,VERDANT_VALLEY,642,0.000120800,true,1,18,146
F,VERDANT_VALLEY,643,0.000089500,true,1,11,56
F,VERDANT_VALLEY,644,0.000089500,true,1,14,74
F,VERDANT_VALLEY,645,0.000219200,true,2,34,211
F,VERDANT_VALLEY,646,0.000097400,true,1,15,73
F,VERDANT_VALLEY,647,0.000097200,true,1,12,55
F,VERDANT_VALLEY,648,0.000147200,true,1,13,82
F,VERDANT_VALLEY,649,0.000119100,true,1,18,126
F,VERDANT_VALLEY,650,0.000104300,true,1,16,85
F,VERDANT_VALLEY,651,0.000090300,true,1,12,59
F,VERDANT_VALLEY,652,0.000111400,true,1,15,74
F,VERDANT_VALLEY,653,0.000099900,true,1,12,66
F,VERDANT_VALLEY,654,0.000105900,true,1,15,82
F,VERDANT_VALLEY,655,0.000221700,true,1,21,181
F,VERDANT_VALLEY,656,0.000143700,true,1,23,174
F,VERDANT_VALLEY,657,0.000291300,true,2,43,315
F,VERDANT_VALLEY,658,0.000098100,true,1,14,68
F,VERDANT_VALLEY,659,0.000172700,true,1,17,153
F,VERDANT_VALLEY,660,0.000104800,true,1,12,56
F,VERDANT_VALLEY,661,0.000276500,true,2,44,343
F,VERDANT_VALLEY,662,0.000102900,true,1,13,64
F,VERDANT_VALLEY,663,0.000113600,true,1,18,106
F,VERDANT_VALLEY,664,0.000087200,true,1,10,55
F,VERDANT_VALLEY,665,0.000098200,true,1,13,58
F,VERDANT_VALLEY,666,0.000089200,true,1,13,64
F,VERDANT_VALLEY,667,0.000103800,true,1,12,67
F,VERDANT_VALLEY,668,0.000247200,true,2,32,261
F,VERDANT_VALLEY,669,0.000122700,true,1,12,54
F,VERDANT_VALLEY,670,0.000103900,true,1,15,112
F,VERDANT_VALLEY,671,0.000218400,true,2,34,247
F,VERDANT_VALLEY,672,0.000103700,true,1,16,104
F,VERDANT_VALLEY,673,0.000408100,true,3,68,576
F,VERDANT_VALLEY,674,0.000105900,true,1,16,82
F,VERDANT_VALLEY,675,0.000116500,true,1,17,104
F,VERDANT_VALLEY,676,0.000121000,true,1,16,136
F,VERDANT_VALLEY,677,0.000105100,true,1,16,105
F,VERDANT_VALLEY,678,0.000096300,true,1,13,66
F,VERDANT_VALLEY,679,0.000089800,true,1,11,53
F,VERDANT_VALLEY,680,0.000086100,true,1,12,63
F,VERDANT_VALLEY,681,0.000096600,true,1,13,56
F,VERDANT_VALLEY,682,0.000101500,true,1,17,97
F,VERDANT_VALLEY,683,0.000149100,true,1,11,60
F,VERDANT_VALLEY,684,0.000100900,true,1,11,53
F,VERDANT_VALLEY,685,0.000099800,true,1,12,68
F,VERDANT_VALLEY,686,0.000129900,true,1,20,140
F,VERDANT_VALLEY,687,0.000097600,true,1,13,64
F,VERDANT_VALLEY,688,0.000120100,true,1,19,120
F,VERDANT_VALLEY,689,0.000143700,true,1,17,126
F,VERDANT_VALLEY,690,0.000096400,true,1,12,62
F,VERDANT_VALLEY,691,0.000083800,true,1,12,64
F,VERDANT_VALLEY,692,0.000092000,true,1,16,76
F,VERDANT_VALLEY,693,0.000107600,true,1,15,110
F,VERDANT_VALLEY,694,0.000089600,true,1,11,57
F,VERDANT_VALLEY,695,0.000152600,true,1,24,228
F,VERDANT_VALLEY,696,0.000127600,true,1,22,182
F,VERDANT_VALLEY,697,0.000099600,true,1,14,94
F,VERDANT_VALLEY,698,0.000106800,true,1,15,98
F,VERDANT_VALLEY,699,0.000100900,true,1,14,72
F,VERDANT_VALLEY,700,0.000182500,true,1,18,101
F,VERDANT_VALLEY,701,0.000495700,true,2,44,276
F,VERDANT_VALLEY,702,0.000167400,true,1,9,45
F,VERDANT_VALLEY,703,0.000549400,true,1,13,62
F,VERDANT_VALLEY,704,0.000325400,true,1,19,118
F,VERDANT_VALLEY,705,0.000254700,true,1,13,81
F,VERDANT_VALLEY,706,0.000252900,true,1,15,73
F,VERDANT_VALLEY,707,0.000218200,true,1,15,88
F,VERDANT_VALLEY,708,0.000275000,true,1,16,92
F,VERDANT_VALLEY,709,0.000185100,true,1,12,66
F,VERDANT_VALLEY,710,0.000144400,true,1,15,91
F,VERDANT_VALLEY,711,0.000136400,true,1,18,149
F,VERDANT_VALLEY,712,0.000129000,true,1,13,91
F,VERDANT_VALLEY,713,0.000261700,true,2,40,255
F,VERDANT_VALLEY,714,0.000111300,true,1,14,89
F,VERDANT_VALLEY,715,0.000099200,true,1,12,78
F,VERDANT_VALLEY,716,0.000228700,true,2,39,256
F,VERDANT_VALLEY,717,0.000104900,true,1,15,104
F,VERDANT_VALLEY,718,0.000105200,true,1,15,87
F,VERDANT_VALLEY,719,0.000108600,true,1,19,120
F,VERDANT_VALLEY,720,0.000099300,true,1,14,89
F,VERDANT_VALLEY,721,0.000214900,true,2,37,254
F,VERDANT_VALLEY,722,0.000088800,true,1,13,63
F,VERDANT_VALLEY,723,0.000180900,true,2,31,207
F,VERDANT_VALLEY,724,0.000085600,true,1,13,63
F,VERDANT_VALLEY,725,0.000114400,true,1,20,135
F,VERDANT_VALLEY,726,0.000095900,true,1,14,105
F,VERDANT_VALLEY,727,0.000084600,true,1,13,62
F,VERDANT_VALLEY,728,0.000086100,true,1,13,58
F,VERDANT_VALLEY,729,0.000081400,true,1,11,58
F,VERDANT_VALLEY,730,0.000079800,true,1,11,60
F,VERDANT_VALLEY,731,0.000099500,true,1,17,110
F,VERDANT_VALLEY,732,0.000245000,true,2,33,221
F,VERDANT_VALLEY,733,0.000085000,true,1,10,55
F,VERDANT_VALLEY,734,0.000087000,true,1,14,67
F,VERDANT_VALLEY,735,0.000204500,true,2,34,256
F,VERDANT_VALLEY,736,0.000092600,true,1,16,70
F,VERDANT_VALLEY,737,0.000085900,true,1,14,70
F,VERDANT_VALLEY,738,0.000113100,true,1,21,156
F,VERDANT_VALLEY,739,0.000203600,true,2,37,261
F,VERDANT_VALLEY,740,0.000196400,true,2,37,242
F,VERDANT_VALLEY,741,0.000091700,true,1,15,92
F,VERDANT_VALLEY,742,0.000100800,true,1,15,85
F,VERDANT_VALLEY,743,0.000111200,true,1,17,141
F,VERDANT_VALLEY,744,0.000114100,true,1,22,150
F,VERDANT_VALLEY,745,0.000084200,true,1,13,64
F,VERDANT_VALLEY,746,0.000102200,true,1,16,110
F,VERDANT_VALLEY,747,0.000114800,true,1,22,137
F,VERDANT_VALLEY,748,0.000167500,true,2,26,147
F,VERDANT_VALLEY,749,0.000099700,true,1,14,62
F,VERDANT_VALLEY,750,0.000088400,true,1,13,69
F,VERDANT_VALLEY,751,0.000089100,true,1,14,70
F,VERDANT_VALLEY,752,0.000086500,true,1,13,85
F,VERDANT_VALLEY,753,0.000248000,true,2,44,348
F,VERDANT_VALLEY,754,0.000211600,true,2,40,281
F,VERDANT_VALLEY,755,0.000114900,true,1,19,174
F,VERDANT_VALLEY,756,0.000371400,true,3,75,613
F,VERDANT_VALLEY,757,0.000112000,true,1,14,83
F,VERDANT_VALLEY,758,0.000080600,true,1,10,55
F,VERDANT_VALLEY,759,0.000116500,true,1,21,135
F,VERDANT_VALLEY,760,0.000095900,true,1,16,94
F,VERDANT_VALLEY,761,0.000099800,true,1,15,101
F,VERDANT_VALLEY,762,0.000077800,true,1,11,62
F,VERDANT_VALLEY,763,0.000217800,true,2,40,267
F,VERDANT_VALLEY,764,0.000110700,true,1,15,74
F,VERDANT_VALLEY,765,0.000075400,true,1,9,45
F,VERDANT_VALLEY,766,0.000096100,true,1,18,93
F,VERDANT_VALLEY,767,0.000100900,true,1,17,103
F,VERDANT_VALLEY,768,0.000099700,true,1,15,83
F,VERDANT_VALLEY,769,0.000086400,true,1,13,63
F,VERDANT_VALLEY,770,0.000126100,true,1,21,195
F,VERDANT_VALLEY,771,0.000141600,true,1,21,187
F,VERDANT_VALLEY,772,0.000205400,true,2,35,209
F,VERDANT_VALLEY,773,0.000103100,true,1,17,138
F,VERDANT_VALLEY,774,0.000090100,true,1,13,65
F,VERDANT_VALLEY,775,0.000092100,true,1,14,97
F,VERDANT_VALLEY,776,0.000079900,true,1,11,57
F,VERDANT_VALLEY,777,0.000116400,true,1,22,127
F,VERDANT_VALLEY,778,0.000100200,true,1,18,116
F,VERDANT_VALLEY,779,0.000103900,true,1,16,90
F,VERDANT_VALLEY,780,0.000096800,true,1,12,63
F,VERDANT_VALLEY,781,0.000110600,true,1,18,102
F,VERDANT_VALLEY,782,0.000089900,true,1,13,62
F,VERDANT_VALLEY,783,0.000264300,true,2,55,332
F,VERDANT_VALLEY,784,0.000098700,true,1,16,80
F,VERDANT_VALLEY,785,0.000129800,true,1,15,79
F,VERDANT_VALLEY,786,0.000102500,true,1,13,82
F,VERDANT_VALLEY,787,0.000084700,true,1,13,68
F,VERDANT_VALLEY,788,0.000079700,true,1,11,58
F,VERDANT_VALLEY,789,0.000103000,true,1,15,73
F,VERDANT_VALLEY,790,0.000099200,true,1,16,103
F,VERDANT_VALLEY,791,0.000084900,true,1,12,64
F,VERDANT_VALLEY,792,0.000103700,true,1,16,109
F,VERDANT_VALLEY,793,0.000114300,true,1,19,148
F,VERDANT_VALLEY,794,0.000104200,true,1,19,103
F,VERDANT_VALLEY,795,0.000109200,true,1,18,154
F,VERDANT_VALLEY,796,0.000087300,true,1,11,59
F,VERDANT_VALLEY,797,0.000093100,true,1,11,53
F,VERDANT_VALLEY,798,0.000115100,true,1,20,169
F,VERDANT_VALLEY,799,0.000094200,true,1,17,82
F,VERDANT_VALLEY,800,0.000092200,true,1,13,91
F,VERDANT_VALLEY,801,0.000379300,true,4,73,459
F,VERDANT_VALLEY,802,0.000121100,true,1,21,180
F,VERDANT_VALLEY,803,0.000169200,true,2,39,116
F,VERDANT_VALLEY,804,0.000082300,true,1,12,59
F,VERDANT_VALLEY,805,0.000100800,true,1,17,113
F,VERDANT_VALLEY,806,0.000102800,true,1,15,110
F,VERDANT_VALLEY,807,0.000085700,true,1,12,78
F,VERDANT_VALLEY,808,0.000093500,true,1,17,78
F,VERDANT_VALLEY,809,0.000248100,true,2,48,399
F,VERDANT_VALLEY,810,0.000123500,true,1,24,193
F,VERDANT_VALLEY,811,0.000091400,true,1,16,83
F,VERDANT_VALLEY,812,0.000095700,true,1,17,76
F,VERDANT_VALLEY,813,0.000115600,true,1,15,97
F,VERDANT_VALLEY,814,0.000080600,true,1,10,50
F,VERDANT_VALLEY,815,0.000105500,true,1,20,124
F,VERDANT_VALLEY,816,0.000076300,true,1,10,55
F,VERDANT_VALLEY,817,0.000107700,true,1,19,146
F,VERDANT_VALLEY,818,0.000105700,true,1,17,122
F,VERDANT_VALLEY,819,0.000098700,true,1,17,104
F,VERDANT_VALLEY,820,0.000087400,true,1,14,92
F,VERDANT_VALLEY,821,0.000085900,true,1,13,68
F,VERDANT_VALLEY,822,0.000088400,true,1,15,68
F,VERDANT_VALLEY,823,0.000092300,true,1,16,89
F,VERDANT_VALLEY,824,0.000104900,true,1,13,83
F,VERDANT_VALLEY,825,0.000081600,true,1,13,61
F,VERDANT_VALLEY,826,0.000096200,true,1,17,114
F,VERDANT_VALLEY,827,0.000088300,true,1,14,80
F,VERDANT_VALLEY,828,0.000118600,true,1,21,204
F,VERDANT_VALLEY,829,0.000088700,true,1,12,78
F,VERDANT_VALLEY,830,0.000099800,true,1,17,112
F,VERDANT_VALLEY,831,0.000100200,true,1,16,116
F,VERDANT_VALLEY,832,0.000138100,true,1,23,176
F,VERDANT_VALLEY,833,0.000084900,true,1,11,53
F,VERDANT_VALLEY,834,0.000093900,true,1,12,78
F,VERDANT_VALLEY,835,0.000090900,true,1,15,93
F,VERDANT_VALLEY,836,0.000091200,true,1,12,61
F,VERDANT_VALLEY,837,0.000082300,true,1,12,67
F,VERDANT_VALLEY,838,0.000301100,true,2,47,398
F,VERDANT_VALLEY,839,0.000080300,true,1,12,65
F,VERDANT_VALLEY,840,0.000079600,true,1,12,67
F,VERDANT_VALLEY,841,0.000090900,true,1,15,103
F,VERDANT_VALLEY,842,0.000090000,true,1,11,56
F,VERDANT_VALLEY,843,0.000103400,true,1,21,112
F,VERDANT_VALLEY,844,0.000214900,true,2,46,246
F,VERDANT_VALLEY,845,0.000194500,true,2,37,214
F,VERDANT_VALLEY,846,0.000085000,true,1,14,70
F,VERDANT_VALLEY,847,0.000193800,true,2,35,252
F,VERDANT_VALLEY,848,0.000102900,true,1,16,109
F,VERDANT_VALLEY,849,0.000101000,true,1,17,110
F,VERDANT_VALLEY,850,0.000168700,true,2,29,142
F,VERDANT_VALLEY,851,0.000082100,true,1,13,73
F,VERDANT_VALLEY,852,0.000100900,true,1,18,129
F,VERDANT_VALLEY,853,0.000102300,true,1,18,138
F,VERDANT_VALLEY,854,0.000090500,true,1,14,84
F,VERDANT_VALLEY,855,0.000139700,true,1,20,143
F,VERDANT_VALLEY,856,0.000277500,true,2,30,166
F,VERDANT_VALLEY,857,0.000104800,true,1,17,119
F,VERDANT_VALLEY,858,0.000096700,true,1,14,77
F,VERDANT_VALLEY,859,0.000115300,true,1,15,99
F,VERDANT_VALLEY,860,0.000247000,true,2,34,255
F,VERDANT_VALLEY,861,0.000122400,true,1,18,145
F,VERDANT_VALLEY,862,0.000126500,true,1,21,144
F,VERDANT_VALLEY,863,0.000110100,true,1,14,84
F,VERDANT_VALLEY,864,0.000089600,true,1,12,63
F,VERDANT_VALLEY,865,0.000232000,true,2,42,282
F,VERDANT_VALLEY,866,0.000085400,true,1,10,55
F,VERDANT_VALLEY,867,0.000123100,true,1,19,146
F,VERDANT_VALLEY,868,0.000113900,true,1,17,133
F,VERDANT_VALLEY,869,0.000117300,true,1,20,145
F,VERDANT_VALLEY,870,0.000131200,true,1,19,106
F,VERDANT_VALLEY,871,0.000096400,true,1,14,65
F,VERDANT_VALLEY,872,0.000107400,true,1,15,75
F,VERDANT_VALLEY,873,0.000139500,true,1,28,246
F,VERDANT_VALLEY,874,0.000104300,true,1,17,128
F,VERDANT_VALLEY,875,0.000120600,true,1,21,149
F,VERDANT_VALLEY,876,0.000114200,true,1,20,105
F,VERDANT_VALLEY,877,0.000148800,true,1,20,193
F,VERDANT_VALLEY,878,0.000103000,true,1,12,69
F,VERDANT_VALLEY,879,0.000103200,true,1,12,61
F,VERDANT_VALLEY,880,0.000276600,true,2,44,322
F,VERDANT_VALLEY,881,0.000090100,true,1,10,55
F,VERDANT_VALLEY,882,0.000096600,true,1,14,92
F,VERDANT_VALLEY,883,0.000112200,true,1,14,94
F,VERDANT_VALLEY,884,0.000103600,true,1,14,87
F,VERDANT_VALLEY,885,0.000111800,true,1,19,153
F,VERDANT_VALLEY,886,0.000175100,true,2,27,103
F,VERDANT_VALLEY,887,0.000130700,true,1,19,161
F,VERDANT_VALLEY,888,0.000358700,true,3,57,393
F,VERDANT_VALLEY,889,0.000088000,true,1,12,78
F,VERDANT_VALLEY,890,0.000096700,true,1,16,106
F,VERDANT_VALLEY,891,0.000179100,true,1,22,136
F,VERDANT_VALLEY,892,0.000120500,true,1,15,120
F,VERDANT_VALLEY,893,0.000248700,true,2,39,271
F,VERDANT_VALLEY,894,0.000108700,true,1,13,60
F,VERDANT_VALLEY,895,0.000101300,true,1,15,99
F,VERDANT_VALLEY,896,0.000106200,true,1,14,75
F,VERDANT_VALLEY,897,0.000123600,true,1,18,115
F,VERDANT_VALLEY,898,0.000099400,true,1,12,59
F,VERDANT_VALLEY,899,0.000114200,true,1,12,59
F,VERDANT_VALLEY,900,0.000195200,true,1,21,108
F,VERDANT_VALLEY,901,0.000262600,true,1,19,177
F,VERDANT_VALLEY,902,0.000201900,true,1,17,129
F,VERDANT_VALLEY,903,0.000163700,true,1,15,93
F,VERDANT_VALLEY,904,0.000170100,true,1,14,76
F,VERDANT_VALLEY,905,0.000155700,true,1,13,73
F,VERDANT_VALLEY,906,0.000168200,true,1,17,85
F,VERDANT_VALLEY,907,0.000217100,true,1,20,128
F,VERDANT_VALLEY,908,0.000661700,true,2,50,225
F,VERDANT_VALLEY,909,0.000109600,true,1,15,72
F,VERDANT_VALLEY,910,0.000141800,true,1,19,162
F,VERDANT_VALLEY,911,0.000134900,true,1,14,61
F,VERDANT_VALLEY,912,0.000273300,true,2,42,375
F,VERDANT_VALLEY,913,0.000087900,true,1,13,83
F,VERDANT_VALLEY,914,0.000119100,true,1,20,175
F,VERDANT_VALLEY,915,0.000090600,true,1,14,88
F,VERDANT_VALLEY,916,0.000098300,true,1,18,116
F,VERDANT_VALLEY,917,0.000094700,true,1,16,87
F,VERDANT_VALLEY,918,0.000092300,true,1,17,87
F,VERDANT_VALLEY,919,0.000085700,true,1,12,78
F,VERDANT_VALLEY,920,0.000080500,true,1,12,54
F,VERDANT_VALLEY,921,0.000090500,true,1,17,72
F,VERDANT_VALLEY,922,0.000081500,true,1,13,76
F,VERDANT_VALLEY,923,0.000086300,true,1,14,72
F,VERDANT_VALLEY,924,0.000142100,true,1,19,119
F,VERDANT_VALLEY,925,0.000098100,true,1,17,132
F,VERDANT_VALLEY,926,0.000084900,true,1,14,69
F,VERDANT_VALLEY,927,0.000180400,true,2,29,183
F,VERDANT_VALLEY,928,0.000087500,true,1,14,68
F,VERDANT_VALLEY,929,0.000076200,true,1,11,51
F,VERDANT_VALLEY,930,0.000085100,true,1,13,71
F,VERDANT_VALLEY,931,0.000112800,true,1,19,161
F,VERDANT_VALLEY,932,0.000088200,true,1,13,79
F,VERDANT_VALLEY,933,0.000080900,true,1,12,66
F,VERDANT_VALLEY,934,0.000083700,true,1,13,71
F,VERDANT_VALLEY,935,0.000099600,true,1,18,122
F,VERDANT_VALLEY,936,0.000118200,true,1,13,68
F,VERDANT_VALLEY,937,0.000181200,true,2,31,203
F,VERDANT_VALLEY,938,0.000307600,true,3,58,426
F,VERDANT_VALLEY,939,0.000086100,true,1,14,67
F,VERDANT_VALLEY,940,0.000222900,true,2,37,355
F,VERDANT_VALLEY,941,0.000127300,true,1,18,154
F,VERDANT_VALLEY,942,0.000079100,true,1,11,60
F,VERDANT_VALLEY,943,0.000108100,true,1,18,113
F,VERDANT_VALLEY,944,0.000084800,true,1,12,78
F,VERDANT_VALLEY,945,0.000091400,true,1,16,96
F,VERDANT_VALLEY,946,0.000100300,true,1,18,127
F,VERDANT_VALLEY,947,0.000252600,true,2,44,370
F,VERDANT_VALLEY,948,0.000094000,true,1,16,89
F,VERDANT_VALLEY,949,0.000210100,true,2,37,245
F,VERDANT_VALLEY,950,0.000104600,true,1,19,116
F,VERDANT_VALLEY,951,0.000085500,true,1,12,66
F,VERDANT_VALLEY,952,0.000090100,true,1,16,78
F,VERDANT_VALLEY,953,0.000105800,true,1,21,140
F,VERDANT_VALLEY,954,0.000098000,true,1,17,67
F,VERDANT_VALLEY,955,0.000101200,true,1,18,114
F,VERDANT_VALLEY,956,0.000114800,true,1,16,74
F,VERDANT_VALLEY,957,0.000074900,true,1,10,47
F,VERDANT_VALLEY,958,0.000099500,true,1,19,107
F,VERDANT_VALLEY,959,0.000122800,true,1,22,235
F,VERDANT_VALLEY,960,0.000078000,true,1,11,53
F,VERDANT_VALLEY,961,0.000082800,true,1,12,63
F,VERDANT_VALLEY,962,0.000091700,true,1,15,84
F,VERDANT_VALLEY,963,0.000135600,true,1,20,193
F,VERDANT_VALLEY,964,0.000119500,true,1,19,118
F,VERDANT_VALLEY,965,0.000111200,true,1,20,140
F,VERDANT_VALLEY,966,0.000309200,true,3,60,411
F,VERDANT_VALLEY,967,0.000094500,true,1,16,101
F,VERDANT_VALLEY,968,0.000087200,true,1,14,73
F,VERDANT_VALLEY,969,0.000289400,true,3,45,274
F,VERDANT_VALLEY,970,0.000083500,true,1,12,57
F,VERDANT_VALLEY,971,0.000106200,true,1,20,134
F,VERDANT_VALLEY,972,0.000083900,true,1,12,63
F,VERDANT_VALLEY,973,0.000088500,true,1,14,85
F,VERDANT_VALLEY,974,0.000108900,true,1,19,150
F,VERDANT_VALLEY,975,0.000103800,true,1,16,136
F,VERDANT_VALLEY,976,0.000117600,true,1,15,95
F,VERDANT_VALLEY,977,0.000100600,true,1,20,117
F,VERDANT_VALLEY,978,0.000213000,true,2,30,190
F,VERDANT_VALLEY,979,0.000110900,true,1,20,147
F,VERDANT_VALLEY,980,0.000094400,true,1,16,96
F,VERDANT_VALLEY,981,0.000080300,true,1,12,67
F,VERDANT_VALLEY,982,0.000082000,true,1,13,67
F,VERDANT_VALLEY,983,0.000218400,true,2,35,211
F,VERDANT_VALLEY,984,0.000104400,true,1,22,110
F,VERDANT_VALLEY,985,0.000114800,true,1,14,73
F,VERDANT_VALLEY,986,0.000199900,true,2,32,259
F,VERDANT_VALLEY,987,0.000115400,true,1,20,163
F,VERDANT_VALLEY,988,0.000089700,true,1,14,95
F,VERDANT_VALLEY,989,0.000230900,true,2,40,328
F,VERDANT_VALLEY,990,0.000277800,true,3,51,293
F,VERDANT_VALLEY,991,0.000071600,true,1,9,45
F,VERDANT_VALLEY,992,0.000087900,true,1,15,69
F,VERDANT_VALLEY,993,0.000108000,true,1,16,85
F,VERDANT_VALLEY,994,0.000176900,true,2,28,173
F,VERDANT_VALLEY,995,0.000078800,true,1,12,60
F,VERDANT_VALLEY,996,0.000095800,true,1,16,104
F,VERDANT_VALLEY,997,0.000523000,true,4,103,639
F,VERDANT_VALLEY,998,0.000099600,true,1,16,96
F,VERDANT_VALLEY,999,0.000103100,true,1,16,126
F,VERDANT_VALLEY,1000,0.000106500,true,1,15,88
F,SKY_CITADEL,1,0.000124100,true,1,13,91
F,SKY_CITADEL,2,0.000092000,true,1,10,46
F,SKY_CITADEL,3,0.000220200,true,2,35,266
F,SKY_CITADEL,4,0.000096500,true,1,12,78
F,SKY_CITADEL,5,0.000087300,true,1,11,58
F,SKY_CITADEL,6,0.000100700,true,1,14,96
F,SKY_CITADEL,7,0.000253100,true,1,13,91
F,SKY_CITADEL,8,0.000155600,true,1,21,231
F,SKY_CITADEL,9,0.000257400,true,2,45,198
F,SKY_CITADEL,10,0.000093000,true,1,11,62
F,SKY_CITADEL,11,0.000115700,true,1,12,78
F,SKY_CITADEL,12,0.000130400,true,1,14,105
F,SKY_CITADEL,13,0.000083600,true,1,10,47
F,SKY_CITADEL,14,0.000097900,true,1,13,91
F,SKY_CITADEL,15,0.000086100,true,1,9,45
F,SKY_CITADEL,16,0.000113900,true,1,17,139
F,SKY_CITADEL,17,0.000085800,true,1,10,55
F,SKY_CITADEL,18,0.000111100,true,1,15,120
F,SKY_CITADEL,19,0.000090300,true,1,11,61
F,SKY_CITADEL,20,0.000090200,true,1,12,63
F,SKY_CITADEL,21,0.000083300,true,1,9,45
F,SKY_CITADEL,22,0.000098900,true,1,13,84
F,SKY_CITADEL,23,0.000103900,true,1,15,111
F,SKY_CITADEL,24,0.000094100,true,1,13,91
F,SKY_CITADEL,25,0.000086500,true,1,11,59
F,SKY_CITADEL,26,0.000085000,true,1,10,47
F,SKY_CITADEL,27,0.000082800,true,1,10,50
F,SKY_CITADEL,28,0.000202300,true,2,40,88
F,SKY_CITADEL,29,0.000092400,true,1,12,78
F,SKY_CITADEL,30,0.000102600,true,1,16,124
F,SKY_CITADEL,31,0.000108400,true,1,13,91
F,SKY_CITADEL,32,0.000094700,true,1,13,91
F,SKY_CITADEL,33,0.000081600,true,1,9,45
F,SKY_CITADEL,34,0.000094700,true,1,13,91
F,SKY_CITADEL,35,0.000098700,true,1,13,91
F,SKY_CITADEL,36,0.000081300,true,1,9,45
F,SKY_CITADEL,37,0.000082500,true,1,10,47
F,SKY_CITADEL,38,0.000079400,true,1,9,45
F,SKY_CITADEL,39,0.000101900,true,1,15,106
F,SKY_CITADEL,40,0.000200900,true,2,40,172
F,SKY_CITADEL,41,0.000080900,true,1,9,45
F,SKY_CITADEL,42,0.000080600,true,1,9,45
F,SKY_CITADEL,43,0.000086300,true,1,11,56
F,SKY_CITADEL,44,0.000157500,true,1,12,78
F,SKY_CITADEL,45,0.000094000,true,1,10,51
F,SKY_CITADEL,46,0.000189800,true,1,12,78
F,SKY_CITADEL,47,0.000119300,true,1,14,74
F,SKY_CITADEL,48,0.000097300,true,1,12,57
F,SKY_CITADEL,49,0.000102100,true,1,10,50
F,SKY_CITADEL,50,0.000104000,true,1,12,54
F,SKY_CITADEL,51,0.000126900,true,1,13,91
F,SKY_CITADEL,52,0.000094100,true,1,9,45
F,SKY_CITADEL,53,0.000100200,true,1,10,55
F,SKY_CITADEL,54,0.000123100,true,1,16,136
F,SKY_CITADEL,55,0.000091100,true,1,9,45
F,SKY_CITADEL,56,0.000106200,true,1,13,91
F,SKY_CITADEL,57,0.000118400,true,1,15,120
F,SKY_CITADEL,58,0.000091800,true,1,9,45
F,SKY_CITADEL,59,0.000131500,true,1,18,171
F,SKY_CITADEL,60,0.000103100,true,1,12,78
F,SKY_CITADEL,61,0.000093900,true,1,10,55
F,SKY_CITADEL,62,0.000141100,true,1,9,45
F,SKY_CITADEL,63,0.000110000,true,1,12,78
F,SKY_CITADEL,64,0.000096200,true,1,9,45
F,SKY_CITADEL,65,0.000101600,true,1,10,48
F,SKY_CITADEL,66,0.000082400,true,1,9,45
F,SKY_CITADEL,67,0.000109400,true,1,16,136
F,SKY_CITADEL,68,0.000086200,true,1,10,55
F,SKY_CITADEL,69,0.000114800,true,1,18,157
F,SKY_CITADEL,70,0.000092800,true,1,10,50
F,SKY_CITADEL,71,0.000096400,true,1,12,65
F,SKY_CITADEL,72,0.000109700,true,1,14,97
F,SKY_CITADEL,73,0.000091200,true,1,10,51
F,SKY_CITADEL,74,0.000112900,true,1,10,47
F,SKY_CITADEL,75,0.000090000,true,1,10,52
F,SKY_CITADEL,76,0.000269000,true,2,48,311
F,SKY_CITADEL,77,0.000116200,true,1,9,45
F,SKY_CITADEL,78,0.000083700,true,1,10,52
F,SKY_CITADEL,79,0.000082100,true,1,9,45
F,SKY_CITADEL,80,0.000087300,true,1,11,51
F,SKY_CITADEL,81,0.000080900,true,1,9,45
F,SKY_CITADEL,82,0.000085200,true,1,10,55
F,SKY_CITADEL,83,0.000256000,true,2,35,208
F,SKY_CITADEL,84,0.000305600,true,2,37,262
F,SKY_CITADEL,85,0.000101500,true,1,14,93
F,SKY_CITADEL,86,0.000083100,true,1,9,45
F,SKY_CITADEL,87,0.000083500,true,1,9,45
F,SKY_CITADEL,88,0.000084700,true,1,10,46
F,SKY_CITADEL,89,0.000091700,true,1,9,45
F,SKY_CITADEL,90,0.000089400,true,1,9,45
F,SKY_CITADEL,91,0.000130900,true,1,10,50
F,SKY_CITADEL,92,0.000102400,true,1,10,46
F,SKY_CITADEL,93,0.000103300,true,1,13,91
F,SKY_CITADEL,94,0.000234600,true,2,27,166
F,SKY_CITADEL,95,0.000096800,true,1,10,48
F,SKY_CITADEL,96,0.000131300,true,1,11,57
F,SKY_CITADEL,97,0.000122900,true,1,10,48
F,SKY_CITADEL,98,0.000202200,true,1,11,57
F,SKY_CITADEL,99,0.000186900,true,1,12,78
F,SKY_CITADEL,100,0.000363400,true,2,25,151
F,SKY_CITADEL,101,0.000167800,true,1,12,66
F,SKY_CITADEL,102,0.000217000,true,1,17,143
F,SKY_CITADEL,103,0.000171700,true,1,12,64
F,SKY_CITADEL,104,0.000406400,true,2,35,209
F,SKY_CITADEL,105,0.000166000,true,1,9,45
F,SKY_CITADEL,106,0.000098200,true,1,10,55
F,SKY_CITADEL,107,0.000129000,true,1,16,136
F,SKY_CITADEL,108,0.000221300,true,2,27,180
F,SKY_CITADEL,109,0.000098400,true,1,14,93
F,SKY_CITADEL,110,0.000099000,true,1,13,91
F,SKY_CITADEL,111,0.000084000,true,1,9,45
F,SKY_CITADEL,112,0.000232100,true,1,23,190
F,SKY_CITADEL,113,0.000183500,true,1,16,125
F,SKY_CITADEL,114,0.000330000,true,2,26,153
F,SKY_CITADEL,115,0.000362100,true,2,41,249
F,SKY_CITADEL,116,0.000090400,true,1,9,45
F,SKY_CITADEL,117,0.000121000,true,1,14,98
F,SKY_CITADEL,118,0.000086600,true,1,9,45
F,SKY_CITADEL,119,0.000085200,true,1,9,45
F,SKY_CITADEL,120,0.000108600,true,1,12,78
F,SKY_CITADEL,121,0.000089900,true,1,9,45
F,SKY_CITADEL,122,0.000090600,true,1,11,57
F,SKY_CITADEL,123,0.000087900,true,1,9,45
F,SKY_CITADEL,124,0.000086600,true,1,9,45
F,SKY_CITADEL,125,0.000090700,true,1,10,52
F,SKY_CITADEL,126,0.000102500,true,1,10,55
F,SKY_CITADEL,127,0.000099000,true,1,10,48
F,SKY_CITADEL,128,0.000092300,true,1,10,52
F,SKY_CITADEL,129,0.000121100,true,1,15,96
F,SKY_CITADEL,130,0.000099500,true,1,9,45
F,SKY_CITADEL,131,0.000115300,true,1,13,84
F,SKY_CITADEL,132,0.000100400,true,1,12,66
F,SKY_CITADEL,133,0.000103400,true,1,13,70
F,SKY_CITADEL,134,0.000091500,true,1,10,50
F,SKY_CITADEL,135,0.000092800,true,1,11,54
F,SKY_CITADEL,136,0.000109300,true,1,12,78
F,SKY_CITADEL,137,0.000117600,true,1,13,79
F,SKY_CITADEL,138,0.000106900,true,1,12,78
F,SKY_CITADEL,139,0.000110300,true,1,9,45
F,SKY_CITADEL,140,0.000411200,true,1,12,78
F,SKY_CITADEL,141,0.000276700,true,1,12,78
F,SKY_CITADEL,142,0.000206600,true,1,10,48
F,SKY_CITADEL,143,0.000173200,true,1,9,45
F,SKY_CITADEL,144,0.000188700,true,1,13,81
F,SKY_CITADEL,145,0.000165000,true,1,9,45
F,SKY_CITADEL,146,0.000251200,true,1,19,173
F,SKY_CITADEL,147,0.000186400,true,1,11,62
F,SKY_CITADEL,148,0.000143900,true,1,9,45
F,SKY_CITADEL,149,0.000221400,true,2,40,117
F,SKY_CITADEL,150,0.000086000,true,1,9,45
F,SKY_CITADEL,151,0.000087800,true,1,10,55
F,SKY_CITADEL,152,0.000083300,true,1,9,45
F,SKY_CITADEL,153,0.000339800,true,3,55,229
F,SKY_CITADEL,154,0.000088300,true,1,11,55
F,SKY_CITADEL,155,0.000100100,true,1,14,95
F,SKY_CITADEL,156,0.000093900,true,1,11,61
F,SKY_CITADEL,157,0.000096300,true,1,12,78
F,SKY_CITADEL,158,0.000084700,true,1,9,45
F,SKY_CITADEL,159,0.000087400,true,1,10,47
F,SKY_CITADEL,160,0.000109400,true,1,10,51
F,SKY_CITADEL,161,0.000129900,true,1,18,171
F,SKY_CITADEL,162,0.000106200,true,1,13,91
F,SKY_CITADEL,163,0.000101200,true,1,9,45
F,SKY_CITADEL,164,0.000085200,true,1,9,45
F,SKY_CITADEL,165,0.000218600,true,2,30,199
F,SKY_CITADEL,166,0.000105400,true,1,15,120
F,SKY_CITADEL,167,0.000092200,true,1,12,66
F,SKY_CITADEL,168,0.000100900,true,1,13,91
F,SKY_CITADEL,169,0.000101300,true,1,14,105
F,SKY_CITADEL,170,0.000109100,true,1,10,47
F,SKY_CITADEL,171,0.000083400,true,1,9,45
F,SKY_CITADEL,172,0.000102600,true,1,15,108
F,SKY_CITADEL,173,0.000085000,true,1,9,45
F,SKY_CITADEL,174,0.000097400,true,1,10,46
F,SKY_CITADEL,175,0.000087500,true,1,10,55
F,SKY_CITADEL,176,0.000144800,true,1,19,175
F,SKY_CITADEL,177,0.000094800,true,1,9,45
F,SKY_CITADEL,178,0.000109900,true,1,16,102
F,SKY_CITADEL,179,0.000280500,true,3,49,183
F,SKY_CITADEL,180,0.000097000,true,1,9,45
F,SKY_CITADEL,181,0.000221400,true,2,27,153
F,SKY_CITADEL,182,0.000095700,true,1,11,51
F,SKY_CITADEL,183,0.000144600,true,1,10,47
F,SKY_CITADEL,184,0.000093200,true,1,9,45
F,SKY_CITADEL,185,0.000089100,true,1,11,54
F,SKY_CITADEL,186,0.000083100,true,1,9,45
F,SKY_CITADEL,187,0.000082900,true,1,10,48
F,SKY_CITADEL,188,0.000081900,true,1,9,45
F,SKY_CITADEL,189,0.000081200,true,1,9,45
F,SKY_CITADEL,190,0.000265900,true,2,49,237
F,SKY_CITADEL,191,0.000202300,true,2,28,181
F,SKY_CITADEL,192,0.000086700,true,1,10,55
F,SKY_CITADEL,193,0.000081400,true,1,9,45
F,SKY_CITADEL,194,0.000114200,true,1,17,153
F,SKY_CITADEL,195,0.000083400,true,1,9,45
F,SKY_CITADEL,196,0.000096000,true,1,10,55
F,SKY_CITADEL,197,0.000086000,true,1,10,50
F,SKY_CITADEL,198,0.000105100,true,1,14,95
F,SKY_CITADEL,199,0.000102800,true,1,13,91
F,SKY_CITADEL,200,0.000099300,true,1,13,91
F,SKY_CITADEL,201,0.000081600,true,1,9,45
F,SKY_CITADEL,202,0.000081800,true,1,10,48
F,SKY_CITADEL,203,0.000085100,true,1,9,45
F,SKY_CITADEL,204,0.000203600,true,2,37,148
F,SKY_CITADEL,205,0.000087200,true,1,10,55
F,SKY_CITADEL,206,0.000098300,true,1,14,91
F,SKY_CITADEL,207,0.000112800,true,1,17,138
F,SKY_CITADEL,208,0.000088300,true,1,11,56
F,SKY_CITADEL,209,0.000210400,true,2,37,145
F,SKY_CITADEL,210,0.000096300,true,1,10,51
F,SKY_CITADEL,211,0.000106900,true,1,10,55
F,SKY_CITADEL,212,0.000089000,true,1,9,45
F,SKY_CITADEL,213,0.000280000,true,2,36,266
F,SKY_CITADEL,214,0.000103100,true,1,9,45
F,SKY_CITADEL,215,0.000115500,true,1,14,92
F,SKY_CITADEL,216,0.000102200,true,1,12,78
F,SKY_CITADEL,217,0.000259800,true,1,11,58
F,SKY_CITADEL,218,0.000106600,true,1,14,84
F,SKY_CITADEL,219,0.000111300,true,1,17,102
F,SKY_CITADEL,220,0.000084500,true,1,9,45
F,SKY_CITADEL,221,0.000100300,true,1,13,91
F,SKY_CITADEL,222,0.000231800,true,2,37,332
F,SKY_CITADEL,223,0.000083400,true,1,10,46
F,SKY_CITADEL,224,0.000084500,true,1,9,45
F,SKY_CITADEL,225,0.000082800,true,1,9,45
F,SKY_CITADEL,226,0.000083300,true,1,9,45
F,SKY_CITADEL,227,0.000083200,true,1,10,46
F,SKY_CITADEL,228,0.000090000,true,1,10,55
F,SKY_CITADEL,229,0.000093500,true,1,10,55
F,SKY_CITADEL,230,0.000082400,true,1,9,45
F,SKY_CITADEL,231,0.000091800,true,1,9,45
F,SKY_CITADEL,232,0.000320700,true,3,65,217
F,SKY_CITADEL,233,0.000087500,true,1,9,45
F,SKY_CITADEL,234,0.000088800,true,1,11,54
F,SKY_CITADEL,235,0.000182700,true,2,40,193
F,SKY_CITADEL,236,0.000215200,true,2,35,246
F,SKY_CITADEL,237,0.000107000,true,1,15,120
F,SKY_CITADEL,238,0.000092100,true,1,11,60
F,SKY_CITADEL,239,0.000230900,true,2,39,275
F,SKY_CITADEL,240,0.000244800,true,2,38,256
F,SKY_CITADEL,241,0.000088000,true,1,10,51
F,SKY_CITADEL,242,0.000130800,true,1,14,93
F,SKY_CITADEL,243,0.000131000,true,1,17,153
F,SKY_CITADEL,244,0.000092600,true,1,9,45
F,SKY_CITADEL,245,0.000102900,true,1,12,78
F,SKY_CITADEL,246,0.000085000,true,1,9,45
F,SKY_CITADEL,247,0.000095300,true,1,12,78
F,SKY_CITADEL,248,0.000085000,true,1,9,45
F,SKY_CITADEL,249,0.000087000,true,1,11,51
F,SKY_CITADEL,250,0.000091100,true,1,12,78
F,SKY_CITADEL,251,0.000091900,true,1,12,78
F,SKY_CITADEL,252,0.000085300,true,1,10,55
F,SKY_CITADEL,253,0.000199800,true,2,28,223
F,SKY_CITADEL,254,0.000095300,true,1,13,85
F,SKY_CITADEL,255,0.000099800,true,1,11,54
F,SKY_CITADEL,256,0.000094800,true,1,9,45
F,SKY_CITADEL,257,0.000190500,true,1,10,55
F,SKY_CITADEL,258,0.000085600,true,1,9,45
F,SKY_CITADEL,259,0.000090000,true,1,10,52
F,SKY_CITADEL,260,0.000265700,true,1,11,56
F,SKY_CITADEL,261,0.000114100,true,1,10,50
F,SKY_CITADEL,262,0.000103500,true,1,10,52
F,SKY_CITADEL,263,0.000114800,true,1,13,91
F,SKY_CITADEL,264,0.000143200,true,1,20,191
F,SKY_CITADEL,265,0.000095100,true,1,9,45
F,SKY_CITADEL,266,0.000252700,true,2,45,157
F,SKY_CITADEL,267,0.000090400,true,1,9,45
F,SKY_CITADEL,268,0.000128200,true,1,18,154
F,SKY_CITADEL,269,0.000115900,true,1,10,51
F,SKY_CITADEL,270,0.000099300,true,1,11,62
F,SKY_CITADEL,271,0.000101100,true,1,12,78
F,SKY_CITADEL,272,0.000104900,true,1,11,49
F,SKY_CITADEL,273,0.000094200,true,1,9,45
F,SKY_CITADEL,274,0.000098500,true,1,10,55
F,SKY_CITADEL,275,0.000256700,true,2,41,183
F,SKY_CITADEL,276,0.000086300,true,1,10,55
F,SKY_CITADEL,277,0.000179700,true,2,24,138
F,SKY_CITADEL,278,0.000098400,true,1,13,91
F,SKY_CITADEL,279,0.000088900,true,1,12,56
F,SKY_CITADEL,280,0.000108400,true,1,13,91
F,SKY_CITADEL,281,0.000090600,true,1,9,45
F,SKY_CITADEL,282,0.000126300,true,1,18,157
F,SKY_CITADEL,283,0.000128800,true,1,19,175
F,SKY_CITADEL,284,0.000205600,true,2,29,228
F,SKY_CITADEL,285,0.000206400,true,2,42,210
F,SKY_CITADEL,286,0.000101300,true,1,14,105
F,SKY_CITADEL,287,0.000084400,true,1,10,52
F,SKY_CITADEL,288,0.000092600,true,1,12,78
F,SKY_CITADEL,289,0.000088700,true,1,10,55
F,SKY_CITADEL,290,0.000093700,true,1,10,49
F,SKY_CITADEL,291,0.000098800,true,1,11,61
F,SKY_CITADEL,292,0.000094400,true,1,10,47
F,SKY_CITADEL,293,0.000108400,true,1,13,91
F,SKY_CITADEL,294,0.000090700,true,1,11,53
F,SKY_CITADEL,295,0.000080700,true,1,9,45
F,SKY_CITADEL,296,0.000210900,true,2,34,179
F,SKY_CITADEL,297,0.000094200,true,1,10,55
F,SKY_CITADEL,298,0.000119400,true,1,14,105
F,SKY_CITADEL,299,0.000097400,true,1,9,45
F,SKY_CITADEL,300,0.000107400,true,1,9,45
F,SKY_CITADEL,301,0.000106000,true,1,13,91
F,SKY_CITADEL,302,0.000096200,true,1,10,55
F,SKY_CITADEL,303,0.000110000,true,1,14,84
F,SKY_CITADEL,304,0.000108200,true,1,11,53
F,SKY_CITADEL,305,0.000127400,true,1,10,46
F,SKY_CITADEL,306,0.000224400,true,1,14,105
F,SKY_CITADEL,307,0.000182900,true,1,9,45
F,SKY_CITADEL,308,0.000176400,true,1,9,45
F,SKY_CITADEL,309,0.000202900,true,1,14,81
F,SKY_CITADEL,310,0.000134200,true,1,9,45
F,SKY_CITADEL,311,0.000158300,true,1,9,45
F,SKY_CITADEL,312,0.000193900,true,1,13,84
F,SKY_CITADEL,313,0.000220800,true,1,13,64
F,SKY_CITADEL,314,0.000255100,true,1,18,171
F,SKY_CITADEL,315,0.000180400,true,1,10,52
F,SKY_CITADEL,316,0.000150100,true,1,11,54
F,SKY_CITADEL,317,0.000100500,true,1,9,45
F,SKY_CITADEL,318,0.000124700,true,1,13,91
F,SKY_CITADEL,319,0.000100800,true,1,10,51
F,SKY_CITADEL,320,0.000106200,true,1,10,55
F,SKY_CITADEL,321,0.000097500,true,1,12,78
F,SKY_CITADEL,322,0.000092900,true,1,11,54
F,SKY_CITADEL,323,0.000088600,true,1,9,45
F,SKY_CITADEL,324,0.000118600,true,1,17,127
F,SKY_CITADEL,325,0.000107500,true,1,15,109
F,SKY_CITADEL,326,0.000088000,true,1,10,48
F,SKY_CITADEL,327,0.000103200,true,1,15,120
F,SKY_CITADEL,328,0.000206900,true,2,33,257
F,SKY_CITADEL,329,0.000117500,true,1,18,171
F,SKY_CITADEL,330,0.000081000,true,1,9,45
F,SKY_CITADEL,331,0.000099600,true,1,13,85
F,SKY_CITADEL,332,0.000086100,true,1,9,45
F,SKY_CITADEL,333,0.000180900,true,2,25,161
F,SKY_CITADEL,334,0.000087300,true,1,10,55
F,SKY_CITADEL,335,0.000080300,true,1,9,45
F,SKY_CITADEL,336,0.000084900,true,1,10,49
F,SKY_CITADEL,337,0.000091600,true,1,11,61
F,SKY_CITADEL,338,0.000087500,true,1,9,45
F,SKY_CITADEL,339,0.000083400,true,1,10,48
F,SKY_CITADEL,340,0.000085200,true,1,11,53
F,SKY_CITADEL,341,0.000095600,true,1,13,81
F,SKY_CITADEL,342,0.000081500,true,1,9,45
F,SKY_CITADEL,343,0.000091700,true,1,12,78
F,SKY_CITADEL,344,0.000085800,true,1,10,55
F,SKY_CITADEL,345,0.000105000,true,1,16,124
F,SKY_CITADEL,346,0.000095200,true,1,13,83
F,SKY_CITADEL,347,0.000081600,true,1,9,45
F,SKY_CITADEL,348,0.000103000,true,1,13,91
F,SKY_CITADEL,349,0.000117200,true,1,17,153
F,SKY_CITADEL,350,0.000105800,true,1,15,96
F,SKY_CITADEL,351,0.000089900,true,1,10,47
F,SKY_CITADEL,352,0.000083700,true,1,9,45
F,SKY_CITADEL,353,0.000083300,true,1,9,45
F,SKY_CITADEL,354,0.000086700,true,1,11,49
F,SKY_CITADEL,355,0.000080500,true,1,9,45
F,SKY_CITADEL,356,0.000095500,true,1,13,81
F,SKY_CITADEL,357,0.000081900,true,1,9,45
F,SKY_CITADEL,358,0.000222900,true,2,48,187
F,SKY_CITADEL,359,0.000192200,true,2,38,84
F,SKY_CITADEL,360,0.000083200,true,1,9,45
F,SKY_CITADEL,361,0.000078900,true,1,9,45
F,SKY_CITADEL,362,0.000086500,true,1,11,54
F,SKY_CITADEL,363,0.000082800,true,1,9,45
F,SKY_CITADEL,364,0.000084400,true,1,10,47
F,SKY_CITADEL,365,0.000085100,true,1,10,52
F,SKY_CITADEL,366,0.000085100,true,1,10,55
F,SKY_CITADEL,367,0.000086000,true,1,10,50
F,SKY_CITADEL,368,0.000116100,true,1,18,147
F,SKY_CITADEL,369,0.000101900,true,1,13,91
F,SKY_CITADEL,370,0.000117000,true,1,18,171
F,SKY_CITADEL,371,0.000083300,true,1,10,48
F,SKY_CITADEL,372,0.000084300,true,1,10,55
F,SKY_CITADEL,373,0.000095200,true,1,13,91
F,SKY_CITADEL,374,0.000108600,true,1,17,153
F,SKY_CITADEL,375,0.000122300,true,1,20,177
F,SKY_CITADEL,376,0.000080900,true,1,9,45
F,SKY_CITADEL,377,0.000109300,true,1,17,140
F,SKY_CITADEL,378,0.000097800,true,1,13,83
F,SKY_CITADEL,379,0.000082400,true,1,9,45
F,SKY_CITADEL,380,0.000079100,true,1,9,45
F,SKY_CITADEL,381,0.000084400,true,1,10,55
F,SKY_CITADEL,382,0.000091100,true,1,12,78
F,SKY_CITADEL,383,0.000081600,true,1,9,45
F,SKY_CITADEL,384,0.000091100,true,1,12,78
F,SKY_CITADEL,385,0.000081700,true,1,9,45
F,SKY_CITADEL,386,0.000100700,true,1,14,88
F,SKY_CITADEL,387,0.000101700,true,1,13,91
F,SKY_CITADEL,388,0.000088000,true,1,11,51
F,SKY_CITADEL,389,0.000085000,true,1,10,50
F,SKY_CITADEL,390,0.000095400,true,1,13,84
F,SKY_CITADEL,391,0.000208100,true,2,33,246
F,SKY_CITADEL,392,0.000079900,true,1,9,45
F,SKY_CITADEL,393,0.000082000,true,1,10,52
F,SKY_CITADEL,394,0.000180900,true,2,20,104
F,SKY_CITADEL,395,0.000082400,true,1,10,46
F,SKY_CITADEL,396,0.000078500,true,1,9,45
F,SKY_CITADEL,397,0.000092200,true,1,12,78
F,SKY_CITADEL,398,0.000226800,true,2,36,265
F,SKY_CITADEL,399,0.000101500,true,1,15,99
F,SKY_CITADEL,400,0.000085900,true,1,9,45
F,SKY_CITADEL,401,0.000088800,true,1,11,58
F,SKY_CITADEL,402,0.000095100,true,1,12,78
F,SKY_CITADEL,403,0.000086900,true,1,11,51
F,SKY_CITADEL,404,0.000085100,true,1,10,55
F,SKY_CITADEL,405,0.000095200,true,1,13,91
F,SKY_CITADEL,406,0.000183700,true,2,25,132
F,SKY_CITADEL,407,0.000083000,true,1,10,55
F,SKY_CITADEL,408,0.000080000,true,1,9,45
F,SKY_CITADEL,409,0.000086100,true,1,11,53
F,SKY_CITADEL,410,0.000103700,true,1,14,95
F,SKY_CITADEL,411,0.000081400,true,1,9,45
F,SKY_CITADEL,412,0.000213800,true,2,29,161
F,SKY_CITADEL,413,0.000081600,true,1,9,45
F,SKY_CITADEL,414,0.000208000,true,2,34,251
F,SKY_CITADEL,415,0.000112600,true,1,18,171
F,SKY_CITADEL,416,0.000088000,true,1,11,58
F,SKY_CITADEL,417,0.000083300,true,1,10,55
F,SKY_CITADEL,418,0.000084600,true,1,10,52
F,SKY_CITADEL,419,0.000090600,true,1,12,78
F,SKY_CITADEL,420,0.000091100,true,1,12,78
F,SKY_CITADEL,421,0.000109600,true,1,17,142
F,SKY_CITADEL,422,0.000080700,true,1,9,45
F,SKY_CITADEL,423,0.000141600,true,1,23,258
F,SKY_CITADEL,424,0.000181300,true,2,41,155
F,SKY_CITADEL,425,0.000083800,true,1,10,47
F,SKY_CITADEL,426,0.000083700,true,1,10,55
F,SKY_CITADEL,427,0.000098500,true,1,13,91
F,SKY_CITADEL,428,0.000086500,true,1,10,51
F,SKY_CITADEL,429,0.000091000,true,1,10,55
F,SKY_CITADEL,430,0.000086900,true,1,9,45
F,SKY_CITADEL,431,0.000090200,true,1,12,56
F,SKY_CITADEL,432,0.000090500,true,1,10,50
F,SKY_CITADEL,433,0.000176600,true,2,41,107
F,SKY_CITADEL,434,0.000123700,true,1,19,190
F,SKY_CITADEL,435,0.000111800,true,1,12,78
F,SKY_CITADEL,436,0.000100000,true,1,14,93
F,SKY_CITADEL,437,0.000092900,true,1,12,78
F,SKY_CITADEL,438,0.000087000,true,1,9,45
F,SKY_CITADEL,439,0.000084500,true,1,10,55
F,SKY_CITADEL,440,0.000103300,true,1,14,92
F,SKY_CITADEL,441,0.000515800,true,1,15,109
F,SKY_CITADEL,442,0.000208900,true,1,9,45
F,SKY_CITADEL,443,0.000174300,true,1,10,52
F,SKY_CITADEL,444,0.000149100,true,1,10,46
F,SKY_CITADEL,445,0.000173600,true,1,14,105
F,SKY_CITADEL,446,0.000331800,true,2,28,163
F,SKY_CITADEL,447,0.000092300,true,1,9,45
F,SKY_CITADEL,448,0.000093000,true,1,11,48
F,SKY_CITADEL,449,0.000093700,true,1,10,47
F,SKY_CITADEL,450,0.000171600,true,1,13,91
F,SKY_CITADEL,451,0.000110700,true,1,10,55
F,SKY_CITADEL,452,0.000103100,true,1,13,83
F,SKY_CITADEL,453,0.000189400,true,2,42,107
F,SKY_CITADEL,454,0.000127000,true,1,20,197
F,SKY_CITADEL,455,0.000117300,true,1,17,153
F,SKY_CITADEL,456,0.000086100,true,1,10,51
F,SKY_CITADEL,457,0.000082900,true,1,9,45
F,SKY_CITADEL,458,0.000094200,true,1,12,78
F,SKY_CITADEL,459,0.000094000,true,1,12,61
F,SKY_CITADEL,460,0.000093600,true,1,12,78
F,SKY_CITADEL,461,0.000082000,true,1,9,45
F,SKY_CITADEL,462,0.000094700,true,1,10,55
F,SKY_CITADEL,463,0.000087200,true,1,10,48
F,SKY_CITADEL,464,0.000110400,true,1,17,153
F,SKY_CITADEL,465,0.000109200,true,1,15,120
F,SKY_CITADEL,466,0.000086800,true,1,10,55
F,SKY_CITADEL,467,0.000080400,true,1,9,45
F,SKY_CITADEL,468,0.000118200,true,1,18,171
F,SKY_CITADEL,469,0.000104300,true,1,9,45
F,SKY_CITADEL,470,0.000094500,true,1,10,55
F,SKY_CITADEL,471,0.000092300,true,1,10,52
F,SKY_CITADEL,472,0.000085600,true,1,9,45
F,SKY_CITADEL,473,0.000090800,true,1,12,53
F,SKY_CITADEL,474,0.000087200,true,1,11,56
F,SKY_CITADEL,475,0.000084600,true,1,9,45
F,SKY_CITADEL,476,0.000099400,true,1,13,91
F,SKY_CITADEL,477,0.000085300,true,1,9,45
F,SKY_CITADEL,478,0.000101400,true,1,14,94
F,SKY_CITADEL,479,0.000089900,true,1,9,45
F,SKY_CITADEL,480,0.000270000,true,2,38,207
F,SKY_CITADEL,481,0.000227300,true,1,10,55
F,SKY_CITADEL,482,0.000262000,true,2,39,288
F,SKY_CITADEL,483,0.000130400,true,1,15,120
F,SKY_CITADEL,484,0.000106300,true,1,12,58
F,SKY_CITADEL,485,0.000097500,true,1,10,46
F,SKY_CITADEL,486,0.000093100,true,1,9,45
F,SKY_CITADEL,487,0.000120400,true,1,15,110
F,SKY_CITADEL,488,0.000092400,true,1,9,45
F,SKY_CITADEL,489,0.000098700,true,1,10,46
F,SKY_CITADEL,490,0.000092200,true,1,9,45
F,SKY_CITADEL,491,0.000095400,true,1,10,49
F,SKY_CITADEL,492,0.000095300,true,1,9,45
F,SKY_CITADEL,493,0.000151100,true,1,19,146
F,SKY_CITADEL,494,0.000102900,true,1,11,59
F,SKY_CITADEL,495,0.000102000,true,1,11,52
F,SKY_CITADEL,496,0.000121500,true,1,14,96
F,SKY_CITADEL,497,0.000114500,true,1,12,78
F,SKY_CITADEL,498,0.000136900,true,1,17,153
F,SKY_CITADEL,499,0.000112500,true,1,11,59
F,SKY_CITADEL,500,0.000088600,true,1,9,45
F,SKY_CITADEL,501,0.000081300,true,1,9,45
F,SKY_CITADEL,502,0.000081600,true,1,9,45
F,SKY_CITADEL,503,0.000083200,true,1,10,55
F,SKY_CITADEL,504,0.000085600,true,1,9,45
F,SKY_CITADEL,505,0.000122700,true,1,17,153
F,SKY_CITADEL,506,0.000106300,true,1,13,91
F,SKY_CITADEL,507,0.000090300,true,1,10,55
F,SKY_CITADEL,508,0.000336400,true,3,71,285
F,SKY_CITADEL,509,0.000093800,true,1,12,78
F,SKY_CITADEL,510,0.000114900,true,1,12,78
F,SKY_CITADEL,511,0.000080800,true,1,9,45
F,SKY_CITADEL,512,0.000097300,true,1,13,83
F,SKY_CITADEL,513,0.000122000,true,1,18,171
F,SKY_CITADEL,514,0.000086300,true,1,10,49
F,SKY_CITADEL,515,0.000106600,true,1,11,58
F,SKY_CITADEL,516,0.000095700,true,1,10,50
F,SKY_CITADEL,517,0.000098700,true,1,9,45
F,SKY_CITADEL,518,0.000127100,true,1,15,120
F,SKY_CITADEL,519,0.000302000,true,3,68,125
F,SKY_CITADEL,520,0.000078500,true,1,9,45
F,SKY_CITADEL,521,0.000204200,true,2,25,128
F,SKY_CITADEL,522,0.000093600,true,1,9,45
F,SKY_CITADEL,523,0.000104900,true,1,12,61
F,SKY_CITADEL,524,0.000112700,true,1,13,91
F,SKY_CITADEL,525,0.000092100,true,1,9,45
F,SKY_CITADEL,526,0.000095500,true,1,10,55
F,SKY_CITADEL,527,0.000107200,true,1,12,78
F,SKY_CITADEL,528,0.000094800,true,1,9,45
F,SKY_CITADEL,529,0.000121800,true,1,10,55
F,SKY_CITADEL,530,0.000216700,true,1,17,127
F,SKY_CITADEL,531,0.000196200,true,1,9,45
F,SKY_CITADEL,532,0.000160700,true,1,9,45
F,SKY_CITADEL,533,0.000180200,true,1,12,78
F,SKY_CITADEL,534,0.000171900,true,1,10,46
F,SKY_CITADEL,535,0.000172100,true,1,10,55
F,SKY_CITADEL,536,0.000159300,true,1,9,45
F,SKY_CITADEL,537,0.000175400,true,1,10,51
F,SKY_CITADEL,538,0.000177800,true,1,12,51
F,SKY_CITADEL,539,0.000153900,true,1,9,45
F,SKY_CITADEL,540,0.000187500,true,1,13,91
F,SKY_CITADEL,541,0.000098500,true,1,10,55
F,SKY_CITADEL,542,0.000231100,true,2,28,196
F,SKY_CITADEL,543,0.000113300,true,1,13,91
F,SKY_CITADEL,544,0.000103700,true,1,14,105
F,SKY_CITADEL,545,0.000091200,true,1,13,68
F,SKY_CITADEL,546,0.000084300,true,1,10,49
F,SKY_CITADEL,547,0.000086100,true,1,10,55
F,SKY_CITADEL,548,0.000084200,true,1,10,55
F,SKY_CITADEL,549,0.000098600,true,1,12,78
F,SKY_CITADEL,550,0.000091800,true,1,12,78
F,SKY_CITADEL,551,0.000097700,true,1,12,78
F,SKY_CITADEL,552,0.000087000,true,1,11,61
F,SKY_CITADEL,553,0.000084600,true,1,10,48
F,SKY_CITADEL,554,0.000097500,true,1,13,91
F,SKY_CITADEL,555,0.000081600,true,1,9,45
F,SKY_CITADEL,556,0.000081400,true,1,9,45
F,SKY_CITADEL,557,0.000104400,true,1,15,120
F,SKY_CITADEL,558,0.000200700,true,2,38,89
F,SKY_CITADEL,559,0.000101600,true,1,14,96
F,SKY_CITADEL,560,0.000242000,true,2,36,175
F,SKY_CITADEL,561,0.000256400,true,2,40,332
F,SKY_CITADEL,562,0.000087300,true,1,9,45
F,SKY_CITADEL,563,0.000080900,true,1,9,45
F,SKY_CITADEL,564,0.000083800,true,1,10,49
F,SKY_CITADEL,565,0.000083900,true,1,10,51
F,SKY_CITADEL,566,0.000082700,true,1,9,45
F,SKY_CITADEL,567,0.000432700,true,4,89,423
F,SKY_CITADEL,568,0.000087700,true,1,11,53
F,SKY_CITADEL,569,0.000083300,true,1,10,47
F,SKY_CITADEL,570,0.000088500,true,1,10,48
F,SKY_CITADEL,571,0.000088300,true,1,10,55
F,SKY_CITADEL,572,0.000100200,true,1,12,78
F,SKY_CITADEL,573,0.000193900,true,2,39,114
F,SKY_CITADEL,574,0.000094500,true,1,13,91
F,SKY_CITADEL,575,0.000088600,true,1,11,56
F,SKY_CITADEL,576,0.000087900,true,1,11,62
F,SKY_CITADEL,577,0.000098600,true,1,13,91
F,SKY_CITADEL,578,0.000101000,true,1,14,94
F,SKY_CITADEL,579,0.000090400,true,1,12,63
F,SKY_CITADEL,580,0.000085800,true,1,10,50
F,SKY_CITADEL,581,0.000081000,true,1,9,45
F,SKY_CITADEL,582,0.000094100,true,1,13,80
F,SKY_CITADEL,583,0.000225000,true,2,39,362
F,SKY_CITADEL,584,0.000081300,true,1,9,45
F,SKY_CITADEL,585,0.000090700,true,1,11,58
F,SKY_CITADEL,586,0.000092300,true,1,12,78
F,SKY_CITADEL,587,0.000097700,true,1,12,78
F,SKY_CITADEL,588,0.000083800,true,1,10,55
F,SKY_CITADEL,589,0.000081800,true,1,9,45
F,SKY_CITADEL,590,0.000082800,true,1,9,45
F,SKY_CITADEL,591,0.000101200,true,1,14,98
F,SKY_CITADEL,592,0.000101100,true,1,13,91
F,SKY_CITADEL,593,0.000086800,true,1,11,60
F,SKY_CITADEL,594,0.000084300,true,1,9,45
F,SKY_CITADEL,595,0.000096700,true,1,13,91
F,SKY_CITADEL,596,0.000095000,true,1,11,54
F,SKY_CITADEL,597,0.000086000,true,1,10,55
F,SKY_CITADEL,598,0.000080100,true,1,9,45
F,SKY_CITADEL,599,0.000099100,true,1,13,91
F,SKY_CITADEL,600,0.000112400,true,1,16,123
F,SKY_CITADEL,601,0.000084400,true,1,9,45
F,SKY_CITADEL,602,0.000119800,true,1,18,171
F,SKY_CITADEL,603,0.000110600,true,1,16,136
F,SKY_CITADEL,604,0.000093800,true,1,12,78
F,SKY_CITADEL,605,0.000090700,true,1,12,78
F,SKY_CITADEL,606,0.000083400,true,1,10,47
F,SKY_CITADEL,607,0.000080300,true,1,9,45
F,SKY_CITADEL,608,0.000086700,true,1,10,55
F,SKY_CITADEL,609,0.000083100,true,1,9,45
F,SKY_CITADEL,610,0.000089500,true,1,10,49
F,SKY_CITADEL,611,0.000099600,true,1,13,91
F,SKY_CITADEL,612,0.000084700,true,1,9,45
F,SKY_CITADEL,613,0.000079000,true,1,9,45
F,SKY_CITADEL,614,0.000099500,true,1,14,105
F,SKY_CITADEL,615,0.000094800,true,1,13,91
F,SKY_CITADEL,616,0.000082500,true,1,9,45
F,SKY_CITADEL,617,0.000083800,true,1,10,47
F,SKY_CITADEL,618,0.000084500,true,1,9,45
F,SKY_CITADEL,619,0.000217200,true,2,36,255
F,SKY_CITADEL,620,0.000095900,true,1,13,79
F,SKY_CITADEL,621,0.000089300,true,1,10,51
F,SKY_CITADEL,622,0.000086500,true,1,11,57
F,SKY_CITADEL,623,0.000083100,true,1,10,50
F,SKY_CITADEL,624,0.000102000,true,1,15,96
F,SKY_CITADEL,625,0.000092000,true,1,12,78
F,SKY_CITADEL,626,0.000080800,true,1,9,45
F,SKY_CITADEL,627,0.000080500,true,1,9,45
F,SKY_CITADEL,628,0.000087600,true,1,11,49
F,SKY_CITADEL,629,0.000080600,true,1,9,45
F,SKY_CITADEL,630,0.000110800,true,1,18,140
F,SKY_CITADEL,631,0.000085500,true,1,9,45
F,SKY_CITADEL,632,0.000081700,true,1,9,45
F,SKY_CITADEL,633,0.000107300,true,1,15,120
F,SKY_CITADEL,634,0.000102500,true,1,13,91
F,SKY_CITADEL,635,0.000098500,true,1,14,105
F,SKY_CITADEL,636,0.000115600,true,1,19,190
F,SKY_CITADEL,637,0.000083000,true,1,9,45
F,SKY_CITADEL,638,0.000083800,true,1,10,55
F,SKY_CITADEL,639,0.000265800,true,2,33,280
F,SKY_CITADEL,640,0.000092900,true,1,12,78
F,SKY_CITADEL,641,0.000086100,true,1,10,47
F,SKY_CITADEL,642,0.000082600,true,1,10,55
F,SKY_CITADEL,643,0.000087900,true,1,11,60
F,SKY_CITADEL,644,0.000098000,true,1,14,89
F,SKY_CITADEL,645,0.000084100,true,1,10,48
F,SKY_CITADEL,646,0.000093300,true,1,12,78
F,SKY_CITADEL,647,0.000180700,true,2,24,138
F,SKY_CITADEL,648,0.000202100,true,2,40,124
F,SKY_CITADEL,649,0.000102000,true,1,14,96
F,SKY_CITADEL,650,0.000080400,true,1,9,45
F,SKY_CITADEL,651,0.000095500,true,1,14,95
F,SKY_CITADEL,652,0.000103500,true,1,16,108
F,SKY_CITADEL,653,0.000082100,true,1,9,45
F,SKY_CITADEL,654,0.000084900,true,1,10,47
F,SKY_CITADEL,655,0.000080800,true,1,9,45
F,SKY_CITADEL,656,0.000095200,true,1,13,91
F,SKY_CITADEL,657,0.000079700,true,1,9,45
F,SKY_CITADEL,658,0.000182200,true,2,41,200
F,SKY_CITADEL,659,0.000080800,true,1,9,45
F,SKY_CITADEL,660,0.000098600,true,1,14,84
F,SKY_CITADEL,661,0.000098400,true,1,14,92
F,SKY_CITADEL,662,0.000090100,true,1,9,45
F,SKY_CITADEL,663,0.000094400,true,1,12,78
F,SKY_CITADEL,664,0.000108400,true,1,16,136
F,SKY_CITADEL,665,0.000091700,true,1,12,57
F,SKY_CITADEL,666,0.000081200,true,1,9,45
F,SKY_CITADEL,667,0.000095500,true,1,13,91
F,SKY_CITADEL,668,0.000101000,true,1,14,98
F,SKY_CITADEL,669,0.000090700,true,1,11,56
F,SKY_CITADEL,670,0.000084000,true,1,9,45
F,SKY_CITADEL,671,0.000081600,true,1,9,45
F,SKY_CITADEL,672,0.000176700,true,2,43,115
F,SKY_CITADEL,673,0.000085800,true,1,10,46
F,SKY_CITADEL,674,0.000082900,true,1,10,51
F,SKY_CITADEL,675,0.000233100,true,2,42,120
F,SKY_CITADEL,676,0.000091900,true,1,12,78
F,SKY_CITADEL,677,0.000084500,true,1,10,51
F,SKY_CITADEL,678,0.000125200,true,1,20,180
F,SKY_CITADEL,679,0.000093300,true,1,12,78
F,SKY_CITADEL,680,0.000081100,true,1,9,45
F,SKY_CITADEL,681,0.000189100,true,2,40,98
F,SKY_CITADEL,682,0.000084300,true,1,9,45
F,SKY_CITADEL,683,0.000208300,true,2,35,234
F,SKY_CITADEL,684,0.000082700,true,1,9,45
F,SKY_CITADEL,685,0.000095500,true,1,13,91
F,SKY_CITADEL,686,0.000299400,true,3,70,193
F,SKY_CITADEL,687,0.000287000,true,2,38,198
F,SKY_CITADEL,688,0.000096400,true,1,13,91
F,SKY_CITADEL,689,0.000216100,true,2,35,258
F,SKY_CITADEL,690,0.000098300,true,1,10,48
F,SKY_CITADEL,691,0.000094100,true,1,10,47
F,SKY_CITADEL,692,0.000307200,true,2,29,196
F,SKY_CITADEL,693,0.000093200,true,1,9,45
F,SKY_CITADEL,694,0.000114400,true,1,12,78
F,SKY_CITADEL,695,0.000098800,true,1,10,55
F,SKY_CITADEL,696,0.000097100,true,1,9,45
F,SKY_CITADEL,697,0.000251200,true,2,33,182
F,SKY_CITADEL,698,0.000093100,true,1,9,45
F,SKY_CITADEL,699,0.000098400,true,1,11,62
F,SKY_CITADEL,700,0.000237600,true,2,29,195
F,SKY_CITADEL,701,0.000090000,true,1,9,45
F,SKY_CITADEL,702,0.000096200,true,1,11,52
F,SKY_CITADEL,703,0.000097000,true,1,9,45
F,SKY_CITADEL,704,0.000088800,true,1,9,45
F,SKY_CITADEL,705,0.000402800,true,1,10,51
F,SKY_CITADEL,706,0.000196400,true,1,10,46
F,SKY_CITADEL,707,0.000223000,true,1,15,98
F,SKY_CITADEL,708,0.000194500,true,1,10,50
F,SKY_CITADEL,709,0.000149300,true,1,13,91
F,SKY_CITADEL,710,0.000222800,true,2,34,125
F,SKY_CITADEL,711,0.000244200,true,2,29,219
F,SKY_CITADEL,712,0.000170800,true,1,9,45
F,SKY_CITADEL,713,0.000115100,true,1,10,55
F,SKY_CITADEL,714,0.000119800,true,1,14,85
F,SKY_CITADEL,715,0.000296500,true,1,11,50
F,SKY_CITADEL,716,0.000116500,true,1,9,45
F,SKY_CITADEL,717,0.000165600,true,1,12,78
F,SKY_CITADEL,718,0.000164900,true,1,10,46
F,SKY_CITADEL,719,0.000166900,true,1,9,45
F,SKY_CITADEL,720,0.000469200,true,2,34,277
F,SKY_CITADEL,721,0.000097400,true,1,9,45
F,SKY_CITADEL,722,0.000090200,true,1,10,48
F,SKY_CITADEL,723,0.000084000,true,1,9,45
F,SKY_CITADEL,724,0.000182500,true,1,13,81
F,SKY_CITADEL,725,0.000125500,true,1,10,55
F,SKY_CITADEL,726,0.000117900,true,1,13,91
F,SKY_CITADEL,727,0.000098500,true,1,9,45
F,SKY_CITADEL,728,0.000171800,true,1,11,59
F,SKY_CITADEL,729,0.000167700,true,2,20,95
F,SKY_CITADEL,730,0.000114100,true,1,15,120
F,SKY_CITADEL,731,0.000105400,true,1,15,120
F,SKY_CITADEL,732,0.000090900,true,1,9,45
F,SKY_CITADEL,733,0.000114500,true,1,14,90
F,SKY_CITADEL,734,0.000111300,true,1,12,78
F,SKY_CITADEL,735,0.000101200,true,1,9,45
F,SKY_CITADEL,736,0.000100300,true,1,11,61
F,SKY_CITADEL,737,0.000092000,true,1,9,45
F,SKY_CITADEL,738,0.000157700,true,1,9,45
F,SKY_CITADEL,739,0.000116600,true,1,13,80
F,SKY_CITADEL,740,0.000114600,true,1,10,55
F,SKY_CITADEL,741,0.000601400,true,2,41,135
F,SKY_CITADEL,742,0.000247300,true,1,14,105
F,SKY_CITADEL,743,0.000219400,true,1,9,45
F,SKY_CITADEL,744,0.000261800,true,1,9,45
F,SKY_CITADEL,745,0.000384600,true,2,44,134
F,SKY_CITADEL,746,0.000158100,true,1,9,45
F,SKY_CITADEL,747,0.000298200,true,1,10,49
F,SKY_CITADEL,748,0.000260900,true,1,14,105
F,SKY_CITADEL,749,0.000181900,true,1,10,55
F,SKY_CITADEL,750,0.000164600,true,1,11,51
F,SKY_CITADEL,751,0.000150200,true,1,11,56
F,SKY_CITADEL,752,0.000126500,true,1,13,81
F,SKY_CITADEL,753,0.000099300,true,1,9,45
F,SKY_CITADEL,754,0.000104600,true,1,9,45
F,SKY_CITADEL,755,0.000090600,true,1,11,56
F,SKY_CITADEL,756,0.000164800,true,2,19,89
F,SKY_CITADEL,757,0.000081600,true,1,9,45
F,SKY_CITADEL,758,0.000097900,true,1,13,84
F,SKY_CITADEL,759,0.000312200,true,2,47,192
F,SKY_CITADEL,760,0.000105600,true,1,11,62
F,SKY_CITADEL,761,0.000113000,true,1,15,101
F,SKY_CITADEL,762,0.000096000,true,1,10,55
F,SKY_CITADEL,763,0.000087100,true,1,9,45
F,SKY_CITADEL,764,0.000087100,true,1,10,52
F,SKY_CITADEL,765,0.000086800,true,1,10,49
F,SKY_CITADEL,766,0.000085900,true,1,9,45
F,SKY_CITADEL,767,0.000125000,true,1,20,193
F,SKY_CITADEL,768,0.000084700,true,1,9,45
F,SKY_CITADEL,769,0.000083600,true,1,9,45
F,SKY_CITADEL,770,0.000228500,true,2,31,220
F,SKY_CITADEL,771,0.000101300,true,1,14,95
F,SKY_CITADEL,772,0.000106100,true,1,12,78
F,SKY_CITADEL,773,0.000238100,true,2,22,129
F,SKY_CITADEL,774,0.000100900,true,1,12,78
F,SKY_CITADEL,775,0.000098300,true,1,13,85
F,SKY_CITADEL,776,0.000086600,true,1,9,45
F,SKY_CITADEL,777,0.000182300,true,2,41,107
F,SKY_CITADEL,778,0.000085400,true,1,9,45
F,SKY_CITADEL,779,0.000096400,true,1,13,81
F,SKY_CITADEL,780,0.000091100,true,1,9,45
F,SKY_CITADEL,781,0.000083800,true,1,9,45
F,SKY_CITADEL,782,0.000087500,true,1,10,48
F,SKY_CITADEL,783,0.000090200,true,1,10,51
F,SKY_CITADEL,784,0.000252200,true,2,43,283
F,SKY_CITADEL,785,0.000098800,true,1,13,91
F,SKY_CITADEL,786,0.000111400,true,1,17,130
F,SKY_CITADEL,787,0.000091100,true,1,10,47
F,SKY_CITADEL,788,0.000090700,true,1,10,49
F,SKY_CITADEL,789,0.000107600,true,1,14,98
F,SKY_CITADEL,790,0.000086800,true,1,9,45
F,SKY_CITADEL,791,0.000097200,true,1,9,45
F,SKY_CITADEL,792,0.000101300,true,1,11,56
F,SKY_CITADEL,793,0.000106200,true,1,12,78
F,SKY_CITADEL,794,0.000092600,true,1,9,45
F,SKY_CITADEL,795,0.000106700,true,1,13,91
F,SKY_CITADEL,796,0.000122000,true,1,17,137
F,SKY_CITADEL,797,0.000091400,true,1,11,51
F,SKY_CITADEL,798,0.000100700,true,1,13,91
F,SKY_CITADEL,799,0.000095700,true,1,10,48
F,SKY_CITADEL,800,0.000089200,true,1,10,46
F,SKY_CITADEL,801,0.000097700,true,1,13,91
F,SKY_CITADEL,802,0.000089100,true,1,10,55
F,SKY_CITADEL,803,0.000083300,true,1,9,45
F,SKY_CITADEL,804,0.000108800,true,1,14,92
F,SKY_CITADEL,805,0.000087600,true,1,9,45
F,SKY_CITADEL,806,0.000128400,true,1,17,143
F,SKY_CITADEL,807,0.000087600,true,1,9,45
F,SKY_CITADEL,808,0.000095700,true,1,10,55
F,SKY_CITADEL,809,0.000217600,true,2,33,235
F,SKY_CITADEL,810,0.000089800,true,1,10,55
F,SKY_CITADEL,811,0.000126000,true,1,12,59
F,SKY_CITADEL,812,0.000290300,true,3,50,170
F,SKY_CITADEL,813,0.000085800,true,1,10,50
F,SKY_CITADEL,814,0.000092000,true,1,13,60
F,SKY_CITADEL,815,0.000083200,true,1,9,45
F,SKY_CITADEL,816,0.000111500,true,1,17,153
F,SKY_CITADEL,817,0.000097200,true,1,11,61
F,SKY_CITADEL,818,0.000090200,true,1,10,55
F,SKY_CITADEL,819,0.000078700,true,1,9,45
F,SKY_CITADEL,820,0.000127200,true,1,20,193
F,SKY_CITADEL,821,0.000084700,true,1,9,45
F,SKY_CITADEL,822,0.000084600,true,1,9,45
F,SKY_CITADEL,823,0.000098600,true,1,13,91
F,SKY_CITADEL,824,0.000098300,true,1,13,91
F,SKY_CITADEL,825,0.000097100,true,1,12,78
F,SKY_CITADEL,826,0.000089200,true,1,10,55
F,SKY_CITADEL,827,0.000087200,true,1,9,45
F,SKY_CITADEL,828,0.000088000,true,1,9,45
F,SKY_CITADEL,829,0.000085900,true,1,11,51
F,SKY_CITADEL,830,0.000091800,true,1,9,45
F,SKY_CITADEL,831,0.000096800,true,1,12,78
F,SKY_CITADEL,832,0.000082400,true,1,10,55
F,SKY_CITADEL,833,0.000095000,true,1,12,78
F,SKY_CITADEL,834,0.000106600,true,1,15,120
F,SKY_CITADEL,835,0.000101400,true,1,14,84
F,SKY_CITADEL,836,0.000085500,true,1,9,45
F,SKY_CITADEL,837,0.000098100,true,1,13,91
F,SKY_CITADEL,838,0.000100100,true,1,13,91
F,SKY_CITADEL,839,0.000115700,true,1,11,57
F,SKY_CITADEL,840,0.000238300,true,2,45,239
F,SKY_CITADEL,841,0.000085000,true,1,10,46
F,SKY_CITADEL,842,0.000088500,true,1,11,57
F,SKY_CITADEL,843,0.000083200,true,1,9,45
F,SKY_CITADEL,844,0.000096300,true,1,12,78
F,SKY_CITADEL,845,0.000098700,true,1,12,61
F,SKY_CITADEL,846,0.000084900,true,1,10,48
F,SKY_CITADEL,847,0.000081300,true,1,9,45
F,SKY_CITADEL,848,0.000221900,true,2,36,284
F,SKY_CITADEL,849,0.000083300,true,1,10,46
F,SKY_CITADEL,850,0.000103000,true,1,15,120
F,SKY_CITADEL,851,0.000092900,true,1,12,78
F,SKY_CITADEL,852,0.000086700,true,1,11,56
F,SKY_CITADEL,853,0.000081900,true,1,9,45
F,SKY_CITADEL,854,0.000082500,true,1,9,45
F,SKY_CITADEL,855,0.000083300,true,1,9,45
F,SKY_CITADEL,856,0.000083200,true,1,10,50
F,SKY_CITADEL,857,0.000096900,true,1,14,95
F,SKY_CITADEL,858,0.000100400,true,1,13,91
F,SKY_CITADEL,859,0.000106100,true,1,16,109
F,SKY_CITADEL,860,0.000089200,true,1,9,45
F,SKY_CITADEL,861,0.000100500,true,1,13,91
F,SKY_CITADEL,862,0.000085400,true,1,9,45
F,SKY_CITADEL,863,0.000203800,true,2,32,226
F,SKY_CITADEL,864,0.000082600,true,1,10,52
F,SKY_CITADEL,865,0.000104500,true,1,15,120
F,SKY_CITADEL,866,0.000094900,true,1,13,91
F,SKY_CITADEL,867,0.000089700,true,1,12,63
F,SKY_CITADEL,868,0.000081000,true,1,9,45
F,SKY_CITADEL,869,0.000091200,true,1,12,78
F,SKY_CITADEL,870,0.000098500,true,1,12,67
F,SKY_CITADEL,871,0.000081200,true,1,9,45
F,SKY_CITADEL,872,0.000083900,true,1,10,47
F,SKY_CITADEL,873,0.000088300,true,1,10,52
F,SKY_CITADEL,874,0.000091800,true,1,10,48
F,SKY_CITADEL,875,0.000085100,true,1,9,45
F,SKY_CITADEL,876,0.000107200,true,1,13,91
F,SKY_CITADEL,877,0.000097600,true,1,10,50
F,SKY_CITADEL,878,0.000109600,true,1,15,109
F,SKY_CITADEL,879,0.000104500,true,1,15,120
F,SKY_CITADEL,880,0.000205900,true,2,30,231
F,SKY_CITADEL,881,0.000117200,true,1,18,171
F,SKY_CITADEL,882,0.000088600,true,1,11,62
F,SKY_CITADEL,883,0.000085600,true,1,10,47
F,SKY_CITADEL,884,0.000084200,true,1,10,49
F,SKY_CITADEL,885,0.000081200,true,1,9,45
F,SKY_CITADEL,886,0.000085400,true,1,10,46
F,SKY_CITADEL,887,0.000089300,true,1,10,55
F,SKY_CITADEL,888,0.000104800,true,1,9,45
F,SKY_CITADEL,889,0.000109900,true,1,14,94
F,SKY_CITADEL,890,0.000178600,true,2,41,98
F,SKY_CITADEL,891,0.000259100,true,3,50,241
F,SKY_CITADEL,892,0.000086800,true,1,11,61
F,SKY_CITADEL,893,0.000185100,true,2,37,81
F,SKY_CITADEL,894,0.000173700,true,1,10,46
F,SKY_CITADEL,895,0.000093200,true,1,11,57
F,SKY_CITADEL,896,0.000255800,true,2,45,190
F,SKY_CITADEL,897,0.000104000,true,1,9,45
F,SKY_CITADEL,898,0.000242500,true,1,13,83
F,SKY_CITADEL,899,0.000199200,true,1,10,50
F,SKY_CITADEL,900,0.000181800,true,1,9,45
F,SKY_CITADEL,901,0.000132800,true,1,12,78
F,SKY_CITADEL,902,0.000106200,true,1,10,49
F,SKY_CITADEL,903,0.000096300,true,1,9,45
F,SKY_CITADEL,904,0.000136500,true,1,19,174
F,SKY_CITADEL,905,0.000106200,true,1,12,78
F,SKY_CITADEL,906,0.000104700,true,1,12,78
F,SKY_CITADEL,907,0.000106600,true,1,12,78
F,SKY_CITADEL,908,0.000117400,true,1,15,120
F,SKY_CITADEL,909,0.000094200,true,1,9,45
F,SKY_CITADEL,910,0.000114100,true,1,13,91
F,SKY_CITADEL,911,0.000101500,true,1,9,45
F,SKY_CITADEL,912,0.000100900,true,1,9,45
F,SKY_CITADEL,913,0.000103500,true,1,9,45
F,SKY_CITADEL,914,0.000121100,true,1,13,91
F,SKY_CITADEL,915,0.000089000,true,1,10,55
F,SKY_CITADEL,916,0.000084500,true,1,10,49
F,SKY_CITADEL,917,0.000084800,true,1,10,52
F,SKY_CITADEL,918,0.000217500,true,2,36,273
F,SKY_CITADEL,919,0.000099200,true,1,11,58
F,SKY_CITADEL,920,0.000100100,true,1,13,59
F,SKY_CITADEL,921,0.000111500,true,1,14,94
F,SKY_CITADEL,922,0.000107300,true,1,12,78
F,SKY_CITADEL,923,0.000201500,true,2,26,168
F,SKY_CITADEL,924,0.000084100,true,1,10,55
F,SKY_CITADEL,925,0.000102900,true,1,10,49
F,SKY_CITADEL,926,0.000101700,true,1,13,85
F,SKY_CITADEL,927,0.000084300,true,1,9,45
F,SKY_CITADEL,928,0.000084100,true,1,9,45
F,SKY_CITADEL,929,0.000118000,true,1,17,153
F,SKY_CITADEL,930,0.000340400,true,2,38,184
F,SKY_CITADEL,931,0.000107600,true,1,10,46
F,SKY_CITADEL,932,0.000129800,true,1,13,91
F,SKY_CITADEL,933,0.000097200,true,1,10,55
F,SKY_CITADEL,934,0.000094100,true,1,10,49
F,SKY_CITADEL,935,0.000088400,true,1,10,46
F,SKY_CITADEL,936,0.000094300,true,1,10,48
F,SKY_CITADEL,937,0.000092100,true,1,9,45
F,SKY_CITADEL,938,0.000109300,true,1,12,78
F,SKY_CITADEL,939,0.000123200,true,1,15,106
F,SKY_CITADEL,940,0.000099500,true,1,9,45
F,SKY_CITADEL,941,0.000099700,true,1,10,50
F,SKY_CITADEL,942,0.000132000,true,1,18,157
F,SKY_CITADEL,943,0.000278400,true,2,37,260
F,SKY_CITADEL,944,0.000167100,true,1,15,92
F,SKY_CITADEL,945,0.000182500,true,1,10,52
F,SKY_CITADEL,946,0.000179500,true,1,9,45
F,SKY_CITADEL,947,0.000197400,true,1,9,45
F,SKY_CITADEL,948,0.000230400,true,1,11,57
F,SKY_CITADEL,949,0.000148400,true,1,10,55
F,SKY_CITADEL,950,0.000165200,true,1,9,45
F,SKY_CITADEL,951,0.000192100,true,1,14,84
F,SKY_CITADEL,952,0.000159400,true,1,9,45
F,SKY_CITADEL,953,0.000457300,true,2,38,171
F,SKY_CITADEL,954,0.000196700,true,1,14,105
F,SKY_CITADEL,955,0.000248500,true,2,32,234
F,SKY_CITADEL,956,0.000110800,true,1,9,45
F,SKY_CITADEL,957,0.000265500,true,2,39,240
F,SKY_CITADEL,958,0.000082300,true,1,9,45
F,SKY_CITADEL,959,0.000098200,true,1,14,98
F,SKY_CITADEL,960,0.000095000,true,1,12,78
F,SKY_CITADEL,961,0.000080700,true,1,9,45
F,SKY_CITADEL,962,0.000091900,true,1,12,78
F,SKY_CITADEL,963,0.000120800,true,1,10,50
F,SKY_CITADEL,964,0.000106100,true,1,9,45
F,SKY_CITADEL,965,0.000116000,true,1,15,120
F,SKY_CITADEL,966,0.000100600,true,1,13,81
F,SKY_CITADEL,967,0.000083500,true,1,9,45
F,SKY_CITADEL,968,0.000087500,true,1,10,47
F,SKY_CITADEL,969,0.000083400,true,1,10,55
F,SKY_CITADEL,970,0.000101300,true,1,14,91
F,SKY_CITADEL,971,0.000084700,true,1,10,55
F,SKY_CITADEL,972,0.000083300,true,1,9,45
F,SKY_CITADEL,973,0.000088200,true,1,10,52
F,SKY_CITADEL,974,0.000084000,true,1,9,45
F,SKY_CITADEL,975,0.000081000,true,1,9,45
F,SKY_CITADEL,976,0.000087500,true,1,11,51
F,SKY_CITADEL,977,0.000237300,true,2,42,140
F,SKY_CITADEL,978,0.000082200,true,1,9,45
F,SKY_CITADEL,979,0.000099500,true,1,13,84
F,SKY_CITADEL,980,0.000084900,true,1,10,46
F,SKY_CITADEL,981,0.000089800,true,1,11,49
F,SKY_CITADEL,982,0.000096200,true,1,12,78
F,SKY_CITADEL,983,0.000085200,true,1,9,45
F,SKY_CITADEL,984,0.000089400,true,1,11,50
F,SKY_CITADEL,985,0.000111900,true,1,17,153
F,SKY_CITADEL,986,0.000227900,true,2,40,105
F,SKY_CITADEL,987,0.000086700,true,1,10,55
F,SKY_CITADEL,988,0.000103900,true,1,13,91
F,SKY_CITADEL,989,0.000090200,true,1,11,56
F,SKY_CITADEL,990,0.000098000,true,1,14,98
F,SKY_CITADEL,991,0.000185800,true,1,10,55
F,SKY_CITADEL,992,0.000169400,true,1,10,47
F,SKY_CITADEL,993,0.000162100,true,1,9,45
F,SKY_CITADEL,994,0.000216100,true,1,17,153
F,SKY_CITADEL,995,0.000154700,true,1,9,45
F,SKY_CITADEL,996,0.000354300,true,2,25,137
F,SKY_CITADEL,997,0.000169100,true,1,10,55
F,SKY_CITADEL,998,0.000136700,true,1,11,61
F,SKY_CITADEL,999,0.000096700,true,1,10,55
F,SKY_CITADEL,1000,0.000127300,true,1,12,78
F,ETHEREAL_SCAPE,1,0.000215500,true,1,10,672
F,ETHEREAL_SCAPE,2,0.000231500,true,1,10,738
F,ETHEREAL_SCAPE,3,0.000246200,true,1,15,1101
F,ETHEREAL_SCAPE,4,0.000184500,true,1,10,758
F,ETHEREAL_SCAPE,5,0.000195800,true,1,9,768
F,ETHEREAL_SCAPE,6,0.000312500,true,2,21,819
F,ETHEREAL_SCAPE,7,0.000231200,true,1,14,999
F,ETHEREAL_SCAPE,8,0.000321600,true,2,29,951
F,ETHEREAL_SCAPE,9,0.000227500,true,1,9,804
F,ETHEREAL_SCAPE,10,0.000178300,true,1,9,721
F,ETHEREAL_SCAPE,11,0.000329100,true,2,29,1007
F,ETHEREAL_SCAPE,12,0.000277800,true,2,19,805
F,ETHEREAL_SCAPE,13,0.000201500,true,1,9,802
F,ETHEREAL_SCAPE,14,0.000310900,true,1,13,1019
F,ETHEREAL_SCAPE,15,0.000397700,true,2,26,1214
F,ETHEREAL_SCAPE,16,0.000219100,true,1,10,820
F,ETHEREAL_SCAPE,17,0.000236500,true,1,13,989
F,ETHEREAL_SCAPE,18,0.000308600,true,2,22,933
F,ETHEREAL_SCAPE,19,0.000267100,true,1,9,755
F,ETHEREAL_SCAPE,20,0.000204200,true,1,9,776
F,ETHEREAL_SCAPE,21,0.000270000,true,2,22,835
F,ETHEREAL_SCAPE,22,0.000317100,true,2,41,904
F,ETHEREAL_SCAPE,23,0.000197300,true,1,11,778
F,ETHEREAL_SCAPE,24,0.000199200,true,1,12,929
F,ETHEREAL_SCAPE,25,0.000172600,true,1,11,671
F,ETHEREAL_SCAPE,26,0.000229700,true,1,12,1049
F,ETHEREAL_SCAPE,27,0.000190400,true,1,10,648
F,ETHEREAL_SCAPE,28,0.000191500,true,1,10,779
F,ETHEREAL_SCAPE,29,0.000209900,true,1,9,915
F,ETHEREAL_SCAPE,30,0.000213000,true,1,14,914
F,ETHEREAL_SCAPE,31,0.000578400,true,3,40,977
F,ETHEREAL_SCAPE,32,0.000425000,true,1,9,760
F,ETHEREAL_SCAPE,33,0.000321700,true,1,9,806
F,ETHEREAL_SCAPE,34,0.000333100,true,1,10,901
F,ETHEREAL_SCAPE,35,0.000477500,true,2,30,934
F,ETHEREAL_SCAPE,36,0.000208900,true,1,9,826
F,ETHEREAL_SCAPE,37,0.000191700,true,1,9,798
F,ETHEREAL_SCAPE,38,0.000302100,true,2,27,856
F,ETHEREAL_SCAPE,39,0.000177100,true,1,10,691
F,ETHEREAL_SCAPE,40,0.000250200,true,2,23,780
F,ETHEREAL_SCAPE,41,0.000185500,true,1,10,769
F,ETHEREAL_SCAPE,42,0.000186400,true,1,11,837
F,ETHEREAL_SCAPE,43,0.000190200,true,1,10,774
F,ETHEREAL_SCAPE,44,0.000408100,true,3,59,1017
F,ETHEREAL_SCAPE,45,0.000179700,true,1,10,756
F,ETHEREAL_SCAPE,46,0.000216000,true,1,11,810
F,ETHEREAL_SCAPE,47,0.000210000,true,1,10,778
F,ETHEREAL_SCAPE,48,0.000337600,true,2,28,852
F,ETHEREAL_SCAPE,49,0.000216700,true,1,9,826
F,ETHEREAL_SCAPE,50,0.000196700,true,1,9,805
F,ETHEREAL_SCAPE,51,0.000361900,true,2,15,792
F,ETHEREAL_SCAPE,52,0.000225600,true,1,9,766
F,ETHEREAL_SCAPE,53,0.000252700,true,1,10,836
F,ETHEREAL_SCAPE,54,0.000309200,true,2,37,781
F,ETHEREAL_SCAPE,55,0.000201000,true,1,12,793
F,ETHEREAL_SCAPE,56,0.000368600,true,2,44,1188
F,ETHEREAL_SCAPE,57,0.000268800,true,2,15,778
F,ETHEREAL_SCAPE,58,0.000200500,true,1,9,817
F,ETHEREAL_SCAPE,59,0.000227700,true,1,14,1032
F,ETHEREAL_SCAPE,60,0.000176600,true,1,9,747
F,ETHEREAL_SCAPE,61,0.000226600,true,1,10,777
F,ETHEREAL_SCAPE,62,0.000289100,true,2,24,828
F,ETHEREAL_SCAPE,63,0.000179800,true,1,11,868
F,ETHEREAL_SCAPE,64,0.000198600,true,1,10,757
F,ETHEREAL_SCAPE,65,0.000235000,true,1,10,779
F,ETHEREAL_SCAPE,66,0.000227100,true,1,9,870
F,ETHEREAL_SCAPE,67,0.000405800,true,1,12,1105
F,ETHEREAL_SCAPE,68,0.000449000,true,1,11,757
F,ETHEREAL_SCAPE,69,0.000359200,true,1,10,827
F,ETHEREAL_SCAPE,70,0.000551600,true,2,40,774
F,ETHEREAL_SCAPE,71,0.000377900,true,1,12,975
F,ETHEREAL_SCAPE,72,0.000307300,true,1,14,893
F,ETHEREAL_SCAPE,73,0.000191400,true,1,9,826
F,ETHEREAL_SCAPE,74,0.000277300,true,2,23,877
F,ETHEREAL_SCAPE,75,0.000179800,true,1,10,780
F,ETHEREAL_SCAPE,76,0.000202200,true,1,13,793
F,ETHEREAL_SCAPE,77,0.000174700,true,1,9,764
F,ETHEREAL_SCAPE,78,0.000182500,true,1,11,830
F,ETHEREAL_SCAPE,79,0.000169900,true,1,9,674
F,ETHEREAL_SCAPE,80,0.000198000,true,1,12,834
F,ETHEREAL_SCAPE,81,0.000174500,true,1,9,702
F,ETHEREAL_SCAPE,82,0.000175900,true,1,9,755
F,ETHEREAL_SCAPE,83,0.000263000,true,2,23,818
F,ETHEREAL_SCAPE,84,0.000394200,true,3,45,983
F,ETHEREAL_SCAPE,85,0.000182600,true,1,9,826
F,ETHEREAL_SCAPE,86,0.000211800,true,1,12,985
F,ETHEREAL_SCAPE,87,0.000322000,true,2,45,907
F,ETHEREAL_SCAPE,88,0.000207900,true,1,10,848
F,ETHEREAL_SCAPE,89,0.000182100,true,1,9,776
F,ETHEREAL_SCAPE,90,0.000211500,true,1,9,789
F,ETHEREAL_SCAPE,91,0.000328800,true,2,33,877
F,ETHEREAL_SCAPE,92,0.000186000,true,1,10,794
F,ETHEREAL_SCAPE,93,0.000543100,true,4,73,1215
F,ETHEREAL_SCAPE,94,0.000176100,true,1,9,751
F,ETHEREAL_SCAPE,95,0.000189800,true,1,9,871
F,ETHEREAL_SCAPE,96,0.000278300,true,2,19,857
F,ETHEREAL_SCAPE,97,0.000178400,true,1,9,807
F,ETHEREAL_SCAPE,98,0.000179600,true,1,9,768
F,ETHEREAL_SCAPE,99,0.000191300,true,1,10,830
F,ETHEREAL_SCAPE,100,0.000227500,true,1,13,1090
F,ETHEREAL_SCAPE,101,0.000185900,true,1,9,762
F,ETHEREAL_SCAPE,102,0.000216800,true,1,13,988
F,ETHEREAL_SCAPE,103,0.000210300,true,1,12,994
F,ETHEREAL_SCAPE,104,0.000198200,true,1,13,861
F,ETHEREAL_SCAPE,105,0.000179100,true,1,9,826
F,ETHEREAL_SCAPE,106,0.000196100,true,1,11,830
F,ETHEREAL_SCAPE,107,0.000186100,true,1,12,825
F,ETHEREAL_SCAPE,108,0.000415100,true,3,60,944
F,ETHEREAL_SCAPE,109,0.000270400,true,1,10,729
F,ETHEREAL_SCAPE,110,0.000180200,true,1,9,755
F,ETHEREAL_SCAPE,111,0.000190000,true,1,9,876
F,ETHEREAL_SCAPE,112,0.000202100,true,1,13,951
F,ETHEREAL_SCAPE,113,0.000180900,true,1,9,818
F,ETHEREAL_SCAPE,114,0.000395400,true,2,77,1211
F,ETHEREAL_SCAPE,115,0.000339100,true,2,34,998
F,ETHEREAL_SCAPE,116,0.000169100,true,1,10,762
F,ETHEREAL_SCAPE,117,0.000205000,true,1,13,854
F,ETHEREAL_SCAPE,118,0.000269700,true,2,27,809
F,ETHEREAL_SCAPE,119,0.000179500,true,1,9,820
F,ETHEREAL_SCAPE,120,0.000176100,true,1,9,826
F,ETHEREAL_SCAPE,121,0.000595100,true,5,77,1274
F,ETHEREAL_SCAPE,122,0.000188500,true,1,11,767
F,ETHEREAL_SCAPE,123,0.000185300,true,1,9,812
F,ETHEREAL_SCAPE,124,0.000172500,true,1,10,726
F,ETHEREAL_SCAPE,125,0.000190400,true,1,10,794
F,ETHEREAL_SCAPE,126,0.000170300,true,1,9,755
F,ETHEREAL_SCAPE,127,0.000176800,true,1,9,769
F,ETHEREAL_SCAPE,128,0.000168400,true,1,9,805
F,ETHEREAL_SCAPE,129,0.000305900,true,2,39,937
F,ETHEREAL_SCAPE,130,0.000181500,true,1,10,820
F,ETHEREAL_SCAPE,131,0.000332100,true,2,42,1150
F,ETHEREAL_SCAPE,132,0.000184600,true,1,9,823
F,ETHEREAL_SCAPE,133,0.000234000,true,1,11,778
F,ETHEREAL_SCAPE,134,0.000201200,true,1,9,776
F,ETHEREAL_SCAPE,135,0.000194000,true,1,9,755
F,ETHEREAL_SCAPE,136,0.000393300,true,2,53,1042
F,ETHEREAL_SCAPE,137,0.000307800,true,2,24,811
F,ETHEREAL_SCAPE,138,0.000365100,true,2,25,819
F,ETHEREAL_SCAPE,139,0.000355500,true,2,45,815
F,ETHEREAL_SCAPE,140,0.000206200,true,1,9,769
F,ETHEREAL_SCAPE,141,0.000177300,true,1,9,760
F,ETHEREAL_SCAPE,142,0.000170900,true,1,9,751
F,ETHEREAL_SCAPE,143,0.000200900,true,1,9,807
F,ETHEREAL_SCAPE,144,0.000232900,true,1,13,1020
F,ETHEREAL_SCAPE,145,0.000345000,true,2,48,1082
F,ETHEREAL_SCAPE,146,0.000343700,true,2,49,954
F,ETHEREAL_SCAPE,147,0.000193700,true,1,9,790
F,ETHEREAL_SCAPE,148,0.000223000,true,1,10,795
F,ETHEREAL_SCAPE,149,0.000355700,true,2,53,1209
F,ETHEREAL_SCAPE,150,0.000209100,true,1,9,826
F,ETHEREAL_SCAPE,151,0.000197600,true,1,9,747
F,ETHEREAL_SCAPE,152,0.000199000,true,1,10,752
F,ETHEREAL_SCAPE,153,0.000291400,true,1,11,768
F,ETHEREAL_SCAPE,154,0.000430000,true,1,9,781
F,ETHEREAL_SCAPE,155,0.000312200,true,1,9,772
F,ETHEREAL_SCAPE,156,0.000361700,true,1,9,876
F,ETHEREAL_SCAPE,157,0.000518900,true,1,9,775
F,ETHEREAL_SCAPE,158,0.000236500,true,1,9,684
F,ETHEREAL_SCAPE,159,0.000242400,true,1,11,754
F,ETHEREAL_SCAPE,160,0.000191000,true,1,10,816
F,ETHEREAL_SCAPE,161,0.000396600,true,3,37,938
F,ETHEREAL_SCAPE,162,0.000170500,true,1,11,730
F,ETHEREAL_SCAPE,163,0.000352300,true,2,51,1111
F,ETHEREAL_SCAPE,164,0.000198800,true,1,9,820
F,ETHEREAL_SCAPE,165,0.000281200,true,2,25,970
F,ETHEREAL_SCAPE,166,0.000442100,true,3,63,1030
F,ETHEREAL_SCAPE,167,0.000184000,true,1,10,756
F,ETHEREAL_SCAPE,168,0.000191300,true,1,9,793
F,ETHEREAL_SCAPE,169,0.000184000,true,1,9,826
F,ETHEREAL_SCAPE,170,0.000179100,true,1,9,776
F,ETHEREAL_SCAPE,171,0.000258400,true,2,20,879
F,ETHEREAL_SCAPE,172,0.000227500,true,1,13,990
F,ETHEREAL_SCAPE,173,0.000182300,true,1,9,819
F,ETHEREAL_SCAPE,174,0.000277600,true,2,21,851
F,ETHEREAL_SCAPE,175,0.000231900,true,1,15,905
F,ETHEREAL_SCAPE,176,0.000184400,true,1,10,775
F,ETHEREAL_SCAPE,177,0.000182500,true,1,9,826
F,ETHEREAL_SCAPE,178,0.000213800,true,1,12,977
F,ETHEREAL_SCAPE,179,0.000180600,true,1,9,751
F,ETHEREAL_SCAPE,180,0.000173900,true,1,9,755
F,ETHEREAL_SCAPE,181,0.000176300,true,1,10,781
F,ETHEREAL_SCAPE,182,0.000188000,true,1,10,827
F,ETHEREAL_SCAPE,183,0.000365100,true,3,51,848
F,ETHEREAL_SCAPE,184,0.000175600,true,1,9,755
F,ETHEREAL_SCAPE,185,0.000194200,true,1,11,782
F,ETHEREAL_SCAPE,186,0.000338100,true,2,29,1213
F,ETHEREAL_SCAPE,187,0.000174600,true,1,9,755
F,ETHEREAL_SCAPE,188,0.000173500,true,1,9,755
F,ETHEREAL_SCAPE,189,0.000186100,true,1,10,749
F,ETHEREAL_SCAPE,190,0.000220400,true,1,13,983
F,ETHEREAL_SCAPE,191,0.000278200,true,2,28,873
F,ETHEREAL_SCAPE,192,0.000284500,true,2,36,783
F,ETHEREAL_SCAPE,193,0.000212700,true,1,12,977
F,ETHEREAL_SCAPE,194,0.000194800,true,1,13,890
F,ETHEREAL_SCAPE,195,0.000203700,true,1,12,964
F,ETHEREAL_SCAPE,196,0.000191600,true,1,11,788
F,ETHEREAL_SCAPE,197,0.000196400,true,1,10,900
F,ETHEREAL_SCAPE,198,0.000194500,true,1,13,770
F,ETHEREAL_SCAPE,199,0.000175200,true,1,9,774
F,ETHEREAL_SCAPE,200,0.000185200,true,1,12,780
F,ETHEREAL_SCAPE,201,0.000179100,true,1,9,818
F,ETHEREAL_SCAPE,202,0.000179500,true,1,9,832
F,ETHEREAL_SCAPE,203,0.000169900,true,1,10,675
F,ETHEREAL_SCAPE,204,0.000172700,true,1,9,755
F,ETHEREAL_SCAPE,205,0.000187000,true,1,11,793
F,ETHEREAL_SCAPE,206,0.000349700,true,2,24,798
F,ETHEREAL_SCAPE,207,0.000291500,true,2,27,851
F,ETHEREAL_SCAPE,208,0.000195800,true,1,12,900
F,ETHEREAL_SCAPE,209,0.000291200,true,2,30,913
F,ETHEREAL_SCAPE,210,0.000179000,true,1,9,826
F,ETHEREAL_SCAPE,211,0.000180800,true,1,10,778
F,ETHEREAL_SCAPE,212,0.000181500,true,1,9,732
F,ETHEREAL_SCAPE,213,0.000204500,true,1,13,930
F,ETHEREAL_SCAPE,214,0.000170700,true,1,9,784
F,ETHEREAL_SCAPE,215,0.000165800,true,1,10,765
F,ETHEREAL_SCAPE,216,0.000184300,true,1,12,814
F,ETHEREAL_SCAPE,217,0.000176900,true,1,9,776
F,ETHEREAL_SCAPE,218,0.000339200,true,2,28,996
F,ETHEREAL_SCAPE,219,0.000197700,true,1,10,784
F,ETHEREAL_SCAPE,220,0.000627000,true,1,11,778
F,ETHEREAL_SCAPE,221,0.000469800,true,1,10,866
F,ETHEREAL_SCAPE,222,0.000307300,true,1,10,851
F,ETHEREAL_SCAPE,223,0.000259300,true,1,12,915
F,ETHEREAL_SCAPE,224,0.000349000,true,2,30,1044
F,ETHEREAL_SCAPE,225,0.000279200,true,1,12,929
F,ETHEREAL_SCAPE,226,0.000295100,true,1,10,808
F,ETHEREAL_SCAPE,227,0.000353700,true,2,41,970
F,ETHEREAL_SCAPE,228,0.000468400,true,3,45,995
F,ETHEREAL_SCAPE,229,0.000183600,true,1,9,789
F,ETHEREAL_SCAPE,230,0.000551500,true,4,94,1073
F,ETHEREAL_SCAPE,231,0.000200800,true,1,10,779
F,ETHEREAL_SCAPE,232,0.000267200,true,2,19,864
F,ETHEREAL_SCAPE,233,0.000187500,true,1,10,758
F,ETHEREAL_SCAPE,234,0.000196200,true,1,9,792
F,ETHEREAL_SCAPE,235,0.000271400,true,1,15,956
F,ETHEREAL_SCAPE,236,0.000238000,true,1,15,937
F,ETHEREAL_SCAPE,237,0.000334300,true,2,33,818
F,ETHEREAL_SCAPE,238,0.000217200,true,1,10,810
F,ETHEREAL_SCAPE,239,0.000204500,true,1,13,831
F,ETHEREAL_SCAPE,240,0.000337100,true,1,14,1076
F,ETHEREAL_SCAPE,241,0.000416900,true,1,9,811
F,ETHEREAL_SCAPE,242,0.000330600,true,1,9,817
F,ETHEREAL_SCAPE,243,0.000704700,true,3,45,984
F,ETHEREAL_SCAPE,244,0.000532800,true,1,12,814
F,ETHEREAL_SCAPE,245,0.000481900,true,1,9,755
F,ETHEREAL_SCAPE,246,0.000300800,true,1,10,754
F,ETHEREAL_SCAPE,247,0.000278900,true,1,9,826
F,ETHEREAL_SCAPE,248,0.000190300,true,1,9,680
F,ETHEREAL_SCAPE,249,0.000179900,true,1,9,776
F,ETHEREAL_SCAPE,250,0.000304300,true,2,38,848
F,ETHEREAL_SCAPE,251,0.000399600,true,2,37,825
F,ETHEREAL_SCAPE,252,0.000206500,true,1,9,747
F,ETHEREAL_SCAPE,253,0.000365200,true,2,72,987
F,ETHEREAL_SCAPE,254,0.000187100,true,1,9,823
F,ETHEREAL_SCAPE,255,0.000197500,true,1,9,825
F,ETHEREAL_SCAPE,256,0.000306400,true,2,24,868
F,ETHEREAL_SCAPE,257,0.000182500,true,1,10,687
F,ETHEREAL_SCAPE,258,0.000222300,true,1,11,952
F,ETHEREAL_SCAPE,259,0.000262600,true,2,18,827
F,ETHEREAL_SCAPE,260,0.000190400,true,1,12,815
F,ETHEREAL_SCAPE,261,0.000296500,true,2,29,830
F,ETHEREAL_SCAPE,262,0.000257900,true,2,18,958
F,ETHEREAL_SCAPE,263,0.000175900,true,1,9,805
F,ETHEREAL_SCAPE,264,0.000412700,true,2,31,959
F,ETHEREAL_SCAPE,265,0.000195000,true,1,9,818
F,ETHEREAL_SCAPE,266,0.000197000,true,1,11,837
F,ETHEREAL_SCAPE,267,0.000179200,true,1,10,777
F,ETHEREAL_SCAPE,268,0.000282200,true,2,21,960
F,ETHEREAL_SCAPE,269,0.000195200,true,1,11,861
F,ETHEREAL_SCAPE,270,0.000275200,true,2,21,805
F,ETHEREAL_SCAPE,271,0.000194500,true,1,12,819
F,ETHEREAL_SCAPE,272,0.000178300,true,1,9,755
F,ETHEREAL_SCAPE,273,0.000208700,true,1,12,827
F,ETHEREAL_SCAPE,274,0.000179400,true,1,10,681
F,ETHEREAL_SCAPE,275,0.000168600,true,1,10,672
F,ETHEREAL_SCAPE,276,0.000170500,true,1,11,767
F,ETHEREAL_SCAPE,277,0.000386100,true,3,48,911
F,ETHEREAL_SCAPE,278,0.000178500,true,1,9,812
F,ETHEREAL_SCAPE,279,0.000193200,true,1,9,911
F,ETHEREAL_SCAPE,280,0.000196600,true,1,12,950
F,ETHEREAL_SCAPE,281,0.000328600,true,2,45,1013
F,ETHEREAL_SCAPE,282,0.000521600,true,4,83,1063
F,ETHEREAL_SCAPE,283,0.000206700,true,1,12,943
F,ETHEREAL_SCAPE,284,0.000167900,true,1,9,689
F,ETHEREAL_SCAPE,285,0.000195100,true,1,12,900
F,ETHEREAL_SCAPE,286,0.000180900,true,1,9,826
F,ETHEREAL_SCAPE,287,0.000180300,true,1,9,825
F,ETHEREAL_SCAPE,288,0.000198400,true,1,10,756
F,ETHEREAL_SCAPE,289,0.000210600,true,1,13,811
F,ETHEREAL_SCAPE,290,0.000182800,true,1,9,776
F,ETHEREAL_SCAPE,291,0.000251200,true,1,9,741
F,ETHEREAL_SCAPE,292,0.000203000,true,1,10,795
F,ETHEREAL_SCAPE,293,0.000293100,true,2,25,823
F,ETHEREAL_SCAPE,294,0.000196500,true,1,10,758
F,ETHEREAL_SCAPE,295,0.000385100,true,1,9,773
F,ETHEREAL_SCAPE,296,0.000424700,true,1,11,726
F,ETHEREAL_SCAPE,297,0.000220100,true,1,11,809
F,ETHEREAL_SCAPE,298,0.000345900,true,2,48,978
F,ETHEREAL_SCAPE,299,0.000186100,true,1,10,814
F,ETHEREAL_SCAPE,300,0.000188900,true,1,9,805
F,ETHEREAL_SCAPE,301,0.000211900,true,1,14,1015
F,ETHEREAL_SCAPE,302,0.000296600,true,2,20,880
F,ETHEREAL_SCAPE,303,0.000207400,true,1,9,768
F,ETHEREAL_SCAPE,304,0.000841200,true,1,10,777
F,ETHEREAL_SCAPE,305,0.000201500,true,1,10,682
F,ETHEREAL_SCAPE,306,0.000178300,true,1,9,734
F,ETHEREAL_SCAPE,307,0.000276100,true,1,14,901
F,ETHEREAL_SCAPE,308,0.000221000,true,1,11,787
F,ETHEREAL_SCAPE,309,0.000393300,true,2,42,952
F,ETHEREAL_SCAPE,310,0.000225700,true,1,9,826
F,ETHEREAL_SCAPE,311,0.000321900,true,2,24,835
F,ETHEREAL_SCAPE,312,0.000200400,true,1,11,779
F,ETHEREAL_SCAPE,313,0.000231200,true,1,10,793
F,ETHEREAL_SCAPE,314,0.000206300,true,1,10,766
F,ETHEREAL_SCAPE,315,0.000235100,true,1,12,929
F,ETHEREAL_SCAPE,316,0.000174900,true,1,9,686
F,ETHEREAL_SCAPE,317,0.000299800,true,2,24,896
F,ETHEREAL_SCAPE,318,0.000205800,true,1,9,760
F,ETHEREAL_SCAPE,319,0.000198000,true,1,10,860
F,ETHEREAL_SCAPE,320,0.000208800,true,1,10,777
F,ETHEREAL_SCAPE,321,0.000237300,true,1,13,1028
F,ETHEREAL_SCAPE,322,0.000259900,true,1,13,798
F,ETHEREAL_SCAPE,323,0.000213300,true,1,9,757
F,ETHEREAL_SCAPE,324,0.000204100,true,1,9,894
F,ETHEREAL_SCAPE,325,0.000210000,true,1,12,866
F,ETHEREAL_SCAPE,326,0.000217100,true,1,9,768
F,ETHEREAL_SCAPE,327,0.000217000,true,1,10,770
F,ETHEREAL_SCAPE,328,0.000419400,true,2,26,834
F,ETHEREAL_SCAPE,329,0.000422500,true,1,10,865
F,ETHEREAL_SCAPE,330,0.000335900,true,1,10,740
F,ETHEREAL_SCAPE,331,0.000353200,true,1,10,685
F,ETHEREAL_SCAPE,332,0.000548400,true,2,25,864
F,ETHEREAL_SCAPE,333,0.000236800,true,1,10,836
F,ETHEREAL_SCAPE,334,0.000223200,true,1,11,828
F,ETHEREAL_SCAPE,335,0.000206400,true,1,12,814
F,ETHEREAL_SCAPE,336,0.000311800,true,2,44,844
F,ETHEREAL_SCAPE,337,0.000484300,true,3,85,1188
F,ETHEREAL_SCAPE,338,0.000176400,true,1,9,764
F,ETHEREAL_SCAPE,339,0.000180100,true,1,9,776
F,ETHEREAL_SCAPE,340,0.000186900,true,1,9,773
F,ETHEREAL_SCAPE,341,0.000190300,true,1,12,911
F,ETHEREAL_SCAPE,342,0.000394000,true,2,35,1016
F,ETHEREAL_SCAPE,343,0.000302900,true,2,29,928
F,ETHEREAL_SCAPE,344,0.000188000,true,1,12,834
F,ETHEREAL_SCAPE,345,0.000231500,true,1,14,1092
F,ETHEREAL_SCAPE,346,0.000209200,true,1,13,902
F,ETHEREAL_SCAPE,347,0.000278000,true,2,38,745
F,ETHEREAL_SCAPE,348,0.000216900,true,1,9,899
F,ETHEREAL_SCAPE,349,0.000541200,true,1,11,763
F,ETHEREAL_SCAPE,350,0.000382200,true,1,11,793
F,ETHEREAL_SCAPE,351,0.000355300,true,1,9,826
F,ETHEREAL_SCAPE,352,0.000207700,true,1,10,721
F,ETHEREAL_SCAPE,353,0.000189300,true,1,9,755
F,ETHEREAL_SCAPE,354,0.000196100,true,1,10,798
F,ETHEREAL_SCAPE,355,0.000180900,true,1,9,789
F,ETHEREAL_SCAPE,356,0.000180900,true,1,9,816
F,ETHEREAL_SCAPE,357,0.000189300,true,1,11,758
F,ETHEREAL_SCAPE,358,0.000292000,true,2,24,799
F,ETHEREAL_SCAPE,359,0.000186000,true,1,9,749
F,ETHEREAL_SCAPE,360,0.000201900,true,1,10,832
F,ETHEREAL_SCAPE,361,0.000172200,true,1,9,717
F,ETHEREAL_SCAPE,362,0.000236700,true,1,14,1074
F,ETHEREAL_SCAPE,363,0.000182100,true,1,9,776
F,ETHEREAL_SCAPE,364,0.000286500,true,2,24,830
F,ETHEREAL_SCAPE,365,0.000440900,true,3,43,878
F,ETHEREAL_SCAPE,366,0.000181200,true,1,9,755
F,ETHEREAL_SCAPE,367,0.000176600,true,1,11,768
F,ETHEREAL_SCAPE,368,0.000189800,true,1,11,823
F,ETHEREAL_SCAPE,369,0.000192200,true,1,9,911
F,ETHEREAL_SCAPE,370,0.000213600,true,1,12,1016
F,ETHEREAL_SCAPE,371,0.000178500,true,1,9,772
F,ETHEREAL_SCAPE,372,0.000192400,true,1,10,770
F,ETHEREAL_SCAPE,373,0.000211300,true,1,10,826
F,ETHEREAL_SCAPE,374,0.000299300,true,2,28,897
F,ETHEREAL_SCAPE,375,0.000214700,true,1,12,883
F,ETHEREAL_SCAPE,376,0.000188000,true,1,9,776
F,ETHEREAL_SCAPE,377,0.000334600,true,2,34,1148
F,ETHEREAL_SCAPE,378,0.000319300,true,2,42,907
F,ETHEREAL_SCAPE,379,0.000188500,true,1,9,812
F,ETHEREAL_SCAPE,380,0.000218300,true,1,11,766
F,ETHEREAL_SCAPE,381,0.000245500,true,1,11,961
F,ETHEREAL_SCAPE,382,0.000173800,true,1,10,657
F,ETHEREAL_SCAPE,383,0.000191700,true,1,10,701
F,ETHEREAL_SCAPE,384,0.000388800,true,3,33,1235
F,ETHEREAL_SCAPE,385,0.000182200,true,1,9,773
F,ETHEREAL_SCAPE,386,0.000178400,true,1,10,830
F,ETHEREAL_SCAPE,387,0.000283600,true,2,21,786
F,ETHEREAL_SCAPE,388,0.000267200,true,2,17,794
F,ETHEREAL_SCAPE,389,0.000215400,true,1,9,933
F,ETHEREAL_SCAPE,390,0.000185700,true,1,11,761
F,ETHEREAL_SCAPE,391,0.000195600,true,1,11,905
F,ETHEREAL_SCAPE,392,0.000179700,true,1,10,692
F,ETHEREAL_SCAPE,393,0.000188000,true,1,9,826
F,ETHEREAL_SCAPE,394,0.000183300,true,1,11,898
F,ETHEREAL_SCAPE,395,0.000203100,true,1,10,898
F,ETHEREAL_SCAPE,396,0.000212500,true,1,13,933
F,ETHEREAL_SCAPE,397,0.000171600,true,1,9,772
F,ETHEREAL_SCAPE,398,0.000203900,true,1,9,727
F,ETHEREAL_SCAPE,399,0.000204800,true,1,10,684
F,ETHEREAL_SCAPE,400,0.000197800,true,1,9,755
F,ETHEREAL_SCAPE,401,0.000192400,true,1,9,755
F,ETHEREAL_SCAPE,402,0.001160400,true,4,100,1042
F,ETHEREAL_SCAPE,403,0.000921100,true,3,42,912
F,ETHEREAL_SCAPE,404,0.000451800,true,1,9,765
F,ETHEREAL_SCAPE,405,0.000285600,true,1,11,838
F,ETHEREAL_SCAPE,406,0.000338600,true,2,26,875
F,ETHEREAL_SCAPE,407,0.000260800,true,1,12,897
F,ETHEREAL_SCAPE,408,0.000223200,true,1,9,791
F,ETHEREAL_SCAPE,409,0.000178400,true,1,9,755
F,ETHEREAL_SCAPE,410,0.000298200,true,2,25,883
F,ETHEREAL_SCAPE,411,0.000187000,true,1,10,756
F,ETHEREAL_SCAPE,412,0.000290300,true,1,10,829
F,ETHEREAL_SCAPE,413,0.000319000,true,1,9,732
F,ETHEREAL_SCAPE,414,0.000401100,true,1,11,770
F,ETHEREAL_SCAPE,415,0.000635500,true,2,25,872
F,ETHEREAL_SCAPE,416,0.000274400,true,1,9,755
F,ETHEREAL_SCAPE,417,0.000214500,true,1,9,782
F,ETHEREAL_SCAPE,418,0.000342800,true,1,10,770
F,ETHEREAL_SCAPE,419,0.000888200,true,3,63,1026
F,ETHEREAL_SCAPE,420,0.000373100,true,1,9,761
F,ETHEREAL_SCAPE,421,0.000362800,true,1,10,816
F,ETHEREAL_SCAPE,422,0.000324500,true,1,13,1172
F,ETHEREAL_SCAPE,423,0.000377600,true,2,47,946
F,ETHEREAL_SCAPE,424,0.000188500,true,1,9,764
F,ETHEREAL_SCAPE,425,0.000199000,true,1,12,823
F,ETHEREAL_SCAPE,426,0.000197900,true,1,10,900
F,ETHEREAL_SCAPE,427,0.000174000,true,1,10,778
F,ETHEREAL_SCAPE,428,0.000175600,true,1,9,724
F,ETHEREAL_SCAPE,429,0.000190800,true,1,11,782
F,ETHEREAL_SCAPE,430,0.000178300,true,1,9,785
F,ETHEREAL_SCAPE,431,0.000171200,true,1,9,775
F,ETHEREAL_SCAPE,432,0.000187900,true,1,10,828
F,ETHEREAL_SCAPE,433,0.000213400,true,1,10,827
F,ETHEREAL_SCAPE,434,0.000321500,true,1,16,1335
F,ETHEREAL_SCAPE,435,0.000193600,true,1,9,689
F,ETHEREAL_SCAPE,436,0.000219900,true,1,10,865
F,ETHEREAL_SCAPE,437,0.000206500,true,1,12,866
F,ETHEREAL_SCAPE,438,0.000185100,true,1,10,679
F,ETHEREAL_SCAPE,439,0.000352800,true,3,30,919
F,ETHEREAL_SCAPE,440,0.000186300,true,1,10,749
F,ETHEREAL_SCAPE,441,0.000182600,true,1,11,783
F,ETHEREAL_SCAPE,442,0.000205400,true,1,11,832
F,ETHEREAL_SCAPE,443,0.000178300,true,1,9,826
F,ETHEREAL_SCAPE,444,0.000192100,true,1,9,776
F,ETHEREAL_SCAPE,445,0.000185400,true,1,10,830
F,ETHEREAL_SCAPE,446,0.000178200,true,1,9,755
F,ETHEREAL_SCAPE,447,0.000178200,true,1,9,805
F,ETHEREAL_SCAPE,448,0.000183900,true,1,10,777
F,ETHEREAL_SCAPE,449,0.000209100,true,1,14,806
F,ETHEREAL_SCAPE,450,0.000205200,true,1,12,1002
F,ETHEREAL_SCAPE,451,0.000303700,true,2,33,910
F,ETHEREAL_SCAPE,452,0.000315500,true,2,47,909
F,ETHEREAL_SCAPE,453,0.000175900,true,1,9,776
F,ETHEREAL_SCAPE,454,0.000241300,true,1,14,1101
F,ETHEREAL_SCAPE,455,0.000333500,true,2,49,982
F,ETHEREAL_SCAPE,456,0.000174000,true,1,10,734
F,ETHEREAL_SCAPE,457,0.000180200,true,1,9,755
F,ETHEREAL_SCAPE,458,0.000320200,true,2,40,1012
F,ETHEREAL_SCAPE,459,0.000177100,true,1,9,776
F,ETHEREAL_SCAPE,460,0.000221200,true,1,12,1100
F,ETHEREAL_SCAPE,461,0.000223400,true,1,9,782
F,ETHEREAL_SCAPE,462,0.000193900,true,1,10,815
F,ETHEREAL_SCAPE,463,0.000194000,true,1,10,797
F,ETHEREAL_SCAPE,464,0.000187400,true,1,10,777
F,ETHEREAL_SCAPE,465,0.000179900,true,1,9,759
F,ETHEREAL_SCAPE,466,0.000302900,true,2,44,739
F,ETHEREAL_SCAPE,467,0.000232200,true,1,14,1118
F,ETHEREAL_SCAPE,468,0.000166400,true,1,10,673
F,ETHEREAL_SCAPE,469,0.000312100,true,2,38,1001
F,ETHEREAL_SCAPE,470,0.000191000,true,1,9,805
F,ETHEREAL_SCAPE,471,0.000184500,true,1,11,770
F,ETHEREAL_SCAPE,472,0.000228100,true,1,14,661
F,ETHEREAL_SCAPE,473,0.000429400,true,3,36,800
F,ETHEREAL_SCAPE,474,0.000190900,true,1,9,727
F,ETHEREAL_SCAPE,475,0.000222900,true,1,11,878
F,ETHEREAL_SCAPE,476,0.000196400,true,1,9,826
F,ETHEREAL_SCAPE,477,0.000199600,true,1,10,757
F,ETHEREAL_SCAPE,478,0.000179500,true,1,9,721
F,ETHEREAL_SCAPE,479,0.000206300,true,1,10,827
F,ETHEREAL_SCAPE,480,0.000317200,true,2,33,1023
F,ETHEREAL_SCAPE,481,0.000193000,true,1,9,762
F,ETHEREAL_SCAPE,482,0.000212300,true,1,10,806
F,ETHEREAL_SCAPE,483,0.000321400,true,2,24,964
F,ETHEREAL_SCAPE,484,0.000196000,true,1,9,805
F,ETHEREAL_SCAPE,485,0.000348900,true,2,21,970
F,ETHEREAL_SCAPE,486,0.000286200,true,1,11,770
F,ETHEREAL_SCAPE,487,0.000243100,true,1,11,783
F,ETHEREAL_SCAPE,488,0.000230300,true,1,9,897
F,ETHEREAL_SCAPE,489,0.000209400,true,1,9,785
F,ETHEREAL_SCAPE,490,0.000176500,true,1,9,755
F,ETHEREAL_SCAPE,491,0.000174500,true,1,9,776
F,ETHEREAL_SCAPE,492,0.000198400,true,1,9,774
F,ETHEREAL_SCAPE,493,0.000194000,true,1,9,751
F,ETHEREAL_SCAPE,494,0.000191900,true,1,11,778
F,ETHEREAL_SCAPE,495,0.000183000,true,1,9,807
F,ETHEREAL_SCAPE,496,0.000442200,true,3,68,985
F,ETHEREAL_SCAPE,497,0.000194200,true,1,10,745
F,ETHEREAL_SCAPE,498,0.000430400,true,3,57,922
F,ETHEREAL_SCAPE,499,0.000361900,true,2,24,1019
F,ETHEREAL_SCAPE,500,0.000196600,true,1,10,767
F,ETHEREAL_SCAPE,501,0.000317200,true,1,12,870
F,ETHEREAL_SCAPE,502,0.000506600,true,1,17,1097
F,ETHEREAL_SCAPE,503,0.000331100,true,1,10,815
F,ETHEREAL_SCAPE,504,0.000745600,true,3,72,915
F,ETHEREAL_SCAPE,505,0.000222600,true,1,9,775
F,ETHEREAL_SCAPE,506,0.000487900,true,3,75,1035
F,ETHEREAL_SCAPE,507,0.000183800,true,1,9,826
F,ETHEREAL_SCAPE,508,0.000189100,true,1,9,792
F,ETHEREAL_SCAPE,509,0.000187400,true,1,12,764
F,ETHEREAL_SCAPE,510,0.000186400,true,1,11,753
F,ETHEREAL_SCAPE,511,0.000180000,true,1,9,805
F,ETHEREAL_SCAPE,512,0.000276500,true,2,21,800
F,ETHEREAL_SCAPE,513,0.000354200,true,1,10,872
F,ETHEREAL_SCAPE,514,0.000454300,true,2,32,970
F,ETHEREAL_SCAPE,515,0.000198300,true,1,9,826
F,ETHEREAL_SCAPE,516,0.000186800,true,1,9,754
F,ETHEREAL_SCAPE,517,0.000370800,true,2,36,828
F,ETHEREAL_SCAPE,518,0.000185900,true,1,9,755
F,ETHEREAL_SCAPE,519,0.000532500,true,3,88,1192
F,ETHEREAL_SCAPE,520,0.000271400,true,2,19,829
F,ETHEREAL_SCAPE,521,0.000191300,true,1,10,849
F,ETHEREAL_SCAPE,522,0.000184400,true,1,10,764
F,ETHEREAL_SCAPE,523,0.000179500,true,1,10,683
F,ETHEREAL_SCAPE,524,0.000304800,true,2,27,871
F,ETHEREAL_SCAPE,525,0.000188000,true,1,11,758
F,ETHEREAL_SCAPE,526,0.000183100,true,1,10,808
F,ETHEREAL_SCAPE,527,0.000192100,true,1,11,760
F,ETHEREAL_SCAPE,528,0.000184400,true,1,10,827
F,ETHEREAL_SCAPE,529,0.000176800,true,1,9,805
F,ETHEREAL_SCAPE,530,0.000185300,true,1,10,777
F,ETHEREAL_SCAPE,531,0.000198200,true,1,9,755
F,ETHEREAL_SCAPE,532,0.000235900,true,1,10,817
F,ETHEREAL_SCAPE,533,0.000182000,true,1,9,741
F,ETHEREAL_SCAPE,534,0.000202600,true,1,13,945
F,ETHEREAL_SCAPE,535,0.000187000,true,1,10,778
F,ETHEREAL_SCAPE,536,0.000324900,true,2,31,924
F,ETHEREAL_SCAPE,537,0.000169600,true,1,9,775
F,ETHEREAL_SCAPE,538,0.000183400,true,1,9,755
F,ETHEREAL_SCAPE,539,0.000191300,true,1,11,757
F,ETHEREAL_SCAPE,540,0.000188700,true,1,10,765
F,ETHEREAL_SCAPE,541,0.000264100,true,2,24,785
F,ETHEREAL_SCAPE,542,0.000171900,true,1,9,735
F,ETHEREAL_SCAPE,543,0.000288600,true,2,29,894
F,ETHEREAL_SCAPE,544,0.000203500,true,1,12,929
F,ETHEREAL_SCAPE,545,0.000170700,true,1,9,717
F,ETHEREAL_SCAPE,546,0.000183200,true,1,9,766
F,ETHEREAL_SCAPE,547,0.000207100,true,1,14,783
F,ETHEREAL_SCAPE,548,0.000460100,true,4,55,956
F,ETHEREAL_SCAPE,549,0.000190700,true,1,12,812
F,ETHEREAL_SCAPE,550,0.000172900,true,1,10,755
F,ETHEREAL_SCAPE,551,0.000169500,true,1,9,755
F,ETHEREAL_SCAPE,552,0.000182900,true,1,9,826
F,ETHEREAL_SCAPE,553,0.000192100,true,1,9,911
F,ETHEREAL_SCAPE,554,0.000177600,true,1,9,818
F,ETHEREAL_SCAPE,555,0.000298900,true,2,31,903
F,ETHEREAL_SCAPE,556,0.000193000,true,1,9,826
F,ETHEREAL_SCAPE,557,0.000180500,true,1,9,749
F,ETHEREAL_SCAPE,558,0.000300400,true,2,25,888
F,ETHEREAL_SCAPE,559,0.000323600,true,2,47,850
F,ETHEREAL_SCAPE,560,0.000212900,true,1,13,907
F,ETHEREAL_SCAPE,561,0.000377700,true,2,46,1069
F,ETHEREAL_SCAPE,562,0.000206500,true,1,14,772
F,ETHEREAL_SCAPE,563,0.000275500,true,2,25,808
F,ETHEREAL_SCAPE,564,0.000534300,true,4,84,1188
F,ETHEREAL_SCAPE,565,0.000305600,true,2,43,840
F,ETHEREAL_SCAPE,566,0.000177300,true,1,10,808
F,ETHEREAL_SCAPE,567,0.000223100,true,1,14,1044
F,ETHEREAL_SCAPE,568,0.000169100,true,1,9,684
F,ETHEREAL_SCAPE,569,0.000175800,true,1,9,773
F,ETHEREAL_SCAPE,570,0.000212400,true,1,10,827
F,ETHEREAL_SCAPE,571,0.000205000,true,1,10,682
F,ETHEREAL_SCAPE,572,0.000478200,true,3,69,1103
F,ETHEREAL_SCAPE,573,0.000208400,true,1,10,769
F,ETHEREAL_SCAPE,574,0.000364200,true,2,24,849
F,ETHEREAL_SCAPE,575,0.000202800,true,1,10,757
F,ETHEREAL_SCAPE,576,0.000217700,true,1,9,760
F,ETHEREAL_SCAPE,577,0.000226900,true,1,14,786
F,ETHEREAL_SCAPE,578,0.000208900,true,1,12,813
F,ETHEREAL_SCAPE,579,0.000190200,true,1,11,760
F,ETHEREAL_SCAPE,580,0.000170000,true,1,9,762
F,ETHEREAL_SCAPE,581,0.000187600,true,1,9,776
F,ETHEREAL_SCAPE,582,0.000437600,true,3,48,968
F,ETHEREAL_SCAPE,583,0.000347200,true,2,57,1077
F,ETHEREAL_SCAPE,584,0.000194600,true,1,9,760
F,ETHEREAL_SCAPE,585,0.000207700,true,1,10,763
F,ETHEREAL_SCAPE,586,0.000188200,true,1,10,827
F,ETHEREAL_SCAPE,587,0.000257100,true,1,11,809
F,ETHEREAL_SCAPE,588,0.000235800,true,1,11,716
F,ETHEREAL_SCAPE,589,0.000260300,true,2,16,754
F,ETHEREAL_SCAPE,590,0.000234300,true,1,11,841
F,ETHEREAL_SCAPE,591,0.000475600,true,1,12,866
F,ETHEREAL_SCAPE,592,0.000533200,true,2,19,854
F,ETHEREAL_SCAPE,593,0.000378800,true,1,10,752
F,ETHEREAL_SCAPE,594,0.000412500,true,1,9,911
F,ETHEREAL_SCAPE,595,0.000544000,true,3,64,865
F,ETHEREAL_SCAPE,596,0.000198600,true,1,11,781
F,ETHEREAL_SCAPE,597,0.000339300,true,1,13,903
F,ETHEREAL_SCAPE,598,0.000211700,true,1,9,948
F,ETHEREAL_SCAPE,599,0.000226100,true,1,9,659
F,ETHEREAL_SCAPE,600,0.000215000,true,1,13,834
F,ETHEREAL_SCAPE,601,0.000215700,true,1,10,777
F,ETHEREAL_SCAPE,602,0.000276800,true,2,39,800
F,ETHEREAL_SCAPE,603,0.000376800,true,2,50,1161
F,ETHEREAL_SCAPE,604,0.000482600,true,3,39,903
F,ETHEREAL_SCAPE,605,0.000191100,true,1,10,820
F,ETHEREAL_SCAPE,606,0.000224700,true,1,12,1020
F,ETHEREAL_SCAPE,607,0.000179400,true,1,10,757
F,ETHEREAL_SCAPE,608,0.000227800,true,1,15,1005
F,ETHEREAL_SCAPE,609,0.000215500,true,1,9,776
F,ETHEREAL_SCAPE,610,0.000212300,true,1,13,949
F,ETHEREAL_SCAPE,611,0.000186900,true,1,9,718
F,ETHEREAL_SCAPE,612,0.000184900,true,1,10,759
F,ETHEREAL_SCAPE,613,0.000285600,true,2,38,947
F,ETHEREAL_SCAPE,614,0.000592200,true,5,90,1130
F,ETHEREAL_SCAPE,615,0.000232000,true,1,12,1068
F,ETHEREAL_SCAPE,616,0.000182300,true,1,10,756
F,ETHEREAL_SCAPE,617,0.000183700,true,1,9,782
F,ETHEREAL_SCAPE,618,0.000183700,true,1,9,809
F,ETHEREAL_SCAPE,619,0.000217500,true,1,12,1002
F,ETHEREAL_SCAPE,620,0.000407800,true,3,41,971
F,ETHEREAL_SCAPE,621,0.000225000,true,1,14,1067
F,ETHEREAL_SCAPE,622,0.000179800,true,1,9,776
F,ETHEREAL_SCAPE,623,0.000219100,true,1,12,832
F,ETHEREAL_SCAPE,624,0.000327900,true,2,40,891
F,ETHEREAL_SCAPE,625,0.000178700,true,1,9,760
F,ETHEREAL_SCAPE,626,0.000173600,true,1,9,707
F,ETHEREAL_SCAPE,627,0.000178400,true,1,9,805
F,ETHEREAL_SCAPE,628,0.000182000,true,1,9,776
F,ETHEREAL_SCAPE,629,0.000189500,true,1,9,826
F,ETHEREAL_SCAPE,630,0.000204700,true,1,9,747
F,ETHEREAL_SCAPE,631,0.000212900,true,1,10,821
F,ETHEREAL_SCAPE,632,0.000193300,true,1,9,776
F,ETHEREAL_SCAPE,633,0.000180700,true,1,9,734
F,ETHEREAL_SCAPE,634,0.000345900,true,1,11,838
F,ETHEREAL_SCAPE,635,0.000614200,true,1,10,806
F,ETHEREAL_SCAPE,636,0.000330000,true,1,13,954
F,ETHEREAL_SCAPE,637,0.000312000,true,1,10,776
F,ETHEREAL_SCAPE,638,0.000259300,true,1,14,977
F,ETHEREAL_SCAPE,639,0.000189200,true,1,10,776
F,ETHEREAL_SCAPE,640,0.000211300,true,1,12,1004
F,ETHEREAL_SCAPE,641,0.000208500,true,1,13,743
F,ETHEREAL_SCAPE,642,0.000576100,true,4,78,1253
F,ETHEREAL_SCAPE,643,0.000194400,true,1,9,911
F,ETHEREAL_SCAPE,644,0.000178700,true,1,9,826
F,ETHEREAL_SCAPE,645,0.000178700,true,1,9,766
F,ETHEREAL_SCAPE,646,0.000207200,true,1,10,912
F,ETHEREAL_SCAPE,647,0.000326900,true,2,27,940
F,ETHEREAL_SCAPE,648,0.000214900,true,1,12,943
F,ETHEREAL_SCAPE,649,0.000194700,true,1,10,733
F,ETHEREAL_SCAPE,650,0.000216600,true,1,9,765
F,ETHEREAL_SCAPE,651,0.000453900,true,2,53,1114
F,ETHEREAL_SCAPE,652,0.000205700,true,1,9,672
F,ETHEREAL_SCAPE,653,0.000216400,true,1,10,820
F,ETHEREAL_SCAPE,654,0.000223500,true,1,11,829
F,ETHEREAL_SCAPE,655,0.000239800,true,1,9,760
F,ETHEREAL_SCAPE,656,0.000339200,true,2,38,820
F,ETHEREAL_SCAPE,657,0.000203400,true,1,9,826
F,ETHEREAL_SCAPE,658,0.000217300,true,1,11,770
F,ETHEREAL_SCAPE,659,0.000197600,true,1,9,773
F,ETHEREAL_SCAPE,660,0.000296300,true,1,11,855
F,ETHEREAL_SCAPE,661,0.000197200,true,1,11,782
F,ETHEREAL_SCAPE,662,0.000229300,true,1,10,748
F,ETHEREAL_SCAPE,663,0.000207200,true,1,9,772
F,ETHEREAL_SCAPE,664,0.000316800,true,2,29,955
F,ETHEREAL_SCAPE,665,0.000184900,true,1,10,768
F,ETHEREAL_SCAPE,666,0.000320400,true,2,26,995
F,ETHEREAL_SCAPE,667,0.000587900,true,4,81,1226
F,ETHEREAL_SCAPE,668,0.000175600,true,1,9,739
F,ETHEREAL_SCAPE,669,0.000198200,true,1,10,756
F,ETHEREAL_SCAPE,670,0.000353100,true,2,40,886
F,ETHEREAL_SCAPE,671,0.000182300,true,1,12,768
F,ETHEREAL_SCAPE,672,0.000191000,true,1,9,755
F,ETHEREAL_SCAPE,673,0.000352000,true,2,39,875
F,ETHEREAL_SCAPE,674,0.000207800,true,1,9,826
F,ETHEREAL_SCAPE,675,0.000307600,true,1,9,755
F,ETHEREAL_SCAPE,676,0.000640000,true,2,28,881
F,ETHEREAL_SCAPE,677,0.000357500,true,1,10,827
F,ETHEREAL_SCAPE,678,0.000374000,true,1,10,779
F,ETHEREAL_SCAPE,679,0.000623500,true,3,35,1022
F,ETHEREAL_SCAPE,680,0.000319200,true,2,23,850
F,ETHEREAL_SCAPE,681,0.000278800,true,2,28,812
F,ETHEREAL_SCAPE,682,0.000177000,true,1,9,776
F,ETHEREAL_SCAPE,683,0.000207500,true,1,12,900
F,ETHEREAL_SCAPE,684,0.000339900,true,2,49,1118
F,ETHEREAL_SCAPE,685,0.000205600,true,1,12,983
F,ETHEREAL_SCAPE,686,0.000333100,true,2,49,904
F,ETHEREAL_SCAPE,687,0.000182000,true,1,10,830
F,ETHEREAL_SCAPE,688,0.000199700,true,1,9,911
F,ETHEREAL_SCAPE,689,0.000281100,true,2,25,878
F,ETHEREAL_SCAPE,690,0.000174200,true,1,9,755
F,ETHEREAL_SCAPE,691,0.000184500,true,1,9,747
F,ETHEREAL_SCAPE,692,0.000187900,true,1,10,797
F,ETHEREAL_SCAPE,693,0.000189600,true,1,9,895
F,ETHEREAL_SCAPE,694,0.000308000,true,2,47,863
F,ETHEREAL_SCAPE,695,0.000333600,true,2,24,1053
F,ETHEREAL_SCAPE,696,0.000211200,true,1,12,934
F,ETHEREAL_SCAPE,697,0.000311100,true,2,33,937
F,ETHEREAL_SCAPE,698,0.000194000,true,1,10,828
F,ETHEREAL_SCAPE,699,0.000193100,true,1,11,780
F,ETHEREAL_SCAPE,700,0.000203900,true,1,14,870
F,ETHEREAL_SCAPE,701,0.000196600,true,1,10,829
F,ETHEREAL_SCAPE,702,0.000181200,true,1,9,751
F,ETHEREAL_SCAPE,703,0.000174300,true,1,9,680
F,ETHEREAL_SCAPE,704,0.000200500,true,1,10,841
F,ETHEREAL_SCAPE,705,0.000186200,true,1,9,826
F,ETHEREAL_SCAPE,706,0.000184200,true,1,10,770
F,ETHEREAL_SCAPE,707,0.000205500,true,1,13,910
F,ETHEREAL_SCAPE,708,0.000182500,true,1,10,758
F,ETHEREAL_SCAPE,709,0.000267700,true,2,28,791
F,ETHEREAL_SCAPE,710,0.000188500,true,1,9,776
F,ETHEREAL_SCAPE,711,0.000629900,true,5,106,1158
F,ETHEREAL_SCAPE,712,0.000190100,true,1,10,872
F,ETHEREAL_SCAPE,713,0.000170700,true,1,9,805
F,ETHEREAL_SCAPE,714,0.000224100,true,1,15,994
F,ETHEREAL_SCAPE,715,0.000270900,true,2,24,848
F,ETHEREAL_SCAPE,716,0.000176900,true,1,9,755
F,ETHEREAL_SCAPE,717,0.000180000,true,1,10,726
F,ETHEREAL_SCAPE,718,0.000286000,true,2,22,1030
F,ETHEREAL_SCAPE,719,0.000177300,true,1,9,755
F,ETHEREAL_SCAPE,720,0.000184200,true,1,10,860
F,ETHEREAL_SCAPE,721,0.000173400,true,1,9,805
F,ETHEREAL_SCAPE,722,0.000184000,true,1,10,806
F,ETHEREAL_SCAPE,723,0.000181000,true,1,9,807
F,ETHEREAL_SCAPE,724,0.000218900,true,1,16,1024
F,ETHEREAL_SCAPE,725,0.000186400,true,1,9,826
F,ETHEREAL_SCAPE,726,0.000306500,true,2,45,974
F,ETHEREAL_SCAPE,727,0.000277100,true,2,23,899
F,ETHEREAL_SCAPE,728,0.000262100,true,2,16,831
F,ETHEREAL_SCAPE,729,0.000177400,true,1,9,774
F,ETHEREAL_SCAPE,730,0.000185400,true,1,11,827
F,ETHEREAL_SCAPE,731,0.000173900,true,1,9,772
F,ETHEREAL_SCAPE,732,0.000183700,true,1,11,768
F,ETHEREAL_SCAPE,733,0.000180100,true,1,9,776
F,ETHEREAL_SCAPE,734,0.000187600,true,1,9,895
F,ETHEREAL_SCAPE,735,0.000168400,true,1,9,751
F,ETHEREAL_SCAPE,736,0.000175300,true,1,9,755
F,ETHEREAL_SCAPE,737,0.000185600,true,1,11,759
F,ETHEREAL_SCAPE,738,0.000171000,true,1,10,735
F,ETHEREAL_SCAPE,739,0.000246600,true,1,10,829
F,ETHEREAL_SCAPE,740,0.000187600,true,1,9,818
F,ETHEREAL_SCAPE,741,0.000280500,true,2,42,846
F,ETHEREAL_SCAPE,742,0.000264600,true,2,23,800
F,ETHEREAL_SCAPE,743,0.000204200,true,1,12,932
F,ETHEREAL_SCAPE,744,0.000202600,true,1,9,818
F,ETHEREAL_SCAPE,745,0.000208200,true,1,10,773
F,ETHEREAL_SCAPE,746,0.000216600,true,1,15,810
F,ETHEREAL_SCAPE,747,0.000183000,true,1,9,734
F,ETHEREAL_SCAPE,748,0.000217500,true,1,9,740
F,ETHEREAL_SCAPE,749,0.000269600,true,1,9,792
F,ETHEREAL_SCAPE,750,0.000195100,true,1,10,695
F,ETHEREAL_SCAPE,751,0.000226100,true,1,10,778
F,ETHEREAL_SCAPE,752,0.000354000,true,2,44,860
F,ETHEREAL_SCAPE,753,0.000179500,true,1,10,793
F,ETHEREAL_SCAPE,754,0.000185700,true,1,9,825
F,ETHEREAL_SCAPE,755,0.000294300,true,2,21,848
F,ETHEREAL_SCAPE,756,0.000211200,true,1,12,929
F,ETHEREAL_SCAPE,757,0.000198100,true,1,9,812
F,ETHEREAL_SCAPE,758,0.000199200,true,1,11,960
F,ETHEREAL_SCAPE,759,0.000182900,true,1,9,751
F,ETHEREAL_SCAPE,760,0.000225300,true,1,11,807
F,ETHEREAL_SCAPE,761,0.000188900,true,1,9,812
F,ETHEREAL_SCAPE,762,0.000203400,true,1,12,1019
F,ETHEREAL_SCAPE,763,0.000225600,true,1,11,845
F,ETHEREAL_SCAPE,764,0.000195100,true,1,9,766
F,ETHEREAL_SCAPE,765,0.000212900,true,1,11,782
F,ETHEREAL_SCAPE,766,0.000382500,true,1,9,814
F,ETHEREAL_SCAPE,767,0.000372500,true,1,9,747
F,ETHEREAL_SCAPE,768,0.000319300,true,1,11,770
F,ETHEREAL_SCAPE,769,0.000362500,true,1,10,779
F,ETHEREAL_SCAPE,770,0.000368700,true,1,11,923
F,ETHEREAL_SCAPE,771,0.000351900,true,2,27,868
F,ETHEREAL_SCAPE,772,0.000185000,true,1,9,751
F,ETHEREAL_SCAPE,773,0.000594700,true,4,85,1348
F,ETHEREAL_SCAPE,774,0.000174300,true,1,9,766
F,ETHEREAL_SCAPE,775,0.000177200,true,1,10,819
F,ETHEREAL_SCAPE,776,0.000463800,true,4,54,979
F,ETHEREAL_SCAPE,777,0.000181300,true,1,9,789
F,ETHEREAL_SCAPE,778,0.000185800,true,1,12,760
F,ETHEREAL_SCAPE,779,0.000405800,true,3,63,1156
F,ETHEREAL_SCAPE,780,0.000183300,true,1,10,798
F,ETHEREAL_SCAPE,781,0.000180600,true,1,9,812
F,ETHEREAL_SCAPE,782,0.000189700,true,1,9,849
F,ETHEREAL_SCAPE,783,0.000188600,true,1,14,747
F,ETHEREAL_SCAPE,784,0.000173700,true,1,9,755
F,ETHEREAL_SCAPE,785,0.000261300,true,2,28,780
F,ETHEREAL_SCAPE,786,0.000281000,true,2,30,896
F,ETHEREAL_SCAPE,787,0.000169700,true,1,9,775
F,ETHEREAL_SCAPE,788,0.000195600,true,1,10,798
F,ETHEREAL_SCAPE,789,0.000214000,true,1,13,898
F,ETHEREAL_SCAPE,790,0.000235300,true,1,10,860
F,ETHEREAL_SCAPE,791,0.000198500,true,1,13,747
F,ETHEREAL_SCAPE,792,0.000182900,true,1,11,773
F,ETHEREAL_SCAPE,793,0.000312000,true,2,47,771
F,ETHEREAL_SCAPE,794,0.000175400,true,1,9,788
F,ETHEREAL_SCAPE,795,0.000347500,true,1,15,1188
F,ETHEREAL_SCAPE,796,0.000206000,true,1,14,885
F,ETHEREAL_SCAPE,797,0.000177000,true,1,9,776
F,ETHEREAL_SCAPE,798,0.000208200,true,1,13,941
F,ETHEREAL_SCAPE,799,0.000195200,true,1,9,826
F,ETHEREAL_SCAPE,800,0.000196300,true,1,12,942
F,ETHEREAL_SCAPE,801,0.000183700,true,1,10,776
F,ETHEREAL_SCAPE,802,0.000195400,true,1,10,772
F,ETHEREAL_SCAPE,803,0.000168500,true,1,9,775
F,ETHEREAL_SCAPE,804,0.000269800,true,2,22,814
F,ETHEREAL_SCAPE,805,0.000184500,true,1,9,818
F,ETHEREAL_SCAPE,806,0.000329100,true,2,30,947
F,ETHEREAL_SCAPE,807,0.000259900,true,2,23,795
F,ETHEREAL_SCAPE,808,0.000168000,true,1,10,765
F,ETHEREAL_SCAPE,809,0.000374200,true,3,43,923
F,ETHEREAL_SCAPE,810,0.000180000,true,1,9,807
F,ETHEREAL_SCAPE,811,0.000176300,true,1,9,793
F,ETHEREAL_SCAPE,812,0.000414700,true,3,59,1061
F,ETHEREAL_SCAPE,813,0.000199800,true,1,12,792
F,ETHEREAL_SCAPE,814,0.000179000,true,1,10,767
F,ETHEREAL_SCAPE,815,0.000183000,true,1,10,795
F,ETHEREAL_SCAPE,816,0.000233000,true,2,15,763
F,ETHEREAL_SCAPE,817,0.000180800,true,1,9,826
F,ETHEREAL_SCAPE,818,0.000207100,true,1,12,921
F,ETHEREAL_SCAPE,819,0.000179300,true,1,10,797
F,ETHEREAL_SCAPE,820,0.000209100,true,1,12,932
F,ETHEREAL_SCAPE,821,0.000189700,true,1,11,828
F,ETHEREAL_SCAPE,822,0.000180800,true,1,9,826
F,ETHEREAL_SCAPE,823,0.000175300,true,1,11,768
F,ETHEREAL_SCAPE,824,0.000176300,true,1,10,809
F,ETHEREAL_SCAPE,825,0.000257200,true,2,22,850
F,ETHEREAL_SCAPE,826,0.000178400,true,1,10,758
F,ETHEREAL_SCAPE,827,0.000187700,true,1,9,830
F,ETHEREAL_SCAPE,828,0.000169900,true,1,11,692
F,ETHEREAL_SCAPE,829,0.000216300,true,1,15,933
F,ETHEREAL_SCAPE,830,0.000176300,true,1,9,764
F,ETHEREAL_SCAPE,831,0.000240100,true,1,13,976
F,ETHEREAL_SCAPE,832,0.000190800,true,1,9,730
F,ETHEREAL_SCAPE,833,0.000235000,true,1,17,954
F,ETHEREAL_SCAPE,834,0.000204900,true,1,9,812
F,ETHEREAL_SCAPE,835,0.000342700,true,2,31,907
F,ETHEREAL_SCAPE,836,0.000208700,true,1,11,829
F,ETHEREAL_SCAPE,837,0.000255800,true,1,13,882
F,ETHEREAL_SCAPE,838,0.000310000,true,1,9,715
F,ETHEREAL_SCAPE,839,0.000281200,true,1,14,977
F,ETHEREAL_SCAPE,840,0.000608300,true,1,11,779
F,ETHEREAL_SCAPE,841,0.001340200,true,4,80,1080
F,ETHEREAL_SCAPE,842,0.000260500,true,1,9,772
F,ETHEREAL_SCAPE,843,0.000207300,true,1,9,747
F,ETHEREAL_SCAPE,844,0.000191700,true,1,10,806
F,ETHEREAL_SCAPE,845,0.000209200,true,1,10,828
F,ETHEREAL_SCAPE,846,0.000210100,true,1,9,762
F,ETHEREAL_SCAPE,847,0.000184200,true,1,9,776
F,ETHEREAL_SCAPE,848,0.000269200,true,2,39,800
F,ETHEREAL_SCAPE,849,0.000202100,true,1,9,740
F,ETHEREAL_SCAPE,850,0.000366800,true,2,46,983
F,ETHEREAL_SCAPE,851,0.000343800,true,1,10,647
F,ETHEREAL_SCAPE,852,0.000434700,true,1,10,773
F,ETHEREAL_SCAPE,853,0.000509200,true,2,16,843
F,ETHEREAL_SCAPE,854,0.000438900,true,1,11,802
F,ETHEREAL_SCAPE,855,0.000509000,true,2,18,1005
F,ETHEREAL_SCAPE,856,0.000229900,true,1,11,814
F,ETHEREAL_SCAPE,857,0.000398800,true,2,53,1263
F,ETHEREAL_SCAPE,858,0.000186100,true,1,9,818
F,ETHEREAL_SCAPE,859,0.000239200,true,1,16,1122
F,ETHEREAL_SCAPE,860,0.000255400,true,2,19,792
F,ETHEREAL_SCAPE,861,0.000170900,true,1,10,757
F,ETHEREAL_SCAPE,862,0.000220700,true,1,15,955
F,ETHEREAL_SCAPE,863,0.000191300,true,1,10,808
F,ETHEREAL_SCAPE,864,0.000177700,true,1,9,773
F,ETHEREAL_SCAPE,865,0.000295700,true,2,28,909
F,ETHEREAL_SCAPE,866,0.000600500,true,5,85,1304
F,ETHEREAL_SCAPE,867,0.000192900,true,1,10,827
F,ETHEREAL_SCAPE,868,0.000296600,true,2,43,861
F,ETHEREAL_SCAPE,869,0.000168500,true,1,9,734
F,ETHEREAL_SCAPE,870,0.000205200,true,1,12,776
F,ETHEREAL_SCAPE,871,0.000190900,true,1,9,826
F,ETHEREAL_SCAPE,872,0.000189800,true,1,9,796
F,ETHEREAL_SCAPE,873,0.000176100,true,1,9,760
F,ETHEREAL_SCAPE,874,0.000210900,true,1,12,810
F,ETHEREAL_SCAPE,875,0.000195000,true,1,10,793
F,ETHEREAL_SCAPE,876,0.000185900,true,1,10,776
F,ETHEREAL_SCAPE,877,0.000180000,true,1,9,747
F,ETHEREAL_SCAPE,878,0.000179200,true,1,10,776
F,ETHEREAL_SCAPE,879,0.000251300,true,2,17,842
F,ETHEREAL_SCAPE,880,0.000251200,true,1,14,1225
F,ETHEREAL_SCAPE,881,0.000361500,true,2,55,1021
F,ETHEREAL_SCAPE,882,0.000204300,true,1,10,813
F,ETHEREAL_SCAPE,883,0.000194100,true,1,9,692
F,ETHEREAL_SCAPE,884,0.000185300,true,1,9,826
F,ETHEREAL_SCAPE,885,0.000182900,true,1,9,755
F,ETHEREAL_SCAPE,886,0.000192300,true,1,11,826
F,ETHEREAL_SCAPE,887,0.000216100,true,1,9,776
F,ETHEREAL_SCAPE,888,0.000183700,true,1,9,782
F,ETHEREAL_SCAPE,889,0.000203000,true,1,12,833
F,ETHEREAL_SCAPE,890,0.000193700,true,1,10,820
F,ETHEREAL_SCAPE,891,0.000305600,true,2,42,856
F,ETHEREAL_SCAPE,892,0.000181000,true,1,10,764
F,ETHEREAL_SCAPE,893,0.000173500,true,1,9,778
F,ETHEREAL_SCAPE,894,0.000180600,true,1,9,812
F,ETHEREAL_SCAPE,895,0.000207000,true,1,12,989
F,ETHEREAL_SCAPE,896,0.000182000,true,1,10,812
F,ETHEREAL_SCAPE,897,0.000204900,true,1,10,916
F,ETHEREAL_SCAPE,898,0.000188700,true,1,9,826
F,ETHEREAL_SCAPE,899,0.000165000,true,1,9,718
F,ETHEREAL_SCAPE,900,0.000186100,true,1,11,761
F,ETHEREAL_SCAPE,901,0.000191700,true,1,11,977
F,ETHEREAL_SCAPE,902,0.000177000,true,1,9,776
F,ETHEREAL_SCAPE,903,0.000166000,true,1,9,742
F,ETHEREAL_SCAPE,904,0.000183800,true,1,10,827
F,ETHEREAL_SCAPE,905,0.000179400,true,1,10,762
F,ETHEREAL_SCAPE,906,0.000199100,true,1,12,1004
F,ETHEREAL_SCAPE,907,0.000292900,true,2,40,801
F,ETHEREAL_SCAPE,908,0.000389700,true,3,42,1064
F,ETHEREAL_SCAPE,909,0.000169200,true,1,9,762
F,ETHEREAL_SCAPE,910,0.000328000,true,2,48,1100
F,ETHEREAL_SCAPE,911,0.000188200,true,1,10,820
F,ETHEREAL_SCAPE,912,0.000208200,true,1,13,942
F,ETHEREAL_SCAPE,913,0.000201200,true,1,12,873
F,ETHEREAL_SCAPE,914,0.000206900,true,1,9,792
F,ETHEREAL_SCAPE,915,0.000234600,true,1,14,765
F,ETHEREAL_SCAPE,916,0.000267200,true,2,15,825
F,ETHEREAL_SCAPE,917,0.000203500,true,1,9,796
F,ETHEREAL_SCAPE,918,0.000194200,true,1,9,826
F,ETHEREAL_SCAPE,919,0.000269200,true,1,10,778
F,ETHEREAL_SCAPE,920,0.000238200,true,1,12,782
F,ETHEREAL_SCAPE,921,0.000213200,true,1,9,796
F,ETHEREAL_SCAPE,922,0.000248500,true,1,14,989
F,ETHEREAL_SCAPE,923,0.000186400,true,1,10,764
F,ETHEREAL_SCAPE,924,0.000187100,true,1,10,797
F,ETHEREAL_SCAPE,925,0.000220100,true,1,13,971
F,ETHEREAL_SCAPE,926,0.000192800,true,1,10,801
F,ETHEREAL_SCAPE,927,0.000187700,true,1,10,785
F,ETHEREAL_SCAPE,928,0.000301400,true,2,27,879
F,ETHEREAL_SCAPE,929,0.000199200,true,1,10,797
F,ETHEREAL_SCAPE,930,0.000211300,true,1,9,799
F,ETHEREAL_SCAPE,931,0.000286200,true,2,23,987
F,ETHEREAL_SCAPE,932,0.000194900,true,1,9,782
F,ETHEREAL_SCAPE,933,0.000202200,true,1,9,755
F,ETHEREAL_SCAPE,934,0.000202900,true,1,10,822
F,ETHEREAL_SCAPE,935,0.000296500,true,1,13,930
F,ETHEREAL_SCAPE,936,0.000499400,true,2,15,834
F,ETHEREAL_SCAPE,937,0.000417700,true,1,10,828
F,ETHEREAL_SCAPE,938,0.000409400,true,1,12,900
F,ETHEREAL_SCAPE,939,0.000557500,true,2,25,858
F,ETHEREAL_SCAPE,940,0.000272100,true,1,9,762
F,ETHEREAL_SCAPE,941,0.000230900,true,1,9,805
F,ETHEREAL_SCAPE,942,0.000340200,true,2,31,906
F,ETHEREAL_SCAPE,943,0.000232400,true,1,14,933
F,ETHEREAL_SCAPE,944,0.000274000,true,2,18,840
F,ETHEREAL_SCAPE,945,0.000206500,true,1,10,778
F,ETHEREAL_SCAPE,946,0.000202200,true,1,10,829
F,ETHEREAL_SCAPE,947,0.000369900,true,3,37,889
F,ETHEREAL_SCAPE,948,0.000178100,true,1,9,755
F,ETHEREAL_SCAPE,949,0.000176100,true,1,9,755
F,ETHEREAL_SCAPE,950,0.000185800,true,1,10,814
F,ETHEREAL_SCAPE,951,0.000181600,true,1,10,827
F,ETHEREAL_SCAPE,952,0.000203900,true,1,9,776
F,ETHEREAL_SCAPE,953,0.000359100,true,2,42,1157
F,ETHEREAL_SCAPE,954,0.000274500,true,2,28,844
F,ETHEREAL_SCAPE,955,0.000267000,true,2,23,824
F,ETHEREAL_SCAPE,956,0.000179700,true,1,9,776
F,ETHEREAL_SCAPE,957,0.000319800,true,2,32,928
F,ETHEREAL_SCAPE,958,0.000210800,true,1,11,903
F,ETHEREAL_SCAPE,959,0.000180000,true,1,9,775
F,ETHEREAL_SCAPE,960,0.000194400,true,1,14,894
F,ETHEREAL_SCAPE,961,0.000179400,true,1,10,779
F,ETHEREAL_SCAPE,962,0.000178200,true,1,9,796
F,ETHEREAL_SCAPE,963,0.000263600,true,2,22,807
F,ETHEREAL_SCAPE,964,0.000188700,true,1,10,777
F,ETHEREAL_SCAPE,965,0.000195700,true,1,10,824
F,ETHEREAL_SCAPE,966,0.000231200,true,1,13,1067
F,ETHEREAL_SCAPE,967,0.000186500,true,1,9,758
F,ETHEREAL_SCAPE,968,0.000208000,true,1,10,808
F,ETHEREAL_SCAPE,969,0.000349100,true,2,29,1262
F,ETHEREAL_SCAPE,970,0.000305400,true,2,40,796
F,ETHEREAL_SCAPE,971,0.000196000,true,1,9,826
F,ETHEREAL_SCAPE,972,0.000205300,true,1,12,882
F,ETHEREAL_SCAPE,973,0.000194600,true,1,11,876
F,ETHEREAL_SCAPE,974,0.000183700,true,1,10,763
F,ETHEREAL_SCAPE,975,0.000180400,true,1,10,829
F,ETHEREAL_SCAPE,976,0.000185600,true,1,9,812
F,ETHEREAL_SCAPE,977,0.000168100,true,1,9,751
F,ETHEREAL_SCAPE,978,0.000175400,true,1,9,755
F,ETHEREAL_SCAPE,979,0.000268800,true,1,18,1394
F,ETHEREAL_SCAPE,980,0.000186800,true,1,10,777
F,ETHEREAL_SCAPE,981,0.000199400,true,1,13,855
F,ETHEREAL_SCAPE,982,0.000181600,true,1,9,826
F,ETHEREAL_SCAPE,983,0.000173800,true,1,11,740
F,ETHEREAL_SCAPE,984,0.000174300,true,1,9,776
F,ETHEREAL_SCAPE,985,0.000288400,true,2,27,897
F,ETHEREAL_SCAPE,986,0.000188600,true,1,9,812
F,ETHEREAL_SCAPE,987,0.000192000,true,1,9,793
F,ETHEREAL_SCAPE,988,0.000204600,true,1,11,840
F,ETHEREAL_SCAPE,989,0.000193000,true,1,11,808
F,ETHEREAL_SCAPE,990,0.000322900,true,1,9,751
F,ETHEREAL_SCAPE,991,0.000196800,true,1,9,763
F,ETHEREAL_SCAPE,992,0.000190600,true,1,10,829
F,ETHEREAL_SCAPE,993,0.000185600,true,1,9,789
F,ETHEREAL_SCAPE,994,0.000177800,true,1,9,769
F,ETHEREAL_SCAPE,995,0.000193400,true,1,9,831
F,ETHEREAL_SCAPE,996,0.000171300,true,1,10,735
F,ETHEREAL_SCAPE,997,0.000177900,true,1,9,764
F,ETHEREAL_SCAPE,998,0.000196400,true,1,14,831
F,ETHEREAL_SCAPE,999,0.000217100,true,1,9,826
F,ETHEREAL_SCAPE,1000,0.000212800,true,1,9,906
